식사군,음식분류,음식코드,음식명,재료코드,재료명,재료량(g),에너지(kcal),탄수화물(g),지질(g),식물성 지질(g),동물성 지질(g),단백질(g),식물성 단백질(g),동물성 단백질(g),총 식이섬유(g),수용성 식이섬유(g),불용성 식이섬유(g),총당류(g),자당(g),포도당(g),과당(g),유당(g),맥아당(g),갈락토오스(g),수분(g),회분(g),비타민 A (RAE)(μg RAE),비타민 A (RE)(μg RE),레티놀(μg),베타카로틴(μg),비타민 D(μg),비타민 D2 (μg),비타민 D3(μg),비타민 E(mg),비타민 E_α(mg α-TE),알파 토코페롤(mg),베타 토코페롤(mg),감마 토코페롤(mg),델타 토코페롤(mg),알파 토코트리에놀(mg),베타 토코트리에놀(mg),감마 토코트리에놀(mg),델타 토코트리에놀(mg),비타민 K(μg),비타민 K1(μg),비타민 K2(μg),비타민 C(mg),티아민(mg),리보플라빈(mg),나이아신(mg),나이아신(NE)(mg),니코틴산 (mg),니코틴아마이드(mg),비타민 B6(mg),엽산(μg DFE),엽산 - 식품 엽산(μg),엽산 - 첨가 엽산(μg),비타민 B12(μg),판토텐산(mg),비오틴(μg),피리독신(mg),칼슘(mg),식물성 칼슘(mg),동물성 칼슘(mg),인(mg),나트륨(mg),염소(mg),칼륨(mg),마그네슘(mg),철(mg),식물성 철(mg),동물성 철(mg),아연(mg),구리(μg),불소(mg),망간(mg),요오드(μg),셀레늄(μg),코발트(μg),몰리브덴(μg),콜레스테롤(mg),총지방산(g),총 포화지방산 (g),총 단일불포화지방산(g),총 다가불포화지방산(g),총 필수 지방산(g),오메가3지방산(g),오메가6지방산(g),부티르산(4:0)(g),카프로산(6:0)(g),카프릴산(8:0)(g),카프르산(10:0)(g),데세노산(10:1)(g),라우르산(12:0)(g),트라이데칸산(13:0)(g),미리스트산(14:0)(g),미리스톨레산(14:1)(g),펜타데칸산(15:0)(g),팔미트산(16:0)(g),팔리톨레산(16:1)(g),헵타데칸산(17:0)(g),헵타데센산(17:1)(g),스테아르산(18:0)(g),올레산(18:1)(g),박센산(18:1(n-7))(g),리놀레산(18:2(n-6))(g),알파리놀렌산(18:3(n-3))(g),감마리놀렌산(18:3(n-6))(g),스테아리돈산(18:4(n-3))(g),아라키드산(20:0)(g),가돌레산(20:1)(g),에이코사디에노산(20:2(n-6))(g),에이코사트리엔산(20:3(n-3))(g),에이코사트리에노산(20:3(n-6))(g),에이코사테르라에노산(20:4(n-3))(g),아라키돈산(20:4(n-6))(g),에이코펜타에노산(20:5(n-3))(g),헨에이코산산(21:0)(g),베헨산(22:0)(g),에루크산(22:1)(g),도코사디엔산(22:2)(g),도코사펜타에노산(22:5(n-3))(g),도코사펜타에노산(22:5(n-6))(g),도코사헥사에노산(22:6(n-3))(g),트리코산산(23:0)(g),리그노세르산(24:0)(g),네르본산(24:1)(g),총 트랜스지방산(g),트랜스 올레산(18:1(n-9)t)(g),트랜스 리놀레산 (18:2t)(g),트랜스 리놀렌산(18:3t)(g),총 아미노산(mg),필수아미노산(mg),비필수 아미노산(mg),이소루신(mg),루신(mg),라이신(mg),메티오닌(mg),페닐알라닌(mg),트레오닌(mg),트립토판(mg),발린(mg),히스티딘(mg),아르기닌(mg),티로신(mg),시스테인(mg),알라닌(mg),아스파르트산(mg),글루탐산(mg),글리신(mg),프롤린(mg),세린(mg),타우린(mg),함황아미노산 (mg),방향족아미노산(mg),곁가지아미노산(mg)
3,4,246028,가자미허브구이_HS,1610370001b,파슬리: 말린것,0.2,0.584,0.10128,0.01096,0.01096,0,0.05326,0.05326,0,0.0534,0,0,0.01454,0.00818,0.00552,8.40E-04,0,0,0,0.01178,0.02272,0.192,0.384,0,2.304,0,0,0,0.02102,0.018246,0.01792,4.00E-05,0.00306,0,0,0,0,0,2.719,2.719,0,0.25,3.92E-04,0.004766,0.019886,0.035720002,0,0,0.0018,0.36,0.36,0,0,0.002124,0,0,2.28,2.28,0,0.872,0.904,0,5.366,0.8,0.04408,0.04408,0,0.01088,1.56,0,0.01962,0,0.0282,0,0,0,0.01053,0.002754,0.001528,0.006248,0.0062160003,0.00372,0.002528,0,0,0,0,0,0,0,0,0,0,0.002446,0,0,0,1.16E-04,0.001528,0,0.002496,0.00372,3.20E-05,0,1.00E-05,0,0,0,0,0,0,0,0,5.60E-05,0,0,0,0,0,0,1.26E-04,0,0,0,0,0,59.852,29.818,30.034,3.092,5.588,4.196,1.192,3.424,2.386,0.95,4.042,1.436,3.512,2.318,0.596,3.556,6.338,7.376,3.512,4.02,2.318,0,1.788,6.692,12.722
3,4,246028,가자미허브구이_HS,1110060000a,가자미: 생것,60,77.4,0.18,2.22,0,2.22,13.26,0,13.26,0,0,0,0,0,0,0,0,0,0,43.38,0.96,4.8,4.8,4.8,0,0,0,0,0,0,0,0,0,0,0,0,0,0,0,0,0,1.2,0.108,0.156,2.58,0,0,0,0,0,0,0,0,0,0,0,24,0,24,117.6,138,0,226.2,20.9622,0.42,0,0.42,0.5988,0,0,0,0,0,0,0,0,1.2168,0.4446,0.3948,0.3774,0.012,0.3672,0.0096,0,0,0,0,0,0,0,0.0018,0,0,0.3636,0,0,0,0.0792,0.3948,0,0.0078,0.0042,0.0018,0,0,0,0,0,0,0,0,0.1836,0,0,0,0,0,0,0.18,0,0,0,0,0,0,0,0,0,0,0,0,0,0,0,0,0,0,0,0,0,0,0,0,0,0,0,0,0,0,0,0
3,4,246028,가자미허브구이_HS,1610180001a,소금: 식염,1,0,0,0,0,0,0,0,0,0,0,0,0,0,0,0,0,0,0,0.003,0.997,0,0,0,0,0,0,0,0,0,0,0,0,0,0,0,0,0,0,0,0,0,0,0,0,0,0,0,0,0,0,0,0,0,0,0,0.4,0.4,0,0,335.97,0,1.35,0.24,0.002,0.002,0,0,0,0,0,0,0,0,0,0,0,0,0,0,0,0,0,0,0,0,0,0,0,0,0,0,0,0,0,0,0,0,0,0,0,0,0,0,0,0,0,0,0,0,0,0,0,0,0,0,0,0,0,0,0,0,0,0,0,0,0,0,0,0,0,0,0,0,0,0,0,0,0,0,0,0,0,0,0,0,0,0,0,0,0
3,2,246039,감자양파국_HS,0611100100a,양파: 국내산: 생것,20,5.8,1.334,0.008,0.008,0,0.19,0.19,0,0.34,0,0.34,1.148,0.13,0.55799997,0.46,0,0,0,18.4,0.066,0.0334,0.0666,0,0.4,0,0,0,0,0,0,0,0,0,0,0,0,0,0,0,0,1.176,0.007,0.0022,0.0198,0.057200003,0.019000001,8.00E-04,0,2.2,2.2,0,0,0.0212,0.114,0.0022,3,3,0,5.4,0.6,0,29,1.6,0.04,0.04,0,0.03,1.4,0,0.0352,0,0.234,0,0.106,0,0.0076,0.0022,0.0012,0.0042,0.0035999997,2.00E-04,0.004,0,0,0,0,0,0,0,0,0,0,0.0018,0,0,0,2.00E-04,0.0012,0,0.0034,2.00E-04,4.00E-04,0,0,0,0,0,0,0,0,0,0,0,0,0,0,0,0,0,4.00E-04,0,0,0,0,0,148,73.6,74.4,3.8,7.4,9,1.2,6,4.2,2.2,4.8,2.6,32.4,3,1.8,3.6,15,40.4,4,2.8,3.8,0,3,11.2,16
3,2,246039,감자양파국_HS,0210010000a,감자: 생것,50,31.5,6.95,0,0,0,1.2,1.2,0,0.35,0,0.35,0,0,0,0,0,0,0,41.35,0.5,0.125,0.25,0,1.5,0,0,0,0,0,0,0,0,0,0,0,0,0,0.95,0,0,4,0.13,0.02,0.2,0,0,0,0.065,13.65,0,0,0,0.148,0,0,2,2,0,31.5,1.5,0,242.5,3.5,0.3,0.3,0,0.25,27.05,0,0.05,0,0.15,0,0,0,0.032,0.015,5.00E-04,0.0165,0.0165,0.003,0.0135,0,0,0,0,0,0.001,0,0,0,0,0.0095,0,0,0,0.0035,5.00E-04,0,0.0135,0.003,0,0,5.00E-04,0,0,0,0,0,0,0,0,0,0,0,0,0,0,0,0.001,0,0,0,0,0,885.62006,353.515,532.105,38.385,53.095,49.815,12.535,41.04,32.69,0,57.495,12.885,55.575,32.58,15.65,37.86,205.515,167.055,22.45,26.055,24.94,0,28.185,73.62,148.975
3,2,246039,감자양파국_HS,0910020028a,쇠고기: 한우: 양지  생것 ,20,50.6,0,3.718,0,3.718,3.716,0,3.716,0,0,0,0,0,0,0,0,0,0,12.2,0.166,2.4,2.4,2.4,0,0,0,0,0.032,0.031999998,0.031999998,0,0,0,0,0,0,0,0,0,0,0.186,0.0018,0.049,0.4602,1.0628,0,0.4602,0,0,0,0,0.274,0.021,0.52,0.0028000001,1,0,1,32.6,11,0,53,3.6,0.384,0,0.384,0.964,7,0,0,0.122,4.758,0,0.124,13.098,2.8104,1.1518,1.4908,0.0792,0.0588,0.0042,0.0748,0,0,0,0.0018,0,0.0042,4.00E-04,0.1148,0.0406,0.0088,0.758,0.1794,0.0168,0,0.2448,1.1882,0.073400006,0.0558,0.003,0.0026,0,0.0014,0.0088,0.0012,0,0.0054,0,0.0098,0,4.00E-04,4.00E-04,6.00E-04,0,0.0012,0,0,2.00E-04,2.00E-04,0,0.088599995,0.063200004,0.0196,0.0058,3344.8,1653,1691.8,140.8,291.2,310,83,145.8,155,36.2,155.6,126.8,208.6,128,38.8,210.2,315.6,527.6,180.6,152.6,138.4,0,121.8,310,587.6
3,2,246039,감자양파국_HS,0611570200a,파: 대파,5,1.15,0.24,0.0075,0.0075,0,0.089,0.089,0,0.08,0.01,0.07,0.1315,0.0019999999,0.0615,0.0625,0,0,0.0055,4.64,0.0235,1.15415,2.30835,0,13.85,0,0,0,0,0,0,0,0,0,0,0,0,0,4.377,4.377,0,0.1775,0.0033,0.0047,0.00715,0.0116,0.0037500001,0.0034000003,0,1,1,0,0,0.04185,0,7.00E-04,1.2,1.2,0,1.5,0,0,9.05,0.5,0.041,0.041,0,0.0395,1,0,0.03765,0.469,0,0,0.0955,0,0.00725,0.00325,4.00E-04,0.0036,0.0036,0.00125,0.00235,0,0,0,0,0,1.00E-04,0,5.00E-05,0,0,0.00185,0,0,0,0.00105,4.00E-04,0,0.00235,0.00125,0,0,5.00E-05,0,0,0,0,0,0,0,5.00E-05,1.00E-04,0,0,0,0,0,0,0,0,0,0,0,0,54.1,20.4,33.7,1.75,3.55,2.5,0.6,2.25,3.1,0.25,2.35,1.2,2.85,1.65,0.55,2.4,7.15,14.7,1.95,1.25,4.05,0,1.15,4.15,7.65
3,2,246039,감자양파국_HS,1610180001a,소금: 식염,2,0,0,0,0,0,0,0,0,0,0,0,0,0,0,0,0,0,0,0.006,1.994,0,0,0,0,0,0,0,0,0,0,0,0,0,0,0,0,0,0,0,0,0,0,0,0,0,0,0,0,0,0,0,0,0,0,0,0.8,0.8,0,0,671.94,0,2.7,0.48,0.004,0.004,0,0,0,0,0,0,0,0,0,0,0,0,0,0,0,0,0,0,0,0,0,0,0,0,0,0,0,0,0,0,0,0,0,0,0,0,0,0,0,0,0,0,0,0,0,0,0,0,0,0,0,0,0,0,0,0,0,0,0,0,0,0,0,0,0,0,0,0,0,0,0,0,0,0,0,0,0,0,0,0,0,0,0,0,0
3,2,246039,감자양파국_HS,0610500100a,마늘: 국내산: 생것,1,1.28,0.2642,0.0016,0.0016,0,0.0745,0.0745,0,0.038,0.016,0.023,0.0023,0,0.0023,0,0,0,0,0.648,0.0121,0,0,0,0,0,0,0,0.002,0.002,0.002,0,0,0,0,0,0,0,0,0,0,0.0845,0.00145,0.00161,0.00498,0.00795,0.00468,3.00E-04,0,0.92,0.92,0,0,0.01084,0.0384,0.0010800001,0.12,0.12,0,1.56,0.03,0,5.31,0.24,0.0078,0.0078,0,0.0066,0.35,0,0.00251,0.0111,0.0346,0,0.1079,0,0.00148,5.50E-04,1.80E-04,7.60E-04,7.60E-04,0,7.60E-04,0,0,0,0,0,0,0,2.00E-05,0,0,4.90E-04,0,0,0,2.00E-05,1.70E-04,0,7.60E-04,0,0,0,0,0,0,0,0,0,0,0,0,1.00E-05,0,0,0,0,0,0,1.00E-05,0,0,0,0,0,52.74,26.55,26.19,1,1.96,2.07,0.46,1.68,1.39,0.18,1.71,0.93,15.17,1.18,1.08,1.46,7.43,10.67,1.5,1.12,1.75,0,1.54,3.04,4.67
1,12,246075,갓절임무침_HS,1610200001i,식초: 양조식초,2,0.02,0.0068,0,0,0,4.00E-04,4.00E-04,0,0,0,0,0,0,0,0,0,0,0,1.992,8.00E-04,0,0,0,0,0,0,0,4.00E-04,8.00E-05,0,0,2.00E-04,0,2.00E-04,0,0,0,0,0,0,0,3.00E-04,0,1.20E-04,1.20E-04,0,1.20E-04,0,0,0,0,0,0,0,0,0.06,0.06,0,0.22,0.02,0,0.04,0.02,0,0,0,0,0,0,4.80E-04,0,0.0068,0,6.00E-04,0,6.00E-05,4.00E-05,2.00E-05,2.00E-05,2.00E-05,0,2.00E-05,0,0,0,0,0,0,0,0,0,0,2.00E-05,0,0,0,2.00E-05,2.00E-05,0,2.00E-05,0,0,0,0,0,0,0,0,0,0,0,0,0,0,0,0,0,0,0,0,0,0,0,0,0,0,0,0,0,0,0,0,0,0,0,0,0,0,0,0,0,0,0,0,0,0,0,0,0,0
1,12,246075,갓절임무침_HS,0310050003a,설탕: 백설탕,1,3.87,0.9996,1.00E-04,1.00E-04,0,0,0,0,0,0,0,0.997,0.997,0,0,0,0,0,0,3.00E-04,0,0,0,0,0,0,0,0,0,0,0,0,0,0,0,0,0,0,0,0,0,0,0.00594,0,0,0,0,0,0,0,0,0,0.0011,0,0,0.04,0.04,0,0,0.01,0,0.01,0.01,0.0013,0.0013,0,0,0,0,0,0,0.0171,0,0.0503,0,8.00E-05,8.00E-05,0,0,0,0,0,0,0,0,0,0,0,0,6.00E-05,0,0,2.00E-05,0,0,0,1.00E-05,0,0,0,0,0,0,0,0,0,0,0,0,0,0,0,0,0,0,0,0,0,0,0,0,0,0,0,0,0.02,0,0.02,0,0,0,0,0,0,0,0,0,0,0,0.02,0,0,0,0,0,0,0,0.02,0,0
1,12,246075,갓절임무침_HS,0610500100a,마늘: 국내산: 생것,2,2.56,0.5284,0.0032,0.0032,0,0.149,0.149,0,0.076,0.032,0.046,0.0046,0,0.0046,0,0,0,0,1.296,0.0242,0,0,0,0,0,0,0,0.004,0.004,0.004,0,0,0,0,0,0,0,0,0,0,0.169,0.0029,0.00322,0.00996,0.0159,0.00936,6.00E-04,0,1.84,1.84,0,0,0.02168,0.0768,0.0021600001,0.24,0.24,0,3.12,0.06,0,10.62,0.48,0.0156,0.0156,0,0.0132,0.7,0,0.00502,0.0222,0.0692,0,0.2158,0,0.00296,0.0011,3.60E-04,0.00152,0.0015199999,0,0.00152,0,0,0,0,0,0,0,4.00E-05,0,0,9.80E-04,0,0,0,4.00E-05,3.40E-04,0,0.00152,0,0,0,0,0,0,0,0,0,0,0,0,2.00E-05,0,0,0,0,0,0,2.00E-05,0,0,0,0,0,105.48,53.1,52.38,2,3.92,4.14,0.92,3.36,2.78,0.36,3.42,1.86,30.34,2.36,2.16,2.92,14.86,21.34,3,2.24,3.5,0,3.08,6.08,9.34
1,12,246075,갓절임무침_HS,1610180001a,소금: 식염,0.5,0,0,0,0,0,0,0,0,0,0,0,0,0,0,0,0,0,0,0.0015,0.4985,0,0,0,0,0,0,0,0,0,0,0,0,0,0,0,0,0,0,0,0,0,0,0,0,0,0,0,0,0,0,0,0,0,0,0,0.2,0.2,0,0,167.985,0,0.675,0.12,0.001,0.001,0,0,0,0,0,0,0,0,0,0,0,0,0,0,0,0,0,0,0,0,0,0,0,0,0,0,0,0,0,0,0,0,0,0,0,0,0,0,0,0,0,0,0,0,0,0,0,0,0,0,0,0,0,0,0,0,0,0,0,0,0,0,0,0,0,0,0,0,0,0,0,0,0,0,0,0,0,0,0,0,0,0,0,0,0
1,12,246075,갓절임무침_HS,1610040001b,고추가루,3,9.57,1.8186,0.252,0.252,0,0.3987,0.3987,0,1.131,0.189,0.942,0.5235,0,0.1932,0.3303,0,0,0,0.375,0.1557,18.40749,36.815,0,220.89,0,0,0,1.0998,0.82725,0.7923,0.0213,0.22469999,0.061499998,0,0,0,0,2.07156,2.0715601,0,0,0.01281,0.06477,0.25299,0.28695,0.02511,0.22788,0,2.85,2.85,0,0,0.00732,2.2566,0.00171,2.37,2.37,0,10.26,0.39,0,76.23,4.65,0.1467,0.1467,0,0.081,20.82,0,0.04395,0.3126,0.1176,0,0.558,0,0.24114,0.04434,0.02757,0.16779,0.16737,0.0108,0.15699,0,0,0,0,0,7.50E-04,0,0.00267,0,9.00E-05,0.03303,0.00168,3.60E-04,0,0.00558,0.02202,0.0036,0.15657,0.0108,3.00E-04,0,7.50E-04,2.40E-04,1.50E-04,0,0,0,0,0,3.00E-05,5.70E-04,0,0,0,0,0,0,5.10E-04,0,0.00147,6.00E-05,0.0012599999,1.50E-04,318.69,118.35,200.34,10.65,21.18,14.22,3.87,12.3,12.99,2.04,14.64,5.64,20.82,9.39,7.5,16.17,67.89,50.94,16.38,22.38,9.69,0,11.37,23.73,46.47
1,12,246075,갓절임무침_HS,1610010004i,간장: 재래간장,3,1.02,0.0741,9.00E-04,9.00E-04,0,0.1776,0.1776,0,0.012,0.012,0,0.0087,0,0.0036,0.0051,0,0,0,2.118,0.6303,0,0,0,0,0,0,0,0,0,0,0,0,0,0,0,0,0,0,0,0,0,0.00423,0.00327,0.02598,0.06321,0.01908,0.0069,7.80E-04,0.96,0.96,0,0.0087,0.01845,0.1635,1.80E-04,1.17,1.17,0,3.63,239.97,0,19.71,6.24,0.0198,0.0198,0,0.0117,0,0,0.01119,0.0633,1.4718,0,1.068,0,3.30E-04,9.00E-05,6.00E-05,1.20E-04,1.20E-04,0,1.20E-04,0,0,0,0,0,0,0,0,0,0,6.00E-05,0,0,0,3.00E-05,6.00E-05,0,1.20E-04,0,0,0,0,0,0,0,0,0,0,0,0,0,0,0,0,0,0,0,0,0,3.00E-05,0,0,3.00E-05,121.56,42.96,78.6,4.35,6.36,9.06,2.19,4.32,4.29,2.22,5.4,2.52,2.25,1.98,0.78,11.43,19.65,27,5.67,6.93,5.16,0,2.97,8.52,16.11
1,12,246075,갓절임무침_HS,0610040000a,갓: 생것,70,25.2,5.11,0.14,0.14,0,2.45,2.45,0,1.96,0,0,0,0,0,0,0,0,0,61.46,0.84,69.0081,138.017,0,828.1,0,0,0,0,0,0,0,0,0,0,0,0,0,0,0,0,94.5,0.168,0.112,0.84,0,0,0,0,0,0,0,0,0,0,0,135.1,135.1,0,41.3,23.1,0,264.6,13.0613,1.89,1.89,0,0.1708,0,0,0,0,0,0,0,0,0.1302,0.0357,0.0014,0.0924,0.016800001,0,0.0924,0,0,0,0,0,0,0,7.00E-04,0,0,0.0294,0,0,0,0.0056,0.0014,0,0.0168,0,0.0763,0,0,0,0,0,0,0,0,0,0,0,0,0,0,0,0,0,0,0,0,0,0,0,0,0,0,0,0,0,0,0,0,0,0,0,0,0,0,0,0,0,0,0,0,0,0,0,0
1,12,246075,갓절임무침_HS,0611570300a,파: 소파(실파),3,0.48,0.096,0.003,0.003,0,0.045,0.045,0,0.0534,0,0,0,0,0,0,0,0,0,2.829,0.027,1.8,3.6,0,21.6,0,0,0,0,0,0,0,0,0,0,0,0,0,0,0,0,0.72,0.0015,0.0024,0.012,0,0,0,0,0,0,0,0,0,0,0,2.25,2.25,0,1.17,0.06,0,8.13,0.39087,0.024,0.024,0,0.01782,0,0,0,0,0,0,0,0,0.00282,7.80E-04,1.20E-04,0.00192,9.90E-04,0,0.00192,0,0,0,0,0,0,0,3.00E-05,0,0,6.60E-04,0,0,0,9.00E-05,1.20E-04,0,9.90E-04,0,9.30E-04,0,0,0,0,0,0,0,0,0,0,0,0,0,0,0,0,0,0,0,0,0,0,0,0,0,0,0,0,0,0,0,0,0,0,0,0,0,0,0,0,0,0,0,0,0,0,0,0
1,12,246075,갓절임무침_HS,1420140000a,참기름,1,9.17,0.0014,0.9959,0.9959,0,0,0,0,0,0,0,0,0,0,0,0,0,0,0.002,7.00E-04,0.0091699995,0.01833,0,0.11,0,0,0,0.4252,0.05777,0.0174,0,0.4019,0.0058999998,0,0,0,0,0.0912,0.0912,0,0,0,7.00E-04,0,0,0,0,0,0,0,0,0,0,0.0383,1.50E-04,0.43,0.43,0,0.99,0.16,0,0.56,0.35,0.0175,0.0175,0,0.0049,0.84,0,0.00156,0,0,0,0,0,0.9557,0.14647,0.38169,0.42463,0.42154998,0.00534,0.41929,0,0,0,0,0,0,0,0,0,0,0.08693,0.00131,6.80E-04,0,0.05138,0.37002,0.00883,0.41621,0.00534,0.00308,0,0.00578,0.00153,0,0,0,0,0,0,0,9.00E-04,0,0,0,0,0,0,8.00E-04,0,0.00291,0,0.00291,0,0.41,0.14,0.27,0.02,0.07,0,0.01,0,0.01,0,0.03,0,0,0,0.02,0.03,0.01,0.05,0.02,0.12,0.02,0,0.03,0,0.12
3,4,246056,건고구마순볶음_HS,0610110001b,고구마줄기: 말린것,35,116.2,26.4355,0.1645,0.1645,0,2.1245,2.1245,0,11.935,2.31,9.625,5.9885,0,3.3214998,2.667,0,0,0,1.715,4.5605,0,0,0,0,0,0,0,0.07,0.04795,0.0455,0,0.0245,0,0,0,0,0,0,0,0,0,0.06895,0.3794,0.4928,0.5754,0.0959,0.39689997,0,7.7,7.7,0,0,0,0,0,408.1,408.1,0,94.5,4.2,0,1728.65,88.2,2.4885,2.4885,0,0.7385,127.05,0,3.13985,1.806,4.9735,0,12.5965,0,0.2471,0.15575,0.00105,0.0903,0.00665,0.00245,0.08785,0,0,0,0.007,0,0.0105,0,0.0063,0,0,0.0812,0,0,0,0.03325,0.00105,0,0.0042,0.00245,0.0833,0,0.01015,0,0,0,0,0,0,0,0,0.00385,0,0,0,0,0,0,0.0035,0,0,0,0,0,1484.35,613.2,871.15,68.95,128.1,71.05,25.55,79.8,77,4.9,87.85,5.6,64.4,24.15,21.35,96.6,246.05,234.15,92.05,67.55,89.25,0,46.9,108.85,284.9
3,4,246056,건고구마순볶음_HS,1420150000a,콩기름,3,27.45,0.0198,2.9793,2.9793,0,0,0,0,0,0,0,0,0,0,0,0,0,0,0,9.00E-04,0,0,0,0,0,0,0,1.4781,0.28785002,0.18030001,0.0243,0.8172,0.4563,0,0,0,0,3.1548,3.1548002,0,0,0,0,0,0,0,0,0,0,0,0,0,0,0,0,0,0,0,0,0,0,0,0,0,0,0,0,0,0,0,0.0792,0.1767,0,0,0,2.84961,0.43851,0.6513,1.71852,1.71852,0.19674,1.52181,0,0,0,0,0,0,0,0.00234,0,0,0.30642,0.00237,0.00243,0,0.10425,0.58488,0.04218,1.52181,0.19674,0,0,0.009,0.02187,0,0,0,0,0,0,0,0.01035,0,0,0,0,0,0,0.00372,0,0.04128,9.00E-04,0.02031,0.020070001,0,0,0,0,0,0,0,0,0,0,0,0,0,0,0,0,0,0,0,0,0,0,0,0,0
3,4,246056,건고구마순볶음_HS,0611570400a,파: 중파,5,1.05,0.212,0.007,0.007,0,0.0865,0.0865,0,0.055,0,0.055,0.0585,0,0.022499999,0.029499998,0,1.00E-03,0.0055,4.65,0.0445,3.6625,7.325,0,43.95,0,0,0,0.026,0.0189,0.018000001,0,0.0055,1.00E-03,1.00E-03,0,5.00E-04,0,6.5975,6.5975,0,0.6845,0.0015,0.00735,0.0058,0.010050001,0.00165,0.00415,0,2.9,2.9,0,0,0.03685,0,1.00E-03,3.6,3.6,0,2.15,0,0,16.2,0.8,0.1325,0.1325,0,0.0365,1.4,0,0.06505,0,0.0345,0,0.1635,0,0.00815,0.0021,2.00E-04,0.0058,0.0044,0.00215,0.00365,0,0,0,0,0,0,0,5.00E-05,0,0,0.00155,0,0,0,1.50E-04,2.00E-04,0,0.00225,0.00215,0.0014,0,5.00E-05,0,0,0,0,0,0,0,5.00E-05,1.00E-04,0,0,0,0,0,0,1.50E-04,0,0,0,0,0,55.4,21.75,33.65,2.85,3.6,2.9,0.5,2.1,3.25,0.25,2.4,1.3,2.6,2,0.5,2.25,6.8,13.8,2.55,1.9,3.85,0,1,4.35,8.85
3,4,246056,건고구마순볶음_HS,0610500100a,마늘: 국내산: 생것,2,2.56,0.5284,0.0032,0.0032,0,0.149,0.149,0,0.076,0.032,0.046,0.0046,0,0.0046,0,0,0,0,1.296,0.0242,0,0,0,0,0,0,0,0.004,0.004,0.004,0,0,0,0,0,0,0,0,0,0,0.169,0.0029,0.00322,0.00996,0.0159,0.00936,6.00E-04,0,1.84,1.84,0,0,0.02168,0.0768,0.0021600001,0.24,0.24,0,3.12,0.06,0,10.62,0.48,0.0156,0.0156,0,0.0132,0.7,0,0.00502,0.0222,0.0692,0,0.2158,0,0.00296,0.0011,3.60E-04,0.00152,0.0015199999,0,0.00152,0,0,0,0,0,0,0,4.00E-05,0,0,9.80E-04,0,0,0,4.00E-05,3.40E-04,0,0.00152,0,0,0,0,0,0,0,0,0,0,0,0,2.00E-05,0,0,0,0,0,0,2.00E-05,0,0,0,0,0,105.48,53.1,52.38,2,3.92,4.14,0.92,3.36,2.78,0.36,3.42,1.86,30.34,2.36,2.16,2.92,14.86,21.34,3,2.24,3.5,0,3.08,6.08,9.34
3,4,246056,건고구마순볶음_HS,0520010004e,참깨: 흰깨: 볶은것,1.5,8.355,0.32745,0.67665,0.67665,0,0.3894,0.3894,0,0.2115,0.0255,0.186,0,0,0,0,0,0,0,0.039,0.0675,0.016245,0.032505,0,0.195,0,0,0,0.3447,0.03579,0.0018,0,0.3387,0.0042,0,0,0,0,0,0,0,0,0.005175,0.04398,0.056205,0.14226,0.05202,0.0041850004,0,2.25,2.25,0,0,0.00942,0,0,12.81,12.81,0,10.53,0.03,0,6.885,5.295,0.09585,0.09585,0,0.07665,16.545,0,0.01956,0,0.04965,0,0.5787,0,0.649485,0.10647,0.26505,0.27714,0.27454498,0.00258,0.27456,0,0,0,0,0,0,0,1.35E-04,0,0,0.062565,9.15E-04,4.95E-04,0,0.03765,0.25683,0.00606,0.271965,0.00258,0.002235,0,0.00414,0.00117,3.60E-04,0,0,0,0,0,0,8.40E-04,0,0,0,0,0,1.35E-04,5.25E-04,7.50E-05,8.25E-04,3.00E-04,3.90E-04,1.35E-04,323.955,151.815,172.14,11.655,23.22,9.21,8.58,15.195,12.075,5.175,14.79,8.46,43.455,11.385,6.72,16.155,27.93,65.325,17.46,11.475,15.69,0,15.3,31.755,49.665
3,4,246056,건고구마순볶음_HS,1610180001a,소금: 식염,1,0,0,0,0,0,0,0,0,0,0,0,0,0,0,0,0,0,0,0.003,0.997,0,0,0,0,0,0,0,0,0,0,0,0,0,0,0,0,0,0,0,0,0,0,0,0,0,0,0,0,0,0,0,0,0,0,0,0.4,0.4,0,0,335.97,0,1.35,0.24,0.002,0.002,0,0,0,0,0,0,0,0,0,0,0,0,0,0,0,0,0,0,0,0,0,0,0,0,0,0,0,0,0,0,0,0,0,0,0,0,0,0,0,0,0,0,0,0,0,0,0,0,0,0,0,0,0,0,0,0,0,0,0,0,0,0,0,0,0,0,0,0,0,0,0,0,0,0,0,0,0,0,0,0,0,0,0,0,0
3,4,246056,건고구마순볶음_HS,1420140000a,참기름,0.5,4.585,7.00E-04,0.49795,0.49795,0,0,0,0,0,0,0,0,0,0,0,0,0,0,0.001,3.50E-04,0.0045849998,0.009165,0,0.055,0,0,0,0.2126,0.028885,0.0087,0,0.20095,0.0029499999,0,0,0,0,0.0456,0.0456,0,0,0,3.50E-04,0,0,0,0,0,0,0,0,0,0,0.01915,7.50E-05,0.215,0.215,0,0.495,0.08,0,0.28,0.175,0.00875,0.00875,0,0.00245,0.42,0,7.80E-04,0,0,0,0,0,0.47785,0.073235,0.190845,0.212315,0.21077499,0.00267,0.209645,0,0,0,0,0,0,0,0,0,0,0.043465,6.55E-04,3.40E-04,0,0.02569,0.18501,0.004415,0.208105,0.00267,0.00154,0,0.00289,7.65E-04,0,0,0,0,0,0,0,4.50E-04,0,0,0,0,0,0,4.00E-04,0,0.001455,0,0.001455,0,0.205,0.07,0.135,0.01,0.035,0,0.005,0,0.005,0,0.015,0,0,0,0.01,0.015,0.005,0.025,0.01,0.06,0.01,0,0.015,0,0.06
2,6,246037,건새우그린빈볶음_HS,0320060001a,물엿,5,16.05,4.1515,0,0,0,0.001,0.001,0,0,0,0,1.1029999,0,0,0,0,1.1029999,0,0.845,0.0025,0,0,0,0,0,0,0,0,0,0,0,0,0,0,0,0,0,0,0,0,0,3.50E-04,0,0,0,0,0,0,0,0,0,0,0,0,0,0,0,0,0,0,0,0,0,0,0,0,0,0,0,0,0,0.0185,0,0,0,0,0,0,0,0,0,0,0,0,0,0,0,0,0,0,0,0,0,0,0,0,0,0,0,0,0,0,0,0,0,0,0,0,0,0,0,0,0,0,0,0,0,0,0,0,0,0,0,0,0,0.7,0.05,0.65,0,0,0,0,0,0.05,0,0,0,0,0,0,0,0.15,0.2,0.15,0,0.15,0,0,0,0
2,6,246037,건새우그린빈볶음_HS,1610050001i,고추장,3,6.51,1.29,0.072,0.072,0,0.177,0.177,0,0.126,0,0,0,0,0,0,0,0,0,1.155,0.246,6.32001,12.64,0,75.84,0,0,0,0,0,0,0,0,0,0,0,0,0,0.222,0,0,0,0.0063,0.0075,0.081,0,0,0,0.0081,0.648,0,0,0,0.00297,0,0,1.65,1.65,0,4.35,75.3,0,12.18,0,0.057,0.057,0,0.0057,4.5,0,0.024,0,0,0,0,0,0,0,0,0,0,0,0,0,0,0,0,0,0,0,0,0,0,0,0,0,0,0,0,0,0,0,0,0,0,0,0,0,0,0,0,0,0,0,0,0,0,0,0,0,0,0,0,0,0,0,0,0,0,0,0,0,0,0,0,0,0,0,0,0,0,0,0,0,0,0,0,0,0,0,0
2,6,246037,건새우그린빈볶음_HS,1420150000a,콩기름,2,18.3,0.0132,1.9862,1.9862,0,0,0,0,0,0,0,0,0,0,0,0,0,0,0,6.00E-04,0,0,0,0,0,0,0,0.9854,0.1919,0.12020001,0.0162,0.5448,0.3042,0,0,0,0,2.1032,2.1032,0,0,0,0,0,0,0,0,0,0,0,0,0,0,0,0,0,0,0,0,0,0,0,0,0,0,0,0,0,0,0,0.0528,0.1178,0,0,0,1.89974,0.29234,0.4342,1.14568,1.14568,0.13116,1.01454,0,0,0,0,0,0,0,0.00156,0,0,0.20428,0.00158,0.00162,0,0.0695,0.38992,0.02812,1.01454,0.13116,0,0,0.006,0.01458,0,0,0,0,0,0,0,0.0069,0,0,0,0,0,0,0.00248,0,0.027520001,6.00E-04,0.01354,0.01338,0,0,0,0,0,0,0,0,0,0,0,0,0,0,0,0,0,0,0,0,0,0,0,0,0
2,6,246037,건새우그린빈볶음_HS,0610500100a,마늘: 국내산: 생것,1,1.28,0.2642,0.0016,0.0016,0,0.0745,0.0745,0,0.038,0.016,0.023,0.0023,0,0.0023,0,0,0,0,0.648,0.0121,0,0,0,0,0,0,0,0.002,0.002,0.002,0,0,0,0,0,0,0,0,0,0,0.0845,0.00145,0.00161,0.00498,0.00795,0.00468,3.00E-04,0,0.92,0.92,0,0,0.01084,0.0384,0.0010800001,0.12,0.12,0,1.56,0.03,0,5.31,0.24,0.0078,0.0078,0,0.0066,0.35,0,0.00251,0.0111,0.0346,0,0.1079,0,0.00148,5.50E-04,1.80E-04,7.60E-04,7.60E-04,0,7.60E-04,0,0,0,0,0,0,0,2.00E-05,0,0,4.90E-04,0,0,0,2.00E-05,1.70E-04,0,7.60E-04,0,0,0,0,0,0,0,0,0,0,0,0,1.00E-05,0,0,0,0,0,0,1.00E-05,0,0,0,0,0,52.74,26.55,26.19,1,1.96,2.07,0.46,1.68,1.39,0.18,1.71,0.93,15.17,1.18,1.08,1.46,7.43,10.67,1.5,1.12,1.75,0,1.54,3.04,4.67
2,6,246037,건새우그린빈볶음_HS,1610010001i,간장: 왜간장(개량간장),1,0.54,0.0559,0.0019,0.0019,0,0.0741,0.0741,0,0.009,0.007,0.001,0.0278,0.0069999998,0.0098,0.0109,0,0,0,0.72,0.1486,0,0,0,0,0,0,0,0,0,0,0,0,0,0,0,0,0,0,0,0,0,0.00193,0.00536,0.03126,0.03574,0.01749,0.01377,0,0.3,0.3,0,0,0.00592,0.0262,0,0.25,0.25,0,1.27,54.76,0,4.22,0.47,0.0109,0.0109,0,0.0038,0,0,0.00638,0.0118,0.3067,0,0.2027,0,6.00E-05,3.00E-05,1.00E-05,1.00E-05,1.00E-05,0,1.00E-05,0,0,0,0,0,0,0,0,0,0,1.00E-05,0,0,0,1.00E-05,1.00E-05,0,1.00E-05,0,0,0,0,0,0,0,0,0,0,0,0,0,0,0,0,0,0,0,0,0,1.00E-05,0,0,1.00E-05,51.74,22.6,29.14,2.43,4.23,1.52,0.55,2.23,2.03,0.27,2.31,1.09,5.94,0.94,0.62,3.4,4.19,12.3,4.65,0,3.04,0,1.17,3.44,8.97
2,6,246037,건새우그린빈볶음_HS,1420140000a,참기름,1,9.17,0.0014,0.9959,0.9959,0,0,0,0,0,0,0,0,0,0,0,0,0,0,0.002,7.00E-04,0.0091699995,0.01833,0,0.11,0,0,0,0.4252,0.05777,0.0174,0,0.4019,0.0058999998,0,0,0,0,0.0912,0.0912,0,0,0,7.00E-04,0,0,0,0,0,0,0,0,0,0,0.0383,1.50E-04,0.43,0.43,0,0.99,0.16,0,0.56,0.35,0.0175,0.0175,0,0.0049,0.84,0,0.00156,0,0,0,0,0,0.9557,0.14647,0.38169,0.42463,0.42154998,0.00534,0.41929,0,0,0,0,0,0,0,0,0,0,0.08693,0.00131,6.80E-04,0,0.05138,0.37002,0.00883,0.41621,0.00534,0.00308,0,0.00578,0.00153,0,0,0,0,0,0,0,9.00E-04,0,0,0,0,0,0,8.00E-04,0,0.00291,0,0.00291,0,0.41,0.14,0.27,0.02,0.07,0,0.01,0,0.01,0,0.03,0,0,0,0.02,0.03,0.01,0.05,0.02,0.12,0.02,0,0.03,0,0.12
2,6,246037,건새우그린빈볶음_HS,0410010002a,강낭콩: 생것,45,77.4,14.571,0.387,0.387,0,3.96,3.96,0,6.345,0.9,5.445,0,0,0,0,0,0,0,25.245,0.837,1.9876499,3.97485,0,23.85,0,0,0,0.387,0.0792,0.045,0,0.342,0,0,0,0,0,0.7605,0.7605,0,0.954,0.20205,0.0558,0.84645,1.6852499,0.087749995,0.7587,0,28.35,28.35,0,0,0,0,0.026999999,22.05,22.05,0,126.45,0,0,328.5,40.05,1.3995,1.3995,0,0.6705,137.7,0,0.3996,0,1.8765,0,107.951,0,0.49275,0.09945,0.04365,0.34965,0.2241,0.1206,0.22905,0,0,0,0,0,0,0,4.50E-04,0,4.50E-04,0.0783,0,0,0,0.01035,0.0342,0.00945,0.10395,0.1206,0.1251,0,0.0018,0,0,0,0,0,0,0,0,0.00315,0,0,0,0,0,0,0.0045,0,0,0,0,0,3763.8,1780.65,1983.15,156.6,310.05,270.45,42.75,218.25,182.7,50.4,200.25,110.25,238.95,124.65,38.25,174.6,454.5,615.15,161.1,171,243.9,0,81,393.3,666.9
2,6,246037,건새우그린빈볶음_HS,1130041201b,새우: 잔새우: 말린 것,2,5.76,0.074,0.068,0,0.068,1.134,0,1.134,0,0,0,0,0,0,0,0,0,0,0.368,0.326,0,0,0,0,0,0,0,0,0,0,0,0,0,0,0,0,0,0,0,0,0,0.0032,0.0018,0.114,0,0,0,0.0168,4.6,0,0,0.22,0,0,0,42,0,42,22.32,13.58,0,12.38,0,0.072,0,0.072,0.1372,0,0,0,1.65,3.758,0,0,12.4,0,0,0,0,0,0,0,0,0,0,0,0,0,0,0,0,0,0,0,0,0,0,0,0,0,0,0,0,0,0,0,0,0,0,0,0,0,0,0,0,0,0,0,0,0,0,0,0,0,0,0,0,0,0,0,0,0,0,0,0,0,0,0,0,0,0,0,0,0,0,0,0,0,0,0
1,11,246021,건시래기지짐_HS,1610180001a,소금: 식염,1,0,0,0,0,0,0,0,0,0,0,0,0,0,0,0,0,0,0,0.003,0.997,0,0,0,0,0,0,0,0,0,0,0,0,0,0,0,0,0,0,0,0,0,0,0,0,0,0,0,0,0,0,0,0,0,0,0,0.4,0.4,0,0,335.97,0,1.35,0.24,0.002,0.002,0,0,0,0,0,0,0,0,0,0,0,0,0,0,0,0,0,0,0,0,0,0,0,0,0,0,0,0,0,0,0,0,0,0,0,0,0,0,0,0,0,0,0,0,0,0,0,0,0,0,0,0,0,0,0,0,0,0,0,0,0,0,0,0,0,0,0,0,0,0,0,0,0,0,0,0,0,0,0,0,0,0,0,0,0
1,11,246021,건시래기지짐_HS,1420140000a,참기름,1,9.17,0.0014,0.9959,0.9959,0,0,0,0,0,0,0,0,0,0,0,0,0,0,0.002,7.00E-04,0.0091699995,0.01833,0,0.11,0,0,0,0.4252,0.05777,0.0174,0,0.4019,0.0058999998,0,0,0,0,0.0912,0.0912,0,0,0,7.00E-04,0,0,0,0,0,0,0,0,0,0,0.0383,1.50E-04,0.43,0.43,0,0.99,0.16,0,0.56,0.35,0.0175,0.0175,0,0.0049,0.84,0,0.00156,0,0,0,0,0,0.9557,0.14647,0.38169,0.42463,0.42154998,0.00534,0.41929,0,0,0,0,0,0,0,0,0,0,0.08693,0.00131,6.80E-04,0,0.05138,0.37002,0.00883,0.41621,0.00534,0.00308,0,0.00578,0.00153,0,0,0,0,0,0,0,9.00E-04,0,0,0,0,0,0,8.00E-04,0,0.00291,0,0.00291,0,0.41,0.14,0.27,0.02,0.07,0,0.01,0,0.01,0,0.03,0,0,0,0.02,0.03,0.01,0.05,0.02,0.12,0.02,0,0.03,0,0.12
1,11,246021,건시래기지짐_HS,0610570801c,무: 무청시래기: 삶은것,55,12.65,2.574,0.1485,0.1485,0,0.869,0.869,0,2.365,0.77,1.595,0,0,0,0,0,0,0,51.15,0.2585,81.90436,163.808,0,982.85,0,0,0,0.1595,0.15454999,0.154,0,0.0055,0,0,0,0,0,253.699,253.6985,0,0,0.0451,0.0253,0.02145,0.19855,0.0198,0.00165,0,6.05,6.05,0,0,0,0,0.00495,59.4,59.4,0,6.6,50.05,0,0,4.95,0.803,0.803,0,0.0935,19.8,0,0.0473,0,0.7095,0,4.939,0,0.22825,0.0275,0.0231,0.1782,0.0924,0.08085,0.09735,0,0,0,0,0,0,0,5.50E-04,0,0,0.02255,0.0011,5.50E-04,0,0.0022,0.00165,0.0198,0.01155,0.08085,0.0858,0,5.50E-04,0,0,0,0,0,0,0,0,0,0,0,0,0,0,0,0.0011,5.50E-04,0,0,0,0,822.25,410.85,411.4,32.45,87.45,58.85,18.7,46.75,43.45,10.45,46.75,18.7,47.3,32.45,15.95,53.35,82.5,95.7,45.65,42.9,42.9,0,34.65,89.65,166.65
1,11,246021,건시래기지짐_HS,0611570300a,파: 소파(실파),5,0.8,0.16,0.005,0.005,0,0.075,0.075,0,0.089,0,0,0,0,0,0,0,0,0,4.715,0.045,3,6,0,36,0,0,0,0,0,0,0,0,0,0,0,0,0,0,0,0,1.2,0.0025,0.004,0.02,0,0,0,0,0,0,0,0,0,0,0,3.75,3.75,0,1.95,0.1,0,13.55,0.65145,0.04,0.04,0,0.0297,0,0,0,0,0,0,0,0,0.0047,0.0013,2.00E-04,0.0032,0.00165,0,0.0032,0,0,0,0,0,0,0,5.00E-05,0,0,0.0011,0,0,0,1.50E-04,2.00E-04,0,0.00165,0,0.00155,0,0,0,0,0,0,0,0,0,0,0,0,0,0,0,0,0,0,0,0,0,0,0,0,0,0,0,0,0,0,0,0,0,0,0,0,0,0,0,0,0,0,0,0,0,0,0,0
1,11,246021,건시래기지짐_HS,1610010004i,간장: 재래간장,5,1.7,0.1235,0.0015,0.0015,0,0.296,0.296,0,0.02,0.02,0,0.0145,0,0.006,0.0085,0,0,0,3.53,1.0505,0,0,0,0,0,0,0,0,0,0,0,0,0,0,0,0,0,0,0,0,0,0.00705,0.00545,0.0433,0.10535,0.031799998,0.0115,0.0013,1.6,1.6,0,0.0145,0.03075,0.2725,3.00E-04,1.95,1.95,0,6.05,399.95,0,32.85,10.4,0.033,0.033,0,0.0195,0,0,0.01865,0.1055,2.453,0,1.78,0,5.50E-04,1.50E-04,1.00E-04,2.00E-04,2.00E-04,0,2.00E-04,0,0,0,0,0,0,0,0,0,0,1.00E-04,0,0,0,5.00E-05,1.00E-04,0,2.00E-04,0,0,0,0,0,0,0,0,0,0,0,0,0,0,0,0,0,0,0,0,0,5.00E-05,0,0,5.00E-05,202.6,71.6,131,7.25,10.6,15.1,3.65,7.2,7.15,3.7,9,4.2,3.75,3.3,1.3,19.05,32.75,45,9.45,11.55,8.6,0,4.95,14.2,26.85
1,11,246021,건시래기지짐_HS,0610500100a,마늘: 국내산: 생것,2,2.56,0.5284,0.0032,0.0032,0,0.149,0.149,0,0.076,0.032,0.046,0.0046,0,0.0046,0,0,0,0,1.296,0.0242,0,0,0,0,0,0,0,0.004,0.004,0.004,0,0,0,0,0,0,0,0,0,0,0.169,0.0029,0.00322,0.00996,0.0159,0.00936,6.00E-04,0,1.84,1.84,0,0,0.02168,0.0768,0.0021600001,0.24,0.24,0,3.12,0.06,0,10.62,0.48,0.0156,0.0156,0,0.0132,0.7,0,0.00502,0.0222,0.0692,0,0.2158,0,0.00296,0.0011,3.60E-04,0.00152,0.0015199999,0,0.00152,0,0,0,0,0,0,0,4.00E-05,0,0,9.80E-04,0,0,0,4.00E-05,3.40E-04,0,0.00152,0,0,0,0,0,0,0,0,0,0,0,0,2.00E-05,0,0,0,0,0,0,2.00E-05,0,0,0,0,0,105.48,53.1,52.38,2,3.92,4.14,0.92,3.36,2.78,0.36,3.42,1.86,30.34,2.36,2.16,2.92,14.86,21.34,3,2.24,3.5,0,3.08,6.08,9.34
1,11,246021,건시래기지짐_HS,0520010004e,참깨: 흰깨: 볶은것,1,5.57,0.2183,0.4511,0.4511,0,0.2596,0.2596,0,0.141,0.017,0.124,0,0,0,0,0,0,0,0.026,0.045,0.010829999,0.02167,0,0.13,0,0,0,0.2298,0.02386,0.0011999999,0,0.2258,0.0028,0,0,0,0,0,0,0,0,0.00345,0.02932,0.03747,0.094840005,0.034679998,0.00279,0,1.5,1.5,0,0,0.00628,0,0,8.54,8.54,0,7.02,0.02,0,4.59,3.53,0.0639,0.0639,0,0.0511,11.03,0,0.01304,0,0.0331,0,0.3858,0,0.43299,0.07098,0.1767,0.18476,0.18303,0.00172,0.18304,0,0,0,0,0,0,0,9.00E-05,0,0,0.04171,6.10E-04,3.30E-04,0,0.0251,0.17122,0.00404,0.18131,0.00172,0.00149,0,0.00276,7.80E-04,2.40E-04,0,0,0,0,0,0,5.60E-04,0,0,0,0,0,9.00E-05,3.50E-04,5.00E-05,5.50E-04,2.00E-04,2.60E-04,9.00E-05,215.97,101.21,114.76,7.77,15.48,6.14,5.72,10.13,8.05,3.45,9.86,5.64,28.97,7.59,4.48,10.77,18.62,43.55,11.64,7.65,10.46,0,10.2,21.17,33.11
1,11,246021,건시래기지짐_HS,0310050003a,설탕: 백설탕,1,3.87,0.9996,1.00E-04,1.00E-04,0,0,0,0,0,0,0,0.997,0.997,0,0,0,0,0,0,3.00E-04,0,0,0,0,0,0,0,0,0,0,0,0,0,0,0,0,0,0,0,0,0,0,0.00594,0,0,0,0,0,0,0,0,0,0.0011,0,0,0.04,0.04,0,0,0.01,0,0.01,0.01,0.0013,0.0013,0,0,0,0,0,0,0.0171,0,0.0503,0,8.00E-05,8.00E-05,0,0,0,0,0,0,0,0,0,0,0,0,6.00E-05,0,0,2.00E-05,0,0,0,1.00E-05,0,0,0,0,0,0,0,0,0,0,0,0,0,0,0,0,0,0,0,0,0,0,0,0,0,0,0,0,0.02,0,0.02,0,0,0,0,0,0,0,0,0,0,0,0.02,0,0,0,0,0,0,0,0.02,0,0
2,11,246080,계란죽_HS,1610400001b,후추: 분말,0.1,0.306,0.056,0.0041,0.0041,0,0.0113,0.0113,0,0.02458,0,0,0,0,0,0,0,0,0,0.0151,0.0038,0.011,0.022,0,0.132,0,0,0,0,0,0,0,0,0,0,0,0,0,0.1637,0,0,0,1.10E-04,2.20E-04,0.0011,0,0,0,3.40E-04,0.01,0,0,0,0,0,0,0.281,0.281,0,0.167,0.046,0,1.103,0,0.0195,0.0195,0,0.00142,1.1,0,0.00563,0.0082,0.0031,0,0,0,0,0,0,0,0,0,0,0,0,0,0,0,0,0,0,0,0,0,0,0,0,0,0,0,0,0,0,0,0,0,0,0,0,0,0,0,0,0,0,0,0,0,0,0,0,0,0,0,0,0,0,0,0,0,0,0,0,0,0,0,0,0,0,0,0,0,0,0,0,0,0,0,0,0,0
2,11,246080,계란죽_HS,1010010007a,달걀: 유정란: 생것 ,50,78,4.05,4.2,0,4.2,5.45,0,5.45,0,0,0,0,0,0,0,0,0,0,35.6,0.7,225.5415,226.083,225,6.5,0,0,0,0,0,0,0,0,0,0,0,0,0,0,0,0,0,0.09,0.225,0.2,0,0,0,0,0,0,0,0,0,0,0,31.5,0,31.5,122.5,81.5,0,66.5,0,1.45,0,1.45,0,0,0,0,0,0,0,0,0,3.182,1.1585,1.427,0.5965,0.53,0.049,0.5475,0,0,0,0,0,0,0,0.0125,0,0,0.8565,0,0,0,0.2895,1.427,0,0.53,0,0.0175,0,0,0,0,0,0,0,0,0,0,0,0,0,0,0,0.049,0,0,0,0,0,0,0,0,0,0,0,0,0,0,0,0,0,0,0,0,0,0,0,0,0,0,0,0,0,0,0,0
2,11,246080,계란죽_HS,0120010500a,멥쌀: 논벼: 백미 (국내산): 일반형: 일품,45,158.85,35.325,0.045,0.045,0,2.565,2.565,0,0.432,0,0,0,0,0,0,0,0,0,6.93,0.135,0.14985,0.30015,0,1.8,0,0,0,0,0,0,0,0,0,0,0,0,0,0,0,0,0,0.063,0.009,0.405,0,0,0,0,0,0,0,0,0,0,0,2.7,2.7,0,34.65,2.25,0,41.4,0,0.63,0.63,0,0,0,0,0,0,0,0,0,0,0,0,0,0,0,0,0,0,0,0,0,0,0,0,0,0,0,0,0,0,0,0,0,0,0,0,0,0,0,0,0,0,0,0,0,0,0,0,0,0,0,0,0,0,0,0,0,0,0,0,0,0,0,0,0,0,0,0,0,0,0,0,0,0,0,0,0,0,0,0,0,0,0,0,0
2,11,246080,계란죽_HS,1420140000a,참기름,2.5,22.925,0.0035,2.48975,2.48975,0,0,0,0,0,0,0,0,0,0,0,0,0,0,0.005,0.00175,0.022925,0.045825,0,0.275,0,0,0,1.063,0.144425,0.0435,0,1.00475,0.014749999,0,0,0,0,0.228,0.228,0,0,0,0.00175,0,0,0,0,0,0,0,0,0,0,0.09575,3.75E-04,1.075,1.075,0,2.475,0.4,0,1.4,0.875,0.04375,0.04375,0,0.01225,2.1,0,0.0039,0,0,0,0,0,2.38925,0.366175,0.954225,1.06158,1.053875,0.01335,1.04823,0,0,0,0,0,0,0,0,0,0,0.217325,0.003275,0.0017000001,0,0.12845,0.92505,0.022075001,1.04052,0.01335,0.0077,0,0.01445,0.003825,0,0,0,0,0,0,0,0.00225,0,0,0,0,0,0,0.002,0,0.007275,0,0.007275,0,1.025,0.35,0.675,0.05,0.175,0,0.025,0,0.025,0,0.075,0,0,0,0.05,0.075,0.025,0.125,0.05,0.3,0.05,0,0.075,0,0.3
2,11,246080,계란죽_HS,1610180001a,소금: 식염,1,0,0,0,0,0,0,0,0,0,0,0,0,0,0,0,0,0,0,0.003,0.997,0,0,0,0,0,0,0,0,0,0,0,0,0,0,0,0,0,0,0,0,0,0,0,0,0,0,0,0,0,0,0,0,0,0,0,0.4,0.4,0,0,335.97,0,1.35,0.24,0.002,0.002,0,0,0,0,0,0,0,0,0,0,0,0,0,0,0,0,0,0,0,0,0,0,0,0,0,0,0,0,0,0,0,0,0,0,0,0,0,0,0,0,0,0,0,0,0,0,0,0,0,0,0,0,0,0,0,0,0,0,0,0,0,0,0,0,0,0,0,0,0,0,0,0,0,0,0,0,0,0,0,0,0,0,0,0,0
2,4,246077,고등어양념구이_HS,0611100100a,양파: 국내산: 생것,10,2.9,0.667,0.004,0.004,0,0.095,0.095,0,0.17,0,0.17,0.57399994,0.06499999,0.27899998,0.22999999,0,0,0,9.2,0.033,0.016699998,0.0333,0,0.2,0,0,0,0,0,0,0,0,0,0,0,0,0,0,0,0,0.588,0.0035,0.0011,0.0099,0.0286,0.0095,4.00E-04,0,1.1,1.0999999,0,0,0.0106,0.057,0.0011,1.5,1.5,0,2.7,0.3,0,14.5,0.8,0.02,0.02,0,0.015,0.7,0,0.0176,0,0.117,0,0.053,0,0.0038,0.0011,6.00E-04,0.0021,0.0017999999,1.00E-04,0.002,0,0,0,0,0,0,0,0,0,0,9.00E-04,0,0,0,1.00E-04,6.00E-04,0,0.0017,1.00E-04,2.00E-04,0,0,0,0,0,0,0,0,0,0,0,0,0,0,0,0,0,2.00E-04,0,0,0,0,0,74,36.8,37.199997,1.9,3.7,4.5,0.6,3,2.1,1.1,2.4,1.3,16.2,1.5,0.9,1.8,7.5,20.2,2,1.4,1.9,0,1.5,5.6,8
2,4,246077,고등어양념구이_HS,0610870100a,생강: 구근: 국내산,2,0.479706,0.11216,0.00171324,0.00171324,0,0.0110789,0.0110789,0,0.0296961,0.00342647,0.0262696,0.0051397057,0,0.0022843138,0.002855392,0,0,0,1.00738,0.00982255,0.01808034,0.0361721,0,0.21701,0,0,0,0.005825,0.005825,0.005825,0,0,0,0,0,0,0,0,0,0,0.0171324,0,5.94E-04,0.00567652,0.011946961,6.85E-05,0.0056079905,0,0,0,0,0,0.00282113,0,3.88E-04,0.205588,0.205588,0,0.376912,0.0456863,0,3.84907,0.422598,0.0108505,0.0108505,0,0.00239853,0.491127,0,0.0205131,0,0.0122211,0,0.0301529,0,0.00193024,6.97E-04,1.71E-04,0.00106221,8.11E-04,1.37E-04,9.37E-04,0,6.85E-05,0,0,0,5.71E-05,0,1.14E-05,0,0,3.88E-04,0,0,0,9.14E-05,1.71E-04,0,6.74E-04,1.37E-04,2.51E-04,0,0,0,0,0,0,0,0,0,0,3.43E-05,0,0,0,0,0,0,4.57E-05,0,0,0,0,0,11.558627,5.162549,6.3960786,0.536814,0.856618,0.159902,0.285539,0.571078,0.651029,0.376912,0.571078,0.239853,0.913725,0.456863,0.296961,0.513971,2.18152,1.4848,0.513971,0.262696,0.685294,0,0.5825,1.40485,1.9645095
2,4,246077,고등어양념구이_HS,0320060001a,물엿,2.5,8.025,2.07575,0,0,0,5.00E-04,5.00E-04,0,0,0,0,0.5515,0,0,0,0,0.5515,0,0.4225,0.00125,0,0,0,0,0,0,0,0,0,0,0,0,0,0,0,0,0,0,0,0,0,1.75E-04,0,0,0,0,0,0,0,0,0,0,0,0,0,0,0,0,0,0,0,0,0,0,0,0,0,0,0,0,0,0.00925,0,0,0,0,0,0,0,0,0,0,0,0,0,0,0,0,0,0,0,0,0,0,0,0,0,0,0,0,0,0,0,0,0,0,0,0,0,0,0,0,0,0,0,0,0,0,0,0,0,0,0,0,0,0.35000002,0.025,0.325,0,0,0,0,0,0.025,0,0,0,0,0,0,0,0.075,0.1,0.075,0,0.075,0,0,0,0
2,4,246077,고등어양념구이_HS,0610500100a,마늘: 국내산: 생것,2.5,3.2,0.6605,0.004,0.004,0,0.18625,0.18625,0,0.095,0.04,0.0575,0.00575,0,0.00575,0,0,0,0,1.62,0.03025,0,0,0,0,0,0,0,0.005,0.0050000004,0.0050000004,0,0,0,0,0,0,0,0,0,0,0.21125,0.003625,0.004025,0.01245,0.019875001,0.0117,7.50E-04,0,2.3,2.3,0,0,0.0271,0.096,0.0027,0.3,0.3,0,3.9,0.075,0,13.275,0.6,0.0195,0.0195,0,0.0165,0.875,0,0.006275,0.02775,0.0865,0,0.26975,0,0.0037,0.001375,4.50E-04,0.0019,0.0018999999,0,0.0019,0,0,0,0,0,0,0,5.00E-05,0,0,0.001225,0,0,0,5.00E-05,4.25E-04,0,0.0019,0,0,0,0,0,0,0,0,0,0,0,0,2.50E-05,0,0,0,0,0,0,2.50E-05,0,0,0,0,0,131.84999,66.375,65.475,2.5,4.9,5.175,1.15,4.2,3.475,0.45,4.275,2.325,37.925,2.95,2.7,3.65,18.575,26.675,3.75,2.8,4.375,0,3.85,7.6,11.675
2,4,246077,고등어양념구이_HS,1610060001i,깨소금 가루: 볶은것 ,0.5,3.19,0.0685,0.2835,0.2835,0,0.0905,0.0905,0,0.08965,0,0,0,0,0,0,0,0,0,0.0345,0.023,0,0,0,0,0,0,0,0,0,0,0,0,0,0,0,0,0,0,0,0,0,0.00255,7.00E-04,0,0,0,0,0,0,0,0,0,0,0,0,6.115,6.115,0,3.2,0,0,0,1.765,0.095,0.095,0,0.02555,0,0,0,0,0,0,0,0,0.28142,0.037105,0.11431,0.13,0.12871,0,0.13,0,0,0,0,0,0,0,0,0,0,0.02402,0,0,0,0.013085,0.11431,0,0.12871,0,0.00129,0,0,0,0,0,0,0,0,0,0,0,0,0,0,0,0,0,0,0,0,0,0,0,0,0,0,0,0,0,0,0,0,0,0,0,0,0,0,0,0,0,0,0,0,0,0,0,0
2,4,246077,고등어양념구이_HS,0611570200a,파: 대파,7.5,1.725,0.36,0.01125,0.01125,0,0.1335,0.1335,0,0.12,0.015,0.105,0.19725001,0.003,0.092250004,0.09375,0,0,0.00825,6.96,0.03525,1.731225,3.46252,0,20.775,0,0,0,0,0,0,0,0,0,0,0,0,0,6.5655,6.5655003,0,0.26625,0.00495,0.00705,0.010725,0.0174,0.005625,0.0051,0,1.5,1.5,0,0,0.062775,0,0.0010500001,1.8,1.8,0,2.25,0,0,13.575,0.75,0.0615,0.0615,0,0.05925,1.5,0,0.056475,0.7035,0,0,0.14325,0,0.010875,0.004875,6.00E-04,0.0054,0.0053999997,0.001875,0.003525,0,0,0,0,0,1.50E-04,0,7.50E-05,0,0,0.002775,0,0,0,0.001575,6.00E-04,0,0.003525,0.001875,0,0,7.50E-05,0,0,0,0,0,0,0,7.50E-05,1.50E-04,0,0,0,0,0,0,0,0,0,0,0,0,81.15,30.6,50.55,2.625,5.325,3.75,0.9,3.375,4.65,0.375,3.525,1.8,4.275,2.475,0.825,3.6,10.725,22.05,2.925,1.875,6.075,0,1.725,6.225,11.475
2,4,246077,고등어양념구이_HS,0610170600a,고추: 풋고추: 생것,5,1.45,0.321,0.0095,0.0095,0,0.0855,0.0855,0,0.22,0.04,0.18,0.089999996,0,0.055,0.035,0,0,0,4.555,0.029,1.90835,3.81665,0,22.9,0,0,0,0.013,0.008950001,0.0084999995,0,0.0045000003,0,0,0,0,0,2.6806,2.6806,0,2.1975,4.00E-04,0.0038,0.0279,0.027849998,0.002,0.02585,0,1.25,1.25,0,0,0,0,6.50E-04,0.75,0.75,0,1.9,0.05,0,13.5,0.95,0.025,0.025,0,0.014,3.85,0,0.0079,0.0375,0.023,0,0.027,0,0.00965,0.0022,4.50E-04,0.007,0.0062,7.50E-04,0.0062,0,0,0,0,0,0,0,5.00E-05,0,0,0.0016,0,0,0,4.00E-04,4.00E-04,1.00E-04,0.0054,7.50E-04,8.00E-04,0,0,0,0,0,0,0,0,0,0,1.00E-04,0,0,0,0,0,0,1.00E-04,0,0,0,0,0,51.2,19.4,31.800001,1.85,3.35,3.25,0.75,2.05,2.2,0,2.3,1.05,2.6,1.5,1.15,2.2,8.45,11.4,2.75,1.85,2.5,0,1.9,3.55,7.5
2,4,246077,고등어양념구이_HS,1610040001b,고추가루,3,9.57,1.8186,0.252,0.252,0,0.3987,0.3987,0,1.131,0.189,0.942,0.5235,0,0.1932,0.33030003,0,0,0,0.375,0.1557,18.40749,36.815,0,220.89,0,0,0,1.0998,0.82725,0.79230005,0.0213,0.22469999,0.0615,0,0,0,0,2.07156,2.0715601,0,0,0.01281,0.06477,0.25299,0.28695,0.02511,0.22788002,0,2.85,2.8500001,0,0,0.00732,2.2566,0.0017100001,2.37,2.37,0,10.26,0.39,0,76.23,4.65,0.1467,0.1467,0,0.081,20.82,0,0.04395,0.3126,0.1176,0,0.558,0,0.24114,0.04434,0.02757,0.16779,0.16736999,0.0108,0.15699,0,0,0,0,0,7.50E-04,0,0.00267,0,9.00E-05,0.03303,0.00168,3.60E-04,0,0.00558,0.02202,0.0036,0.15657,0.0108,3.00E-04,0,7.50E-04,2.40E-04,1.50E-04,0,0,0,0,0,3.00E-05,5.70E-04,0,0,0,0,0,0,5.10E-04,0,0.0014699999,6.00E-05,0.00126,1.50E-04,318.69,118.35,200.34,10.65,21.18,14.22,3.87,12.3,12.99,2.04,14.64,5.64,20.82,9.39,7.5,16.17,67.89,50.94,16.38,22.38,9.69,0,11.37,23.73,46.47
2,4,246077,고등어양념구이_HS,1110110000a,고등어: 생것,60,109.8,0,6.24,0,6.24,12.12,0,12.12,0,0,0,0,0,0,0,0,0,0,40.86,0.78,13.8,13.8,13.8,0,0,0,0,0,0,0,0,0,0,0,0,0,0,0,0,0,0.6,0.108,0.276,4.92,0,0,0,0,0,0,0,0,0,0,0,15.6,0,15.6,139.2,45,0,186,17.7,0.96,0,0.96,0.282,0,0,0,0,0,0,0,0,3.6438,1.425,0.96,1.2582,0.1416,1.1526,0.1062,0,0,0,0,0,0,0,0.2172,0,0,0.9504,0,0,0,0.258,0.96,0,0.0912,0.0504,0.015,0,0,0,0,0,0,0,0,0.4602,0,0,0,0,0,0,0.642,0,0,0,0,0,0,0,0,0,0,0,0,0,0,0,0,0,0,0,0,0,0,0,0,0,0,0,0,0,0,0,0
2,4,246077,고등어양념구이_HS,0610170200a,고추: 붉은고추: 생것,5,4.25,0.767,0.1365,0.1365,0,0.156,0.156,0,0.51,0.08,0.43,0.274,0,0.122,0.152,0,0,0,3.87,0.0705,14.7375,29.475,0,176.85,0,0,0,0.411,0.37930003,0.374,0.004,0.033000004,0,0,0,0,0,4.9895,4.9895,0,6.137,0.0195,0.01915,0.12695,0.15850002,1.00E-04,0.12685,0,3.25,3.25,0,0,0.0444,0,7.50E-04,0.7,0.7,0,4.05,0.05,0,28.75,2.15,0.0375,0.0375,0,0.0195,6.9,0,0.01505,0.444,0.073,0,0.154,0,0.1345,0.0245,0.01875,0.09125,0.0871,0.0065,0.08475,0,0,0,0,0,0,0,0.00115,0,0,0.0192,7.50E-04,1.00E-04,0,0.00295,0.01635,0.00155,0.0806,0.0065,0.00415,0,4.00E-04,1.00E-04,0,0,0,0,0,0,0,3.50E-04,0,0,0,0,0,0,3.00E-04,0,0,0,0,0,134.15,55.699997,78.450005,5.2,8.8,8.9,2.05,5.65,6.45,1.9,7.25,3.1,6.4,4.85,3.05,6.8,20.4,23.25,6.85,5.2,8.05,0,5.1,12.4,21.25
2,4,246077,고등어양념구이_HS,0611570300a,파: 소파(실파),7.5,1.2,0.24,0.0075,0.0075,0,0.1125,0.1125,0,0.1335,0,0,0,0,0,0,0,0,0,7.0725,0.0675,4.5,9,0,54,0,0,0,0,0,0,0,0,0,0,0,0,0,0,0,0,1.8,0.00375,0.006,0.03,0,0,0,0,0,0,0,0,0,0,0,5.625,5.625,0,2.925,0.15,0,20.325,0.977175,0.06,0.06,0,0.04455,0,0,0,0,0,0,0,0,0.00705,0.00195,3.00E-04,0.0048,0.002475,0,0.0048,0,0,0,0,0,0,0,7.50E-05,0,0,0.00165,0,0,0,2.25E-04,3.00E-04,0,0.002475,0,0.002325,0,0,0,0,0,0,0,0,0,0,0,0,0,0,0,0,0,0,0,0,0,0,0,0,0,0,0,0,0,0,0,0,0,0,0,0,0,0,0,0,0,0,0,0,0,0,0,0
2,4,246077,고등어양념구이_HS,1420140000a,참기름,0.5,4.585,7.00E-04,0.49795,0.49795,0,0,0,0,0,0,0,0,0,0,0,0,0,0,0.001,3.50E-04,0.0045849998,0.009165,0,0.055,0,0,0,0.2126,0.028884998,0.0087,0,0.20095,0.0029499996,0,0,0,0,0.0456,0.0456,0,0,0,3.50E-04,0,0,0,0,0,0,0,0,0,0,0.01915,7.50E-05,0.215,0.215,0,0.495,0.08,0,0.28,0.175,0.00875,0.00875,0,0.00245,0.42,0,7.80E-04,0,0,0,0,0,0.47785,0.073235,0.190845,0.212315,0.21077499,0.00267,0.209645,0,0,0,0,0,0,0,0,0,0,0.043465,6.55E-04,3.40E-04,0,0.02569,0.18501,0.004415,0.208105,0.00267,0.00154,0,0.00289,7.65E-04,0,0,0,0,0,0,0,4.50E-04,0,0,0,0,0,0,4.00E-04,0,0.001455,0,0.001455,0,0.205,0.07,0.13499999,0.01,0.035,0,0.005,0,0.005,0,0.015,0,0,0,0.01,0.015,0.005,0.025,0.01,0.06,0.01,0,0.015,0,0.06
2,4,246077,고등어양념구이_HS,1610140001i,미림: 알코올 14%,7.5,10.95,2.6625,0.0225,0.0225,0,0.0225,0.0225,0,0,0,0,0,0,0,0,0,0,0,4.785,0.0075,0,0,0,0,0,0,0,0,0,0,0,0,0,0,0,0,0,0,0,0,0.6,0.01425,0.00375,0.075,0,0,0,0,0,0,0,0,0,0,0,0.075,0.075,0,0.975,2.4,0,0.975,0.15,0.0225,0.0225,0,0,0,0,0,0,0,0,0,0,0.0123,0.005325,0.001875,0.0051,1.50E-04,0.004875,2.25E-04,0,0,0,0,0,0,0,5.25E-04,0,0,0.003525,0,0,0,0.001275,0.001875,0,1.50E-04,0,7.50E-05,0,0,0,0,0,0,0,0,6.75E-04,0,0,0,0,0,0,0.0042,0,0,0,0,0,0,0,0,0,0,0,0,0,0,0,0,0,0,0,0,0,0,0,0,0,0,0,0,0,0,0,0
2,4,246077,고등어양념구이_HS,1610010002i,간장: 진간장 금F3: 샘표식품,3.5,1.75,0.21,0.0105,0.0105,0,0.2205,0.2205,0,0.028,0,0,0.105000004,0,0,0,0,0,0,2.506,0.5425,0,0,0,0,0,0,0,0,0,0,0,0,0,0,0,0,0,0,0,0,0,0.00105,0.0028,0.042,0,0,0,0.00455,1.589,0,0,0,0.01316,0,0,1.365,1.365,0,5.425,205.03,0,14,0,0.0735,0.0735,0,0.0315,4.725,0,0,0,0.028,0,0,0,0,0,0,0,0,0,0,0,0,0,0,0,0,0,0,0,0,0,0,0,0,0,0,0,0,0,0,0,0,0,0,0,0,0,0,0,0,0,0,0,0,0,0,0,0,0,0,0,0,0,561.3729,249.21541,312.1575,23.9539,41.226,32.716,10.0228,26.0026,27.3894,7.09163,30.951,6.71342,43.1486,15.9483,7.2492,44.2833,52.7302,83.8388,32.9366,19.6674,31.802,23.7018,17.272,49.0425,96.1309
2,2,246051,고추장찌개_HS,0610170600a,고추: 풋고추: 생것,3,0.87,0.1926,0.0057,0.0057,0,0.0513,0.0513,0,0.132,0.024,0.108,0.053999998,0,0.033,0.021,0,0,0,2.733,0.0174,1.14501,2.28999,0,13.74,0,0,0,0.0078,0.0053700004,0.0051,0,0.0027,0,0,0,0,0,1.60836,1.6083599,0,1.3185,2.40E-04,0.00228,0.01674,0.01671,0.0011999999,0.01551,0,0.75,0.75,0,0,0,0,3.90E-04,0.45,0.45,0,1.14,0.03,0,8.1,0.57,0.015,0.015,0,0.0084,2.31,0,0.00474,0.0225,0.0138,0,0.0162,0,0.00579,0.00132,2.70E-04,0.0042,0.00372,4.50E-04,0.00372,0,0,0,0,0,0,0,3.00E-05,0,0,9.60E-04,0,0,0,2.40E-04,2.40E-04,6.00E-05,0.00324,4.50E-04,4.80E-04,0,0,0,0,0,0,0,0,0,0,6.00E-05,0,0,0,0,0,0,6.00E-05,0,0,0,0,0,30.72,11.64,19.08,1.11,2.01,1.95,0.45,1.23,1.32,0,1.38,0.63,1.56,0.9,0.69,1.32,5.07,6.84,1.65,1.11,1.5,0,1.14,2.13,4.5
2,2,246051,고추장찌개_HS,0611570200a,파: 대파,5,1.15,0.24,0.0075,0.0075,0,0.089,0.089,0,0.08,0.01,0.07,0.1315,0.0019999999,0.0615,0.0625,0,0,0.0055,4.64,0.0235,1.15415,2.30835,0,13.85,0,0,0,0,0,0,0,0,0,0,0,0,0,4.377,4.377,0,0.1775,0.0033,0.0047,0.00715,0.0116,0.0037500001,0.0034000003,0,1,1,0,0,0.04185,0,7.00E-04,1.2,1.2,0,1.5,0,0,9.05,0.5,0.041,0.041,0,0.0395,1,0,0.03765,0.469,0,0,0.0955,0,0.00725,0.00325,4.00E-04,0.0036,0.0036,0.00125,0.00235,0,0,0,0,0,1.00E-04,0,5.00E-05,0,0,0.00185,0,0,0,0.00105,4.00E-04,0,0.00235,0.00125,0,0,5.00E-05,0,0,0,0,0,0,0,5.00E-05,1.00E-04,0,0,0,0,0,0,0,0,0,0,0,0,54.1,20.4,33.7,1.75,3.55,2.5,0.6,2.25,3.1,0.25,2.35,1.2,2.85,1.65,0.55,2.4,7.15,14.7,1.95,1.25,4.05,0,1.15,4.15,7.65
2,2,246051,고추장찌개_HS,0611100100a,양파: 국내산: 생것,20,5.8,1.334,0.008,0.008,0,0.19,0.19,0,0.34,0,0.34,1.148,0.13,0.55799997,0.45999998,0,0,0,18.4,0.066,0.0334,0.0666,0,0.4,0,0,0,0,0,0,0,0,0,0,0,0,0,0,0,0,1.176,0.007,0.0022,0.0198,0.057200003,0.019,8.00E-04,0,2.2,2.2,0,0,0.0212,0.114,0.0022,3,3,0,5.4,0.6,0,29,1.6,0.04,0.04,0,0.03,1.4,0,0.0352,0,0.234,0,0.106,0,0.0076,0.0022,0.0012,0.0042,0.0036,2.00E-04,0.004,0,0,0,0,0,0,0,0,0,0,0.0018,0,0,0,2.00E-04,0.0012,0,0.0034,2.00E-04,4.00E-04,0,0,0,0,0,0,0,0,0,0,0,0,0,0,0,0,0,4.00E-04,0,0,0,0,0,148,73.6,74.4,3.8,7.4,9,1.2,6,4.2,2.2,4.8,2.6,32.4,3,1.8,3.6,15,40.4,4,2.8,3.8,0,3,11.2,16
2,2,246051,고추장찌개_HS,0210010000a,감자: 생것,25,15.75,3.475,0,0,0,0.6,0.6,0,0.175,0,0.175,0,0,0,0,0,0,0,20.675,0.25,0.0625,0.125,0,0.75,0,0,0,0,0,0,0,0,0,0,0,0,0,0.475,0,0,2,0.065,0.01,0.1,0,0,0,0.0325,6.825,0,0,0,0.074,0,0,1,1,0,15.75,0.75,0,121.25,1.75,0.15,0.15,0,0.125,13.525,0,0.025,0,0.075,0,0,0,0.016,0.0075,2.50E-04,0.00825,0.00825,0.0015,0.00675,0,0,0,0,0,5.00E-04,0,0,0,0,0.00475,0,0,0,0.00175,2.50E-04,0,0.00675,0.0015,0,0,2.50E-04,0,0,0,0,0,0,0,0,0,0,0,0,0,0,0,5.00E-04,0,0,0,0,0,442.81,176.7575,266.0525,19.1925,26.5475,24.9075,6.2675,20.52,16.345,0,28.7475,6.4425,27.7875,16.29,7.825,18.93,102.757,83.5275,11.225,13.0275,12.47,0,14.0925,36.81,74.4875
2,2,246051,고추장찌개_HS,0611630600a,호박: 애호박: 생것,25,5.5,1.285,0.0225,0.0225,0,0.2675,0.2675,0,0.55,0.175,0.375,0.6075,0,0.2375,0.37,0,0,0,23.275,0.15,5.625,11.25,0,67.5,0,0,0,0.0275,0.0275,0.0275,0,0,0,0,0,0,0,0,0,0,0.7775,0.0095,0.02,0.087,0.1625,0.0065,0.0805,0,8.25,8.25,0,0,0.131,0,0.00225,3.75,3.75,0,9.5,0,0,56,3.25,0.0575,0.0575,0,0.03,8,0,0.01325,0.2225,0.075,0,2.335,0,0.03225,0.00675,5.00E-04,0.025,0.01475,0.011,0.014,0,0,0,0,0,0,0,0,0,0,0.006,0,0,0,5.00E-04,5.00E-04,0,0.004,0.011,0.01025,0,0,0,0,0,0,0,0,0,0,2.50E-04,0,0,0,0,0,0,0,0,0,0,0,0,195,78.25,116.75,7.25,11.5,9,2.5,9.5,9.75,4.5,9.5,5.25,9.5,7.5,1.25,10.75,34.5,40.25,6.25,7.25,9,0,3.75,21.5,28.25
2,2,246051,고추장찌개_HS,0430010001a,두부: 두부(대두가공),30,29.1,1.125,1.389,1.389,0,2.886,2.886,0,0.87,0.09,0.78,0,0,0,0,0,0,0,24.36,0.24,0,0,0,0,0,0,0,1.869,0.20910001,0.069,0,1.23,0.57,0,0,0,0,0,0,0,0,0.0096,0.0537,0.0477,0.5922,0,0.0477,0,6.3,6.3,0,0,0,0,0.0021000002,19.2,19.2,0,47.4,0.3,0,39.6,24,0.462,0.462,0,0.351,37.8,0,0.2316,0,0.264,0,13.227,0,1.4427,0.2091,0.2832,0.9465,0.8319,0.1164,0.8301,0,0,0,0,0,0,0,0.0015,0,3.00E-04,0.1527,0.0012,0.0012,0,0.0387,0.2604,0.0189,0.7158,0.1164,0.1137,0,0.0042,0.003,6.00E-04,0,0,0,0,0,6.00E-04,0.0057,0,0,0,0,0,9.00E-04,0.003,0,0.0042000003,9.00E-04,0.0021000002,0.0012,2553.9,1139.1,1414.8,104.4,212.7,155.7,33.3,136.2,104.7,32.7,102,65.1,192.3,91.5,48,112.2,303.9,472.5,106.2,136.8,143.7,0,81.3,260.4,419.1
2,2,246051,고추장찌개_HS,1110640001b,명태: 북어: 마른 것,30,101.7,0.096,0.927,0,0.927,21.954,0,21.954,0,0,0,0,0,0,0,0,0,0,5.49,1.542,0,0,0,0,0,0,0,0.366,0.366,0.366,0,0,0,0,0,0,0,0,0,0,0,0.1053,0.0765,0.7233,3.984,0,0.7233,0.0819,8.4,8.4,0,1.764,0.4191,0.138,0.0099,84.3,0,84.3,210,139.2,0,346.2,33.9,0.375,0,0.375,0.633,43.5,0,0.0018,149.742,37.584,0,0.477,108.456,0.7962,0.2334,0.1386,0.4113,0.0087,0.3933,0.015,0,0,0,0,0,0,0,0.0114,0,0.0012,0.1749,0.0198,9.00E-04,0,0.0339,0.0561,0.045,0.0066,0.0018,0.003,0,3.00E-04,0.0075,0.0045,6.00E-04,9.00E-04,0,0,0.1578,0,0,0.0018,0.003,0.0096,0,0.2232,0.0093,0.0012,0.0087,0.0126,0.0015,0,0.011399999,17160.9,8459.4,8701.5,741.6,1350,1453.8,633,721.5,887.4,195.6,854.4,410.4,1211.7,663.9,125.1,1122.6,1638.9,2452.8,952.8,679.5,907.5,158.4,758.1,1581,2946
2,2,246051,고추장찌개_HS,1110630003i,멸치: 육수,1,0,0,0,0,0,0.001,0,0.001,0,0,0,0,0,0,0,0,0,0,0.998,0.001,0,0,0,0,0,0,0,0,0,0,0,0,0,0,0,0,0,0,0,0,0,1.00E-04,0,0.004,0,0,0,0,0,0,0,0,0,0,0,0.03,0,0.03,0.04,0.19,0,0.16,0.02,0.001,0,0.001,0,0,0,0,0,0,0,0,0,0,0,0,0,0,0,0,0,0,0,0,0,0,0,0,0,0,0,0,0,0,0,0,0,0,0,0,0,0,0,0,0,0,0,0,0,0,0,0,0,0,0,0,0,0,0,0,0,0,0,0,0,0,0,0,0,0,0,0,0,0,0,0,0,0,0,0,0,0,0,0,0,0,0,0
2,2,246051,고추장찌개_HS,1610050001i,고추장,20,43.4,8.6,0.48,0.48,0,1.18,1.18,0,0.84,0,0,0,0,0,0,0,0,0,7.7,1.64,42.1334,84.2666,0,505.6,0,0,0,0,0,0,0,0,0,0,0,0,0,1.48,0,0,0,0.042,0.05,0.54,0,0,0,0.054,4.32,0,0,0,0.0198,0,0,11,11,0,29,502,0,81.2,0,0.38,0.38,0,0.038,30,0,0.16,0,0,0,0,0,0,0,0,0,0,0,0,0,0,0,0,0,0,0,0,0,0,0,0,0,0,0,0,0,0,0,0,0,0,0,0,0,0,0,0,0,0,0,0,0,0,0,0,0,0,0,0,0,0,0,0,0,0,0,0,0,0,0,0,0,0,0,0,0,0,0,0,0,0,0,0,0,0,0,0
2,2,246051,고추장찌개_HS,0610500100a,마늘: 국내산: 생것,0.5,0.64,0.1321,8.00E-04,8.00E-04,0,0.03725,0.03725,0,0.019,0.008,0.0115,0.00115,0,0.00115,0,0,0,0,0.324,0.00605,0,0,0,0,0,0,0,0.001,0.001,0.001,0,0,0,0,0,0,0,0,0,0,0.04225,7.25E-04,8.05E-04,0.00249,0.003975,0.00234,1.50E-04,0,0.46,0.46,0,0,0.00542,0.0192,5.40E-04,0.06,0.06,0,0.78,0.015,0,2.655,0.12,0.0039,0.0039,0,0.0033,0.175,0,0.001255,0.00555,0.0173,0,0.05395,0,7.40E-04,2.75E-04,9.00E-05,3.80E-04,3.80E-04,0,3.80E-04,0,0,0,0,0,0,0,1.00E-05,0,0,2.45E-04,0,0,0,1.00E-05,8.50E-05,0,3.80E-04,0,0,0,0,0,0,0,0,0,0,0,0,5.00E-06,0,0,0,0,0,0,5.00E-06,0,0,0,0,0,26.37,13.275,13.095,0.5,0.98,1.035,0.23,0.84,0.695,0.09,0.855,0.465,7.585,0.59,0.54,0.73,3.715,5.335,0.75,0.56,0.875,0,0.77,1.52,2.335
3,2,246027,김치콩나물국_HS,0610500100a,마늘: 국내산: 생것,2,2.56,0.5284,0.0032,0.0032,0,0.149,0.149,0,0.076,0.032,0.046,0.0046,0,0.0046,0,0,0,0,1.296,0.0242,0,0,0,0,0,0,0,0.004,0.004,0.004,0,0,0,0,0,0,0,0,0,0,0.169,0.0029,0.00322,0.00996,0.0159,0.00936,6.00E-04,0,1.84,1.84,0,0,0.02168,0.0768,0.0021600001,0.24,0.24,0,3.12,0.06,0,10.62,0.48,0.0156,0.0156,0,0.0132,0.7,0,0.00502,0.0222,0.0692,0,0.2158,0,0.00296,0.0011,3.60E-04,0.00152,0.0015199999,0,0.00152,0,0,0,0,0,0,0,4.00E-05,0,0,9.80E-04,0,0,0,4.00E-05,3.40E-04,0,0.00152,0,0,0,0,0,0,0,0,0,0,0,0,2.00E-05,0,0,0,0,0,0,2.00E-05,0,0,0,0,0,105.48,53.1,52.38,2,3.92,4.14,0.92,3.36,2.78,0.36,3.42,1.86,30.34,2.36,2.16,2.92,14.86,21.34,3,2.24,3.5,0,3.08,6.08,9.34
3,2,246027,김치콩나물국_HS,1610180001a,소금: 식염,0.5,0,0,0,0,0,0,0,0,0,0,0,0,0,0,0,0,0,0,0.0015,0.4985,0,0,0,0,0,0,0,0,0,0,0,0,0,0,0,0,0,0,0,0,0,0,0,0,0,0,0,0,0,0,0,0,0,0,0,0.2,0.2,0,0,167.985,0,0.675,0.12,0.001,0.001,0,0,0,0,0,0,0,0,0,0,0,0,0,0,0,0,0,0,0,0,0,0,0,0,0,0,0,0,0,0,0,0,0,0,0,0,0,0,0,0,0,0,0,0,0,0,0,0,0,0,0,0,0,0,0,0,0,0,0,0,0,0,0,0,0,0,0,0,0,0,0,0,0,0,0,0,0,0,0,0,0,0,0,0,0
3,2,246027,김치콩나물국_HS,0611520000a,콩나물: 생것,40,14.4,1.52,0.544,0.544,0,1.856,1.856,0,0.64,0,0.64,0.14,0,0.028,0.092,0,0.02,0,35.8,0.28,0.2,0.4,0,2.4,0,0,0,0.076,0.0172,0.012,0,0.031999998,0.024,0.0039999997,0,0.0039999997,0,33.432,33.432,0,0.72,0.0456,0.034,0.2708,0.32,0.0324,0.23840001,0,20.8,20.8,0,0,0.1388,0,0.0012,19.2,19.2,0,34,0.4,0,87.2,12.8,0.268,0.268,0,0.284,45.6,0,0.1328,0,0.084,0,8.216,0,0.592,0.104,0.1008,0.386,0.3128,0.046,0.34,0,0,0,0,0,0,0,8.00E-04,0,0,0.074,4.00E-04,0.0012,0,0.0216,0.0916,0.007999999,0.2668,0.046,0.0728,0,0.002,8.00E-04,0,0,0,0,4.00E-04,0,4.00E-04,0.0028,0,0,0,0,0,0,0.0012,0,0.0012,4.00E-04,8.00E-04,0,1844.8,706.4,1138.4,63.2,88,97.6,15.6,96.4,69.2,2.8,84.8,46.8,142,51.2,25.2,96.8,472.4,285.6,52.8,70.8,83.6,0,40.8,150.4,236
3,2,246027,김치콩나물국_HS,0620070001i,김치: 배추김치: 조리,30,11.4,1.872,0.171,0.0855,0.0855,0.591,0.2955,0.2955,1.29,0.21,1.08,0.861,0.047999997,0.42899996,0.351,0,0.033,0,26.64,0.738,8.8251,17.6499,0,105.9,0,0,0,0.264,0.22350001,0.219,0,0.045,0,0,0,0,0,26.172,26.172,0,1.083,0.0156,0.0318,0.1683,0.18960002,0.09210001,0.07620001,0,16.5,16.5,0,0,0.1641,0,0.0198,15.3,7.65,7.65,15.9,177.9,0,106.5,7.5,0.153,0.0765,0.0765,0.132,9.6,0,0.0906,1.563,1.02,0,2.169,0,0.1872,0.0279,0.0354,0.1236,0.099300005,0.0117,0.1122,0,0,0,0,0,0,0,0,0,0,0.0222,0,0,0,0.0054,0.0318,0.0036000002,0.0876,0.0117,0.0243,0,0,0,0,0,0,0,0,0,0,0,0,0,0,0,0,0,0,0,3.00E-04,0,3.00E-04,0,415.80002,162.29999,253.5,17.1,28.5,19.5,4.8,18.3,21.3,1.2,13.5,9,29.1,10.2,3,16.8,55.5,109.5,20.1,17.4,20.7,0.3,7.8,29.7,59.100002
3,2,246027,김치콩나물국_HS,0611570300a,파: 소파(실파),5,0.8,0.16,0.005,0.005,0,0.075,0.075,0,0.089,0,0,0,0,0,0,0,0,0,4.715,0.045,3,6,0,36,0,0,0,0,0,0,0,0,0,0,0,0,0,0,0,0,1.2,0.0025,0.004,0.02,0,0,0,0,0,0,0,0,0,0,0,3.75,3.75,0,1.95,0.1,0,13.55,0.65145,0.04,0.04,0,0.0297,0,0,0,0,0,0,0,0,0.0047,0.0013,2.00E-04,0.0032,0.00165,0,0.0032,0,0,0,0,0,0,0,5.00E-05,0,0,0.0011,0,0,0,1.50E-04,2.00E-04,0,0.00165,0,0.00155,0,0,0,0,0,0,0,0,0,0,0,0,0,0,0,0,0,0,0,0,0,0,0,0,0,0,0,0,0,0,0,0,0,0,0,0,0,0,0,0,0,0,0,0,0,0,0,0
3,2,246027,김치콩나물국_HS,1110630101b,멸치: 대멸치: 자건,3,9.06,0,0.1635,0,0.1635,1.7793,0,1.7793,0,0,0,0,0,0,0,0,0,0,0.576,0.5013,0,0,0,0,0.0384,0,0.0324,0.003,0.00243,0.0023999999,0,3.00E-04,0,0,0,3.00E-04,0,0,0,0,0,0.0036,0.0033,0,0,0,0,0,2.94,2.94,0,0.7632,0.01335,2.3988,0.00861,62.64,0,62.64,51.78,65.4,0,31.35,6.78,0.3678,0,0.3678,0.1878,6.6,0,0.0399,0,0.0204,0,0,20.0394,0.1191,0.05343,0.02013,0.04419,0.00198,0.04173,0.00216,0,0,0,0,0,1.50E-04,9.00E-05,0.00849,0,9.30E-04,0.02739,0.0069,0.00147,0,0.00888,0.00846,0.0027,0.00138,6.00E-04,6.00E-04,0,0.00285,5.70E-04,0,9.00E-05,1.20E-04,0,9.00E-05,0.00903,1.20E-04,4.20E-04,1.20E-04,3.00E-04,8.10E-04,0,0.0312,0.00156,0.00108,0.00138,0.00135,3.30E-04,3.00E-04,7.20E-04,1133.13,543.63,589.5,56.64,81.57,60.66,43.98,63.84,52.47,18.48,49.83,40.14,76.02,47.07,21.12,69.75,100.8,130.5,61.62,73.71,45.84,39.09,65.1,129.39,188.04
1,14,246087,깻잎찜_HS,0630030001i,가공?조리: 깻잎장아찌: 조리,40,49.6,10.4,0.168,0.168,0,1.612,1.612,0,1.76,0,1.76,6.564,0,3.2599998,3.3040001,0,0,0,25.44,2.38,138.9,277.8,0,1666.8,0,0,0,0.828,0.7192,0.668,0.024,0.007999999,0,0.12799999,0,0,0,156.36,156.36,0,5.096,0.0396,0.0884,0.2864,0.4408,0.1044,0.18200001,0,19.6,19.6,0,0,0,0,0.012800001,71.2,71.2,0,21.2,723.6,0,114,21.6,0.936,0.936,0,0.196,59.2,0,0.2152,0,7.3,0,3.252,0,0.5228,0.0276,0.0088,0.4848,0.124,0.1072,0.378,0,0,0,0,0,0,0,0.0032,0,0,0.0208,8.00E-04,0,0,0.0024,0.002,0.0064000003,0.0168,0.1072,0.3608,0,8.00E-04,0,0,0,0,0,0,0,0,0,0,0,0,0,0,0,0,0,0.0016000001,0,0.0016000001,0,1367.6,656.4,711.2,58,108.8,66.8,31.2,70.4,72.4,9.2,69.6,61.2,108.8,69.6,20.8,80.4,141.6,240.4,62,38.8,57.6,0,52,149.2,236.4
2,8,246038,꼬시래기무무침_HS,0610571500a,무: 조선무: 뿌리,1,0.2,0.0434,0.0012,0.0012,0,0.0067,0.0067,0,0.011,0.005,0.007,0.0179,5.00E-04,0.0073,0.0099,0,0,2.00E-04,0.943,0.0055,0.0016699999,0.00333,0,0.02,0,0,0,0,0,0,0,0,0,0,0,0,0,0,0,0,0.0865,5.90E-04,2.10E-04,0.00211,0.00337,0,0.00211,7.10E-04,0.33,0.33,0,0,0.00164,0,2.10E-04,0.23,0.23,0,0.34,0.09,0,2.61,0.08,0.0016,0.0016,0,0.0041,1.21,0,0.00211,0,0.0035,0,0.0368,0,8.10E-04,2.10E-04,1.60E-04,4.40E-04,2.70E-04,1.10E-04,3.30E-04,0,0,0,0,0,0,0,0,0,0,1.60E-04,1.00E-05,0,0,5.00E-05,1.30E-04,2.00E-05,1.60E-04,1.10E-04,1.70E-04,0,0,0,0,0,0,0,0,0,0,0,0,0,0,0,0,0,0,0,0,0,0,0,4.99,1.92,3.07,0.19,0.28,0.31,0.07,0.18,0.19,0.08,0.3,0.1,0.22,0.06,0.05,0.29,0.48,1.37,0.2,0.37,0.25,0,0.12,0.32,0.77
2,8,246038,꼬시래기무무침_HS,0520010004e,참깨: 흰깨: 볶은것,1,5.57,0.2183,0.4511,0.4511,0,0.2596,0.2596,0,0.141,0.017,0.124,0,0,0,0,0,0,0,0.026,0.045,0.010829999,0.02167,0,0.13,0,0,0,0.2298,0.02386,0.0011999999,0,0.2258,0.0028,0,0,0,0,0,0,0,0,0.00345,0.02932,0.03747,0.094840005,0.034679998,0.00279,0,1.5,1.5,0,0,0.00628,0,0,8.54,8.54,0,7.02,0.02,0,4.59,3.53,0.0639,0.0639,0,0.0511,11.03,0,0.01304,0,0.0331,0,0.3858,0,0.43299,0.07098,0.1767,0.18476,0.18303,0.00172,0.18304,0,0,0,0,0,0,0,9.00E-05,0,0,0.04171,6.10E-04,3.30E-04,0,0.0251,0.17122,0.00404,0.18131,0.00172,0.00149,0,0.00276,7.80E-04,2.40E-04,0,0,0,0,0,0,5.60E-04,0,0,0,0,0,9.00E-05,3.50E-04,5.00E-05,5.50E-04,2.00E-04,2.60E-04,9.00E-05,215.97,101.21,114.76,7.77,15.48,6.14,5.72,10.13,8.05,3.45,9.86,5.64,28.97,7.59,4.48,10.77,18.62,43.55,11.64,7.65,10.46,0,10.2,21.17,33.11
2,8,246038,꼬시래기무무침_HS,1110630002g,멸치: 액젓: 염절임,1,0.31,0.0113,2.00E-04,0,2.00E-04,0.0653,0,0.0653,0,0,0,0.0011,0,0.0011,0,0,0,0,0.704,0.2194,0,0,0,0,0,0,0,0,0,0,0,0,0,0,0,0,0,0,0,0,0,0.00126,3.30E-04,0.02234,0.02569,0.01356,0.008780001,0.00111,0.17,0.17,0,0.0088,0.01164,0.0086,4.00E-05,0.2,0,0.2,0.24,81.88,0,2.42,1.54,0.0018,0,0.0018,0.0016,0,0,3.00E-05,0.2343,0.5221,0,0.0023,0,6.00E-05,3.00E-05,1.00E-05,1.00E-05,1.00E-05,0,1.00E-05,0,0,0,1.00E-05,0,0,0,0,0,0,1.00E-05,0,0,0,0,1.00E-05,0,1.00E-05,0,0,0,0,0,0,0,0,0,0,0,0,0,0,0,0,0,0,0,0,0,1.00E-05,0,0,1.00E-05,40.79,19.6,21.189999,2.3,3.61,3.79,1.45,1.74,1.67,0.2,2.81,1.27,0.76,0.44,0.15,3.53,3.51,6.55,2.8,1.9,1.25,1.06,1.6,2.38,8.719999
2,8,246038,꼬시래기무무침_HS,1610040001b,고추가루,1,3.19,0.6062,0.084,0.084,0,0.1329,0.1329,0,0.377,0.063,0.314,0.17450002,0,0.0644,0.11010001,0,0,0,0.125,0.0519,6.13583,12.2717,0,73.63,0,0,0,0.3666,0.27575,0.26410002,0.0070999996,0.074899994,0.0205,0,0,0,0,0.69052,0.69052,0,0,0.00427,0.02159,0.08433,0.095649995,0.00837,0.07596,0,0.95,0.95,0,0,0.00244,0.7522,5.70E-04,0.79,0.79,0,3.42,0.13,0,25.41,1.55,0.0489,0.0489,0,0.027,6.94,0,0.01465,0.1042,0.0392,0,0.186,0,0.08038,0.01478,0.00919,0.05593,0.05579,0.0036,0.05233,0,0,0,0,0,2.50E-04,0,8.90E-04,0,3.00E-05,0.01101,5.60E-04,1.20E-04,0,0.00186,0.00734,0.0012,0.05219,0.0036,1.00E-04,0,2.50E-04,8.00E-05,5.00E-05,0,0,0,0,0,1.00E-05,1.90E-04,0,0,0,0,0,0,1.70E-04,0,4.90E-04,2.00E-05,4.20E-04,5.00E-05,106.23,39.45,66.78,3.55,7.06,4.74,1.29,4.1,4.33,0.68,4.88,1.88,6.94,3.13,2.5,5.39,22.63,16.98,5.46,7.46,3.23,0,3.79,7.91,15.49
2,8,246038,꼬시래기무무침_HS,0611100100a,양파: 국내산: 생것,10,2.9,0.667,0.004,0.004,0,0.095,0.095,0,0.17,0,0.17,0.574,0.065,0.279,0.23000002,0,0,0,9.2,0.033,0.0167,0.0333,0,0.2,0,0,0,0,0,0,0,0,0,0,0,0,0,0,0,0,0.588,0.0035,0.0011,0.0099,0.028600002,0.009500001,4.00E-04,0,1.1,1.1,0,0,0.0106,0.057,0.0011,1.5,1.5,0,2.7,0.3,0,14.5,0.8,0.02,0.02,0,0.015,0.7,0,0.0176,0,0.117,0,0.053,0,0.0038,0.0011,6.00E-04,0.0021,0.0018,1.00E-04,0.002,0,0,0,0,0,0,0,0,0,0,9.00E-04,0,0,0,1.00E-04,6.00E-04,0,0.0017,1.00E-04,2.00E-04,0,0,0,0,0,0,0,0,0,0,0,0,0,0,0,0,0,2.00E-04,0,0,0,0,0,74,36.800003,37.2,1.9,3.7,4.5,0.6,3,2.1,1.1,2.4,1.3,16.2,1.5,0.9,1.8,7.5,20.2,2,1.4,1.9,0,1.5,5.6,8
2,8,246038,꼬시래기무무침_HS,1210040001a,꼬시래기: 생것,35,5.95,2.17,0.07,0.07,0,0.63,0.63,0,1.6625,0,0,0,0,0,0,0,0,0,31.185,0.945,6.825,13.65,0,81.9,0,0,0,0,0,0,0,0,0,0,0,0,0,0,0,0,3.15,0.007,0.07,0.175,0,0,0,0,0,0,0,0,0,0,0,220.5,220.5,0,12.25,26.25,0,14.7,29.5354,2.415,2.415,0,0.08015,0,0,0,0,0,0,0,0,0.03675,0.01435,0.0021,0.0203,0,0.0203,0,0,0,0,0,0,0,0,7.00E-04,0,0,0.01295,0,0,0,7.00E-04,0.0021,0,0,0,0,0,0,0,0,0,0,0,0,0.0203,0,0,0,0,0,0,0,0,0,0,0,0,0,0,0,0,0,0,0,0,0,0,0,0,0,0,0,0,0,0,0,0,0,0,0,0,0,0,0
2,2,246035,냉이된장국_HS,0610300000a,냉이,45,18.45,3.627,0.1215,0.1215,0,1.9035,1.9035,0,2.385,1.215,1.17,0.576,0,0.26099998,0.315,0,0,0,38.79,0.558,35.2125,70.425,0,422.55,0,0,0,0.594,0.3915,0.369,0,0.22500001,0,0,0,0,0,82.467,82.466995,0,10.9305,0.0315,0.1431,0.24075,0.45585,0.03735,0.2034,0,54,54,0,0,0.38655,0,0.051749997,86.85,86.85,0,40.5,2.25,0,121.95,22.95,5.958,5.958,0,0.4275,71.1,0,0.3951,1.566,1.233,0,11.889,0,0.11655,0.036,0.0099,0.0702,0.0702,0.0504,0.0198,0,0,0,0,0,0,0,0,0,0,0.0297,9.00E-04,0,0,0.0036,0.0018,0.0063000005,0.0198,0.0504,0,0,4.50E-04,0,0,0,0,0,0,0,0,0,0,0,0,0,0,0,0.0018,0.00135,0,0,0,0,1358.55,668.25,690.30005,59.85,107.1,61.2,30.15,72.45,62.55,13.05,84.6,31.5,145.8,39.15,22.95,83.7,124.65,194.85,82.8,72.45,69.75,0,53.1,124.65,251.54999
2,2,246035,냉이된장국_HS,0430010001a,두부: 두부(대두가공),30,29.1,1.125,1.389,1.389,0,2.886,2.886,0,0.87,0.09,0.78,0,0,0,0,0,0,0,24.36,0.24,0,0,0,0,0,0,0,1.869,0.20910001,0.069,0,1.23,0.57,0,0,0,0,0,0,0,0,0.0096,0.0537,0.0477,0.5922,0,0.0477,0,6.3,6.3,0,0,0,0,0.0021000002,19.2,19.2,0,47.4,0.3,0,39.6,24,0.462,0.462,0,0.351,37.8,0,0.2316,0,0.264,0,13.227,0,1.4427,0.2091,0.2832,0.9465,0.8319,0.1164,0.8301,0,0,0,0,0,0,0,0.0015,0,3.00E-04,0.1527,0.0012,0.0012,0,0.0387,0.2604,0.0189,0.7158,0.1164,0.1137,0,0.0042,0.003,6.00E-04,0,0,0,0,0,6.00E-04,0.0057,0,0,0,0,0,9.00E-04,0.003,0,0.0042000003,9.00E-04,0.0021000002,0.0012,2553.9,1139.1,1414.8,104.4,212.7,155.7,33.3,136.2,104.7,32.7,102,65.1,192.3,91.5,48,112.2,303.9,472.5,106.2,136.8,143.7,0,81.3,260.4,419.1
2,2,246035,냉이된장국_HS,1610100003a,된장: 재래된장,12,17.04,0.8712,0.8268,0.8268,0,1.632,1.632,0,0.576,0.06,0.516,0.0492,0,0.0264,0.0228,0,0,0,6.984,1.6884,0.06996,0.14004,0,0.84,0,0,0,0.8952,0.0972,0.036000002,0,0.5052,0.354,0,0,0,0,1.1016,1.1016,0,0,0.05328,0.02208,0.0816,0.33876,0.06708,0.01464,0.01212,3.6,3.6,0,0.0204,0.1746,0.882,0.00396,13.68,13.68,0,24.96,618.24,0,56.76,23.04,0.39,0.39,0,0.2292,55.8,0,0.15192,0.3204,5.1456,0,25.1592,0,0.7512,0.12096,0.15636,0.4716,0.47076002,0.06864,0.40296,0,0,0,0,0,0,0,7.20E-04,0,0,0.08544,7.20E-04,9.60E-04,0,0.02652,0.14304,0.01116,0.40212,0.06864,0,0,0.0024,0.00132,4.80E-04,0,0,0,3.60E-04,0,2.40E-04,0.00348,0,0,0,0,0,0,0.0012,0,0.00228,4.80E-04,8.40E-04,9.60E-04,1303.32,562.32,741,56.16,112.08,85.08,20.16,71.52,55.08,15.48,65.64,30.24,50.88,46.2,21,83.52,151.8,228.12,65.04,70.2,75.12,0,41.16,133.2,233.88
2,2,246035,냉이된장국_HS,1610050001i,고추장,3,6.51,1.29,0.072,0.072,0,0.177,0.177,0,0.126,0,0,0,0,0,0,0,0,0,1.155,0.246,6.32001,12.64,0,75.84,0,0,0,0,0,0,0,0,0,0,0,0,0,0.222,0,0,0,0.0063,0.0075,0.081,0,0,0,0.0081,0.648,0,0,0,0.00297,0,0,1.65,1.65,0,4.35,75.3,0,12.18,0,0.057,0.057,0,0.0057,4.5,0,0.024,0,0,0,0,0,0,0,0,0,0,0,0,0,0,0,0,0,0,0,0,0,0,0,0,0,0,0,0,0,0,0,0,0,0,0,0,0,0,0,0,0,0,0,0,0,0,0,0,0,0,0,0,0,0,0,0,0,0,0,0,0,0,0,0,0,0,0,0,0,0,0,0,0,0,0,0,0,0,0,0
2,2,246035,냉이된장국_HS,1110630101b,멸치: 대멸치: 자건,3,9.06,0,0.1635,0,0.1635,1.7793,0,1.7793,0,0,0,0,0,0,0,0,0,0,0.576,0.5013,0,0,0,0,0.0384,0,0.0324,0.003,0.00243,0.0023999999,0,3.00E-04,0,0,0,3.00E-04,0,0,0,0,0,0.0036,0.0033,0,0,0,0,0,2.94,2.94,0,0.7632,0.01335,2.3988,0.00861,62.64,0,62.64,51.78,65.4,0,31.35,6.78,0.3678,0,0.3678,0.1878,6.6,0,0.0399,0,0.0204,0,0,20.0394,0.1191,0.05343,0.02013,0.04419,0.00198,0.04173,0.00216,0,0,0,0,0,1.50E-04,9.00E-05,0.00849,0,9.30E-04,0.02739,0.0069,0.00147,0,0.00888,0.00846,0.0027,0.00138,6.00E-04,6.00E-04,0,0.00285,5.70E-04,0,9.00E-05,1.20E-04,0,9.00E-05,0.00903,1.20E-04,4.20E-04,1.20E-04,3.00E-04,8.10E-04,0,0.0312,0.00156,0.00108,0.00138,0.00135,3.30E-04,3.00E-04,7.20E-04,1133.13,543.63,589.5,56.64,81.57,60.66,43.98,63.84,52.47,18.48,49.83,40.14,76.02,47.07,21.12,69.75,100.8,130.5,61.62,73.71,45.84,39.09,65.1,129.39,188.04
2,2,246035,냉이된장국_HS,0610500100a,마늘: 국내산: 생것,1,1.28,0.2642,0.0016,0.0016,0,0.0745,0.0745,0,0.038,0.016,0.023,0.0023,0,0.0023,0,0,0,0,0.648,0.0121,0,0,0,0,0,0,0,0.002,0.002,0.002,0,0,0,0,0,0,0,0,0,0,0.0845,0.00145,0.00161,0.00498,0.00795,0.00468,3.00E-04,0,0.92,0.92,0,0,0.01084,0.0384,0.0010800001,0.12,0.12,0,1.56,0.03,0,5.31,0.24,0.0078,0.0078,0,0.0066,0.35,0,0.00251,0.0111,0.0346,0,0.1079,0,0.00148,5.50E-04,1.80E-04,7.60E-04,7.60E-04,0,7.60E-04,0,0,0,0,0,0,0,2.00E-05,0,0,4.90E-04,0,0,0,2.00E-05,1.70E-04,0,7.60E-04,0,0,0,0,0,0,0,0,0,0,0,0,1.00E-05,0,0,0,0,0,0,1.00E-05,0,0,0,0,0,52.74,26.55,26.19,1,1.96,2.07,0.46,1.68,1.39,0.18,1.71,0.93,15.17,1.18,1.08,1.46,7.43,10.67,1.5,1.12,1.75,0,1.54,3.04,4.67
1,1,103014,느타리버섯볶음,0611100100a,양파: 국내산: 생것,10,2.9,0.667,0.004,0.004,0,0.095,0.095,0,0.17,0,0.17,0.574,0.065,0.27899998,0.22999999,0,0,0,9.2,0.033,0.0167,0.0333,0,0.2,0,0,0,0,0,0,0,0,0,0,0,0,0,0,0,0,0.588,0.0035,0.0011,0.0099,0.028600002,0.0095,4.00E-04,0,1.1,1.1,0,0,0.0106,0.057,0.0011,1.5,1.5,0,2.7,0.3,0,14.5,0.8,0.02,0.02,0,0.015,0.7,0,0.0176,0,0.117,0,0.053,0,0.0038,0.0011,6.00E-04,0.0021,0.0018,1.00E-04,0.002,0,0,0,0,0,0,0,0,0,0,9.00E-04,0,0,0,1.00E-04,6.00E-04,0,0.0017,1.00E-04,2.00E-04,0,0,0,0,0,0,0,0,0,0,0,0,0,0,0,0,0,2.00E-04,0,0,0,0,0,74,36.8,37.2,1.9,3.7,4.5,0.6,3,2.1,1.1,2.4,1.3,16.2,1.5,0.9,1.8,7.5,20.2,2,1.4,1.9,0,1.5,5.6,8
1,1,103014,느타리버섯볶음,0610400000a,당근: 생것,10,3.1,0.703,0.013,0.013,0,0.102,0.102,0,0.31,0.07,0.24,0.623,0.272,0.188,0.163,0,0,0,9.11,0.072,45.966698,91.9333,0,551.6,0,0,0,0.073,0.0681,0.066,0,0,0,0.007,0,0,0,1.446,1.446,0,0.302,0.0037,0.0062,0.0882,0.0999,0.0882,0,0,2.2,2.2,0,0,0.0186,0.089,0.0012,2.4,2.4,0,4.2,2.3,0,29.9,1.4,0.028,0.028,0,0.011,1.8,0,0.005,0,0.274,0,0.229,0,0.0128,0.0032,5.00E-04,0.0091,0.009099999,8.00E-04,0.0083,0,0,0,0,0,0,0,0,0,0,0.0028,0,0,0,2.00E-04,3.00E-04,2.00E-04,0.0083,8.00E-04,0,0,1.00E-04,0,0,0,0,0,0,0,0,1.00E-04,0,0,0,0,0,0,1.00E-04,0,0,0,0,0,80.1,24.7,55.4,2.6,3.6,3.1,0.8,2.7,3,0.7,3.5,1.3,3.4,2.1,0.7,9.5,13.3,20.9,2.3,2.4,4.2,0,1.5,5.5,9.7
1,1,103014,느타리버섯볶음,1610010004i,간장: 재래간장,5,1.7,0.1235,0.0015,0.0015,0,0.296,0.296,0,0.02,0.02,0,0.0145,0,0.006,0.0085,0,0,0,3.53,1.0505,0,0,0,0,0,0,0,0,0,0,0,0,0,0,0,0,0,0,0,0,0,0.00705,0.00545,0.0433,0.10535,0.031799998,0.0115,0.0013,1.6,1.6,0,0.0145,0.03075,0.2725,3.00E-04,1.95,1.95,0,6.05,399.95,0,32.85,10.4,0.033,0.033,0,0.0195,0,0,0.01865,0.1055,2.453,0,1.78,0,5.50E-04,1.50E-04,1.00E-04,2.00E-04,2.00E-04,0,2.00E-04,0,0,0,0,0,0,0,0,0,0,1.00E-04,0,0,0,5.00E-05,1.00E-04,0,2.00E-04,0,0,0,0,0,0,0,0,0,0,0,0,0,0,0,0,0,0,0,0,0,5.00E-05,0,0,5.00E-05,202.6,71.6,131,7.25,10.6,15.1,3.65,7.2,7.15,3.7,9,4.2,3.75,3.3,1.3,19.05,32.75,45,9.45,11.55,8.6,0,4.95,14.2,26.85
1,1,103014,느타리버섯볶음,1420150000a,콩기름,3,27.45,0.0198,2.9793,2.9793,0,0,0,0,0,0,0,0,0,0,0,0,0,0,0,9.00E-04,0,0,0,0,0,0,0,1.4781,0.28785002,0.18030001,0.0243,0.8172,0.4563,0,0,0,0,3.1548,3.1548002,0,0,0,0,0,0,0,0,0,0,0,0,0,0,0,0,0,0,0,0,0,0,0,0,0,0,0,0,0,0,0,0.0792,0.1767,0,0,0,2.84961,0.43851,0.6513,1.71852,1.71852,0.19674,1.52181,0,0,0,0,0,0,0,0.00234,0,0,0.30642,0.00237,0.00243,0,0.10425,0.58488,0.04218,1.52181,0.19674,0,0,0.009,0.02187,0,0,0,0,0,0,0,0.01035,0,0,0,0,0,0,0.00372,0,0.04128,9.00E-04,0.02031,0.020070001,0,0,0,0,0,0,0,0,0,0,0,0,0,0,0,0,0,0,0,0,0,0,0,0,0
1,1,103014,느타리버섯볶음,0611570200a,파: 대파,1,0.23,0.048,0.0015,0.0015,0,0.0178,0.0178,0,0.016,0.002,0.014,0.026300002,4.00E-04,0.0123000005,0.0125,0,0,0.0011,0.928,0.0047,0.23083,0.46167,0,2.77,0,0,0,0,0,0,0,0,0,0,0,0,0,0.8754,0.8754,0,0.0355,6.60E-04,9.40E-04,0.00143,0.00232,7.50E-04,6.80E-04,0,0.2,0.2,0,0,0.00837,0,1.40E-04,0.24,0.24,0,0.3,0,0,1.81,0.1,0.0082,0.0082,0,0.0079,0.2,0,0.00753,0.0938,0,0,0.0191,0,0.00145,6.50E-04,8.00E-05,7.20E-04,7.20E-04,2.50E-04,4.70E-04,0,0,0,0,0,2.00E-05,0,1.00E-05,0,0,3.70E-04,0,0,0,2.10E-04,8.00E-05,0,4.70E-04,2.50E-04,0,0,1.00E-05,0,0,0,0,0,0,0,1.00E-05,2.00E-05,0,0,0,0,0,0,0,0,0,0,0,0,10.82,4.08,6.74,0.35,0.71,0.5,0.12,0.45,0.62,0.05,0.47,0.24,0.57,0.33,0.11,0.48,1.43,2.94,0.39,0.25,0.81,0,0.23,0.83,1.53
1,1,103014,느타리버섯볶음,1610180001a,소금: 식염,1,0,0,0,0,0,0,0,0,0,0,0,0,0,0,0,0,0,0,0.003,0.997,0,0,0,0,0,0,0,0,0,0,0,0,0,0,0,0,0,0,0,0,0,0,0,0,0,0,0,0,0,0,0,0,0,0,0,0.4,0.4,0,0,335.97,0,1.35,0.24,0.002,0.002,0,0,0,0,0,0,0,0,0,0,0,0,0,0,0,0,0,0,0,0,0,0,0,0,0,0,0,0,0,0,0,0,0,0,0,0,0,0,0,0,0,0,0,0,0,0,0,0,0,0,0,0,0,0,0,0,0,0,0,0,0,0,0,0,0,0,0,0,0,0,0,0,0,0,0,0,0,0,0,0,0,0,0,0,0
1,1,103014,느타리버섯볶음,0610500100a,마늘: 국내산: 생것,0.5,0.64,0.1321,8.00E-04,8.00E-04,0,0.03725,0.03725,0,0.019,0.008,0.0115,0.00115,0,0.00115,0,0,0,0,0.324,0.00605,0,0,0,0,0,0,0,0.001,0.001,0.001,0,0,0,0,0,0,0,0,0,0,0.04225,7.25E-04,8.05E-04,0.00249,0.003975,0.00234,1.50E-04,0,0.46,0.46,0,0,0.00542,0.0192,5.40E-04,0.06,0.06,0,0.78,0.015,0,2.655,0.12,0.0039,0.0039,0,0.0033,0.175,0,0.001255,0.00555,0.0173,0,0.05395,0,7.40E-04,2.75E-04,9.00E-05,3.80E-04,3.80E-04,0,3.80E-04,0,0,0,0,0,0,0,1.00E-05,0,0,2.45E-04,0,0,0,1.00E-05,8.50E-05,0,3.80E-04,0,0,0,0,0,0,0,0,0,0,0,0,5.00E-06,0,0,0,0,0,0,5.00E-06,0,0,0,0,0,26.37,13.275,13.095,0.5,0.98,1.035,0.23,0.84,0.695,0.09,0.855,0.465,7.585,0.59,0.54,0.73,3.715,5.335,0.75,0.56,0.875,0,0.77,1.52,2.335
1,1,103014,느타리버섯볶음,0710040001a,느타리버섯: 생것,30,4.5,1.41,0.042,0.042,0,0.78,0.78,0,0.87,0.12,0.75,0.222,0.066,0.15599999,0,0,0,0,27.57,0.201,0,0,0,0,0,0,0,0.009,0.009,0.009,0,0,0,0,0,0,0,0,0,0,0.063,0.0402,0.045,1.5381,1.6737,1.2453,0.2928,0.054,20.4,20.4,0,0,0.5556,2.004,0.0231,0,0,0,30,0.6,0,76.8,4.2,0.234,0.234,0,0.243,17.7,0,0.021,0.018,0.714,0,0.165,0,0.0246,0.0102,0.0021,0.012,0.012,0,0.012,0,0,0,0,0,3.00E-04,0,0,0,9.00E-04,0.0078,0,0,0,9.00E-04,0.0018,3.00E-04,0.012,0,0,0,0,0,0,0,0,0,0,0,0,0,0,0,0,0,0,0,0,0,0,0,0,0,579.9,271.5,308.4,25.8,42.9,34.8,8.7,26.1,30,8.1,41.7,16.5,36.9,21,4.5,49.5,50.7,102.9,27,23.1,28.8,0.9,13.2,55.2,110.4
1,4,246016,단호박크림스프_HS,0150011500i,스프: 크림스프: 가루,20,88.6,13.62,3.18,3.18,0,1.36,1.36,0,0,0,0,0,0,0,0,0,0,0,0.46,1.38,0,0,0,0,0,0,0,0,0,0,0,0,0,0,0,0,0,0,0,0,0,0.06,0.03,0.9,0,0,0,0,0,0,0,0,0,0,0,4.4,4.4,0,24.2,606.4,0,47.6,2.8,0,0,0,0.076,0,0,0,0,0,0,0,0,2.2154,0.7996,1.4158,0,0,0,0,0,0,0,0,0,0,0,0.0132,0,0,0.4486,0,0,0,0.3378,1.4158,0,0,0,0,0,0,0,0,0,0,0,0,0,0,0,0,0,0,0,0,0,0,0,0,0,0,0,0,0,0,0,0,0,0,0,0,0,0,0,0,0,0,0,0,0,0,0,0,0,0,0,0
1,4,246016,단호박크림스프_HS,1310010100a,우유: 보통우유,25,16.25,1.3825,0.83,0,0.83,0.77,0,0.77,0,0,0,1.03,0,0,0,1.03,0,0,21.85,0.1675,13.75,13.75,13.75,0,0,0,0,0,0,0,0,0,0,0,0,0,0,0,0,0,0.1975,0.00525,0.0405,0.07525,0.2025,0.05825,0.017,0,0.5,0.5,0,0.085,0.07375,0.5625,0,28.25,0,28.25,21,9,0,35.75,2.5,0.0125,0,0.0125,0.09,0,0,0,1.52,1.24,0,0.525,2.4225,0.787,0.54225,0.18425,0.02475,0.02025,0.0025,0.022,0.02225,0.01525,0.00825,0.018,0,0.033,5.00E-04,0.08875,0.006,0.007,0.237,0.01375,0.00425,0,0.105,0.1595,0.00375,0.0185,0.002,0,0,0.00175,7.50E-04,2.50E-04,0,0.0015,0,0.00175,2.50E-04,0,7.50E-04,7.50E-04,2.50E-04,5.00E-04,0,0,0,5.00E-04,0,0.03575,0.02725,0.006,0.00225,758.25,345.25,413,30,83.25,58,18,33.75,32.25,7.75,39.5,18.25,24.5,34,8.75,24,56,157,13.75,77.5,42,0,26.75,75.5,152.75
1,4,246016,단호박크림스프_HS,0611630300a,호박: 단호박: 생것,35,19.95,4.7705,0.2275,0.2275,0,0.4165,0.4165,0,1.75,0.525,1.225,1.6589999,0,0.581,1.078,0,0,0,29.26,0.3255,107.04155,214.083,0,1284.5,0,0,0,1.379,1.06855,1.0044999,0.0665,0.308,0,0,0,0,0,0,0,0,4.2455,0.0105,0.0476,0.175,0.38675,0,0.175,0,6.65,6.65,0,0,0.25235,0,0.0069999998,4.2,4.2,0,12.95,0,0,146.65,5.95,0.126,0.126,0,0.2065,18.55,0,0.01715,0,0.3185,0,1.5645,0,0.2233,0.04235,0.08365,0.0973,0.09065,0.02835,0.06895,0,0,0,0,0,0,0,0,0,0,0.03465,0,0,0,0.0077,0.08225,0.00105,0.0623,0.02835,0.00665,0,0,0,0,0,0,0,0,0,0,0,0,0,0,0,0,0,0,0,0,0,0,0,375.2,173.95,201.25,15.4,23.8,22.4,11.9,17.5,12.6,12.6,21,10.15,26.6,12.6,14.7,22.05,48.3,58.45,16.45,13.65,14.7,0.35,26.6,42.7,60.2
3,8,246073,닭배추죽_HS,0610500100a,마늘: 국내산: 생것,10,12.8,2.642,0.016,0.016,0,0.745,0.745,0,0.38,0.16,0.23,0.023,0,0.023,0,0,0,0,6.48,0.121,0,0,0,0,0,0,0,0.02,0.02,0.02,0,0,0,0,0,0,0,0,0,0,0.845,0.0145,0.0161,0.0498,0.079500005,0.0468,0.003,0,9.2,9.2,0,0,0.1084,0.384,0.0108,1.2,1.2,0,15.6,0.3,0,53.1,2.4,0.078,0.078,0,0.066,3.5,0,0.0251,0.111,0.346,0,1.079,0,0.0148,0.0055,0.0018,0.0076,0.0075999997,0,0.0076,0,0,0,0,0,0,0,2.00E-04,0,0,0.0049,0,0,0,2.00E-04,0.0017,0,0.0076,0,0,0,0,0,0,0,0,0,0,0,0,1.00E-04,0,0,0,0,0,0,1.00E-04,0,0,0,0,0,527.4,265.5,261.9,10,19.6,20.7,4.6,16.8,13.9,1.8,17.1,9.3,151.7,11.8,10.8,14.6,74.3,106.7,15,11.2,17.5,0,15.4,30.4,46.7
3,8,246073,닭배추죽_HS,1610180001a,소금: 식염,1,0,0,0,0,0,0,0,0,0,0,0,0,0,0,0,0,0,0,0.003,0.997,0,0,0,0,0,0,0,0,0,0,0,0,0,0,0,0,0,0,0,0,0,0,0,0,0,0,0,0,0,0,0,0,0,0,0,0.4,0.4,0,0,335.97,0,1.35,0.24,0.002,0.002,0,0,0,0,0,0,0,0,0,0,0,0,0,0,0,0,0,0,0,0,0,0,0,0,0,0,0,0,0,0,0,0,0,0,0,0,0,0,0,0,0,0,0,0,0,0,0,0,0,0,0,0,0,0,0,0,0,0,0,0,0,0,0,0,0,0,0,0,0,0,0,0,0,0,0,0,0,0,0,0,0,0,0,0,0
3,8,246073,닭배추죽_HS,0610710000a,배추: 생것,5,0.75,0.16,0.002,0.002,0,0.0625,0.0625,0,0.07,0.01,0.06,0.0875,0,0.044,0.041,0,0,0.0019999999,4.74,0.033,0.60415,1.20835,0,7.25,0,0,0,0.0025,0.00205,0.0019999999,0,5.00E-04,0,0,0,0,0,2.806,2.806,0,0.758,0.0011,0.0026,0.0208,0.02395,0.00815,0.01265,0,1.7,1.7,0,0,0.00685,0,4.50E-04,2.65,2.65,0,2,0.45,0,12.9,0.65,0.018,0.018,0,0.014,0.55,0,0.0099,0.103,0.0285,0,0.387,0,0.00205,6.50E-04,3.00E-04,0.0011,0.0011,9.00E-04,2.00E-04,0,0,0,0,0,0,0,0,0,0,5.50E-04,0,0,0,1.00E-04,1.50E-04,2.00E-04,2.00E-04,9.00E-04,0,0,0,0,0,0,0,0,0,0,0,0,0,0,0,0,0,0,0,0,0,0,0,0,44.55,16.1,28.45,1.95,3.05,2.5,0.1,1.4,1.95,0.2,1.95,0.95,2.05,0.75,0.55,2.95,4.55,14.15,1.8,1.6,2.1,0,0.65,2.35,6.95
3,8,246073,닭배추죽_HS,0930010016a,닭고기: 가슴: 생것 (껍질포함),60,124.8,0.06,8.16,0,8.16,11.28,0,11.28,0,0,0,0,0,0,0,0,0,0,40.14,0.36,28.8,28.8,28.8,0,0,0,0,0,0,0,0,0,0,0,0,0,0,0,0,0,0,0.084,0.192,1.2,0,0,0,0.384,18.6,0,0,0,0,0,0,6,0,6,64.8,34.8,0,141,0,0.48,0,0.48,0.57,30,0,0,0,9.96,0,0,0,0,0,0,0,0,0,0,0,0,0,0,0,0,0,0,0,0,0,0,0,0,0,0,0,0,0,0,0,0,0,0,0,0,0,0,0,0,0,0,0,0,0,0,0,0,0,0,0,0,0,0,0,0,0,0,0,0,0,0,0,0,0,0,0,0,0,0,0,0,0,0,0,0,0,0
3,8,246073,닭배추죽_HS,0120010500a,멥쌀: 논벼: 백미 (국내산): 일반형: 일품,50,176.5,39.25,0.05,0.05,0,2.85,2.85,0,0.48,0,0,0,0,0,0,0,0,0,7.7,0.15,0.1665,0.3335,0,2,0,0,0,0,0,0,0,0,0,0,0,0,0,0,0,0,0,0.07,0.01,0.45,0,0,0,0,0,0,0,0,0,0,0,3,3,0,38.5,2.5,0,46,0,0.7,0.7,0,0,0,0,0,0,0,0,0,0,0,0,0,0,0,0,0,0,0,0,0,0,0,0,0,0,0,0,0,0,0,0,0,0,0,0,0,0,0,0,0,0,0,0,0,0,0,0,0,0,0,0,0,0,0,0,0,0,0,0,0,0,0,0,0,0,0,0,0,0,0,0,0,0,0,0,0,0,0,0,0,0,0,0,0
1,4,246059,돈민찌표고곤약조림_HS,1610060001i,깨소금 가루: 볶은것 ,1,6.38,0.137,0.567,0.567,0,0.181,0.181,0,0.1793,0,0,0,0,0,0,0,0,0,0.069,0.046,0,0,0,0,0,0,0,0,0,0,0,0,0,0,0,0,0,0,0,0,0,0.0051,0.0014,0,0,0,0,0,0,0,0,0,0,0,0,12.23,12.23,0,6.4,0,0,0,3.53,0.19,0.19,0,0.0511,0,0,0,0,0,0,0,0,0.56284,0.07421,0.22862,0.26,0.25742,0,0.26,0,0,0,0,0,0,0,0,0,0,0.04804,0,0,0,0.02617,0.22862,0,0.25742,0,0.00258,0,0,0,0,0,0,0,0,0,0,0,0,0,0,0,0,0,0,0,0,0,0,0,0,0,0,0,0,0,0,0,0,0,0,0,0,0,0,0,0,0,0,0,0,0,0,0,0
1,4,246059,돈민찌표고곤약조림_HS,0610500100a,마늘: 국내산: 생것,1,1.28,0.2642,0.0016,0.0016,0,0.0745,0.0745,0,0.038,0.016,0.023,0.0023,0,0.0023,0,0,0,0,0.648,0.0121,0,0,0,0,0,0,0,0.002,0.002,0.002,0,0,0,0,0,0,0,0,0,0,0.0845,0.00145,0.00161,0.00498,0.00795,0.00468,3.00E-04,0,0.92,0.92,0,0,0.01084,0.0384,0.0010800001,0.12,0.12,0,1.56,0.03,0,5.31,0.24,0.0078,0.0078,0,0.0066,0.35,0,0.00251,0.0111,0.0346,0,0.1079,0,0.00148,5.50E-04,1.80E-04,7.60E-04,7.60E-04,0,7.60E-04,0,0,0,0,0,0,0,2.00E-05,0,0,4.90E-04,0,0,0,2.00E-05,1.70E-04,0,7.60E-04,0,0,0,0,0,0,0,0,0,0,0,0,1.00E-05,0,0,0,0,0,0,1.00E-05,0,0,0,0,0,52.74,26.55,26.19,1,1.96,2.07,0.46,1.68,1.39,0.18,1.71,0.93,15.17,1.18,1.08,1.46,7.43,10.67,1.5,1.12,1.75,0,1.54,3.04,4.67
1,4,246059,돈민찌표고곤약조림_HS,0920050020a,돼지고기: 앞다리: 생것,40,74,0,4.92,0,4.92,6.52,0,6.52,0,0,0,0,0,0,0,0,0,0,28.16,0.4,0.8,0.8,0.8,0,0,0,0,0,0,0,0,0,0,0,0,0,0,0,0,0,0,0.364,0.068,1.36,0,0,0,0.092,1.6,0,0,0.256,0.2392,0,0,0.4,0,0.4,95.6,20,0,47.2,0,0.8,0,0.8,1.132,32,0,0,0,12.32,0,0,24,2.66,1.0532,1.2916,0.3152,0.28399998,0.0144,0.3008,0,0,0,0.0028,0,0.0028,0,0.0484,0,0,0.662,0.0964,0,0,0.3324,1.174,0,0.2708,0.0136,8.00E-04,0,0.0052,0.0216,0.0108,0,0.0028,0,0.016,0,0,0,0,0,0,0,8.00E-04,0,0,0,0,0,0,0,0,0,0,0,0,0,0,0,0,0,0,0,0,0,0,0,0,0,0,0,0,0,0,0,0
1,4,246059,돈민찌표고곤약조림_HS,0710260001a,표고버섯: 참나무: 생것: 생것,25,4.5,1.525,0.075,0.075,0,0.5,0.5,0,0.985,0,0,0,0,0,0,0,0,0,22.7,0.2,0,0,0,0,0,0,0,0,0,0,0,0,0,0,0,0,0,0,0,0,0,0.02,0.0575,1,0,0,0,0,0,0,0,0,0,0,0,1.5,1.5,0,7,1.25,0,45,2.875,0.15,0.15,0,0.1695,0,0,0,0,0,0,0,0,0.0425,0.01,5.00E-04,0.032,0.032,5.00E-04,0.0315,0,0,0,0,0,0,0,0,0,0,0.00825,0,0,0,0.00175,5.00E-04,0,0.0315,5.00E-04,0,0,0,0,0,0,0,0,0,0,0,0,0,0,0,0,0,0,0,0,0,0,0,0,0,0,0,0,0,0,0,0,0,0,0,0,0,0,0,0,0,0,0,0,0,0,0,0,0
1,4,246059,돈민찌표고곤약조림_HS,1610010001i,간장: 왜간장(개량간장),6,3.24,0.3354,0.0114,0.0114,0,0.4446,0.4446,0,0.054,0.042,0.006,0.16679999,0.042,0.0588,0.065400004,0,0,0,4.32,0.8916,0,0,0,0,0,0,0,0,0,0,0,0,0,0,0,0,0,0,0,0,0,0.01158,0.03216,0.18756,0.21443999,0.10494,0.082619995,0,1.8,1.8,0,0,0.03552,0.1572,0,1.5,1.5,0,7.62,328.56,0,25.32,2.82,0.0654,0.0654,0,0.0228,0,0,0.03828,0.0708,1.8402,0,1.2162,0,3.60E-04,1.80E-04,6.00E-05,6.00E-05,6.00E-05,0,6.00E-05,0,0,0,0,0,0,0,0,0,0,6.00E-05,0,0,0,6.00E-05,6.00E-05,0,6.00E-05,0,0,0,0,0,0,0,0,0,0,0,0,0,0,0,0,0,0,0,0,0,6.00E-05,0,0,6.00E-05,310.44,135.6,174.84,14.58,25.38,9.12,3.3,13.38,12.18,1.62,13.86,6.54,35.64,5.64,3.72,20.4,25.14,73.8,27.9,0,18.24,0,7.02,20.64,53.82
1,4,246059,돈민찌표고곤약조림_HS,0320060001a,물엿,3,9.63,2.4909,0,0,0,6.00E-04,6.00E-04,0,0,0,0,0.66179997,0,0,0,0,0.66179997,0,0.507,0.0015,0,0,0,0,0,0,0,0,0,0,0,0,0,0,0,0,0,0,0,0,0,2.10E-04,0,0,0,0,0,0,0,0,0,0,0,0,0,0,0,0,0,0,0,0,0,0,0,0,0,0,0,0,0,0.0111,0,0,0,0,0,0,0,0,0,0,0,0,0,0,0,0,0,0,0,0,0,0,0,0,0,0,0,0,0,0,0,0,0,0,0,0,0,0,0,0,0,0,0,0,0,0,0,0,0,0,0,0,0,0.42,0.03,0.39,0,0,0,0,0,0.03,0,0,0,0,0,0,0,0.09,0.12,0.09,0,0.09,0,0,0,0
1,4,246059,돈민찌표고곤약조림_HS,0310050003a,설탕: 백설탕,3,11.61,2.9988,3.00E-04,3.00E-04,0,0,0,0,0,0,0,2.991,2.991,0,0,0,0,0,0,9.00E-04,0,0,0,0,0,0,0,0,0,0,0,0,0,0,0,0,0,0,0,0,0,0,0.01782,0,0,0,0,0,0,0,0,0,0.0033,0,0,0.12,0.12,0,0,0.03,0,0.03,0.03,0.0039,0.0039,0,0,0,0,0,0,0.0513,0,0.1509,0,2.40E-04,2.40E-04,0,0,0,0,0,0,0,0,0,0,0,0,1.80E-04,0,0,6.00E-05,0,0,0,3.00E-05,0,0,0,0,0,0,0,0,0,0,0,0,0,0,0,0,0,0,0,0,0,0,0,0,0,0,0,0,0.06,0,0.06,0,0,0,0,0,0,0,0,0,0,0,0.06,0,0,0,0,0,0,0,0.06,0,0
1,4,246059,돈민찌표고곤약조림_HS,0611570300a,파: 소파(실파),2,0.32,0.064,0.002,0.002,0,0.03,0.03,0,0.0356,0,0,0,0,0,0,0,0,0,1.886,0.018,1.2,2.4,0,14.4,0,0,0,0,0,0,0,0,0,0,0,0,0,0,0,0,0.48,0.001,0.0016,0.008,0,0,0,0,0,0,0,0,0,0,0,1.5,1.5,0,0.78,0.04,0,5.42,0.26058,0.016,0.016,0,0.01188,0,0,0,0,0,0,0,0,0.00188,5.20E-04,8.00E-05,0.00128,6.60E-04,0,0.00128,0,0,0,0,0,0,0,2.00E-05,0,0,4.40E-04,0,0,0,6.00E-05,8.00E-05,0,6.60E-04,0,6.20E-04,0,0,0,0,0,0,0,0,0,0,0,0,0,0,0,0,0,0,0,0,0,0,0,0,0,0,0,0,0,0,0,0,0,0,0,0,0,0,0,0,0,0,0,0,0,0,0,0
1,4,246059,돈민찌표고곤약조림_HS,1420150000a,콩기름,2,18.3,0.0132,1.9862,1.9862,0,0,0,0,0,0,0,0,0,0,0,0,0,0,0,6.00E-04,0,0,0,0,0,0,0,0.9854,0.1919,0.12020001,0.0162,0.5448,0.3042,0,0,0,0,2.1032,2.1032,0,0,0,0,0,0,0,0,0,0,0,0,0,0,0,0,0,0,0,0,0,0,0,0,0,0,0,0,0,0,0,0.0528,0.1178,0,0,0,1.89974,0.29234,0.4342,1.14568,1.14568,0.13116,1.01454,0,0,0,0,0,0,0,0.00156,0,0,0.20428,0.00158,0.00162,0,0.0695,0.38992,0.02812,1.01454,0.13116,0,0,0.006,0.01458,0,0,0,0,0,0,0,0.0069,0,0,0,0,0,0,0.00248,0,0.027520001,6.00E-04,0.01354,0.01338,0,0,0,0,0,0,0,0,0,0,0,0,0,0,0,0,0,0,0,0,0,0,0,0,0
2,4,246036,돈육김치찜_HS,1610100003a,된장: 재래된장,3,4.26,0.2178,0.2067,0.2067,0,0.408,0.408,0,0.144,0.015,0.129,0.0123,0,0.0066,0.0057,0,0,0,1.746,0.4221,0.01749,0.03501,0,0.21,0,0,0,0.2238,0.0243,0.009000001,0,0.1263,0.0885,0,0,0,0,0.2754,0.2754,0,0,0.01332,0.00552,0.0204,0.08469,0.01677,0.00366,0.00303,0.9,0.9,0,0.0051,0.04365,0.2205,9.90E-04,3.42,3.42,0,6.24,154.56,0,14.19,5.76,0.0975,0.0975,0,0.0573,13.95,0,0.03798,0.0801,1.2864,0,6.2898,0,0.1878,0.03024,0.03909,0.1179,0.117690004,0.01716,0.10074,0,0,0,0,0,0,0,1.80E-04,0,0,0.02136,1.80E-04,2.40E-04,0,0.00663,0.03576,0.00279,0.10053,0.01716,0,0,6.00E-04,3.30E-04,1.20E-04,0,0,0,9.00E-05,0,6.00E-05,8.70E-04,0,0,0,0,0,0,3.00E-04,0,5.70E-04,1.20E-04,2.10E-04,2.40E-04,325.83,140.58,185.25,14.04,28.02,21.27,5.04,17.88,13.77,3.87,16.41,7.56,12.72,11.55,5.25,20.88,37.95,57.03,16.26,17.55,18.78,0,10.29,33.3,58.47
2,4,246036,돈육김치찜_HS,1420150000a,콩기름,7,64.05,0.0462,6.9517,6.9517,0,0,0,0,0,0,0,0,0,0,0,0,0,0,0,0.0021,0,0,0,0,0,0,0,3.4489,0.67165,0.4207,0.0567,1.9068,1.0647,0,0,0,0,7.3612,7.3612003,0,0,0,0,0,0,0,0,0,0,0,0,0,0,0,0,0,0,0,0,0,0,0,0,0,0,0,0,0,0,0,0.1848,0.4123,0,0,0,6.64909,1.02319,1.5197,4.00988,4.00988,0.45906,3.55089,0,0,0,0,0,0,0,0.00546,0,0,0.71498,0.00553,0.00567,0,0.24325,1.36472,0.09842,3.55089,0.45906,0,0,0.021,0.05103,0,0,0,0,0,0,0,0.02415,0,0,0,0,0,0,0.00868,0,0.09632,0.0021,0.04739,0.046830002,0,0,0,0,0,0,0,0,0,0,0,0,0,0,0,0,0,0,0,0,0,0,0,0,0
2,4,246036,돈육김치찜_HS,0920050012a,돼지고기: 목살: 생것,55,124.85,0,8.998,0,8.998,9.4655,0,9.4655,0,0,0,0,0,0,0,0,0,0,34.1,0.495,8.800001,8.8,8.8,0,0.3355,0,0.3355,0.22,0.2002,0.19800001,0,0.022000002,0,0,0,0,0,0,0,0,0,0.363,0.16115,1.71545,2.94305,0,1.71545,0,0,0,0,0.6325,0.30635,0.682,0.008800001,4.4,0,4.4,100.65,28.05,0,165.55,10.45,0.4015,0,0.4015,1.353,26.4,0,0,2.233,10.1805,0,0.3575,35.7445,8.0806,3.2494,3.4991,1.26005,1.1077001,0.08855,1.17095,0,0,0,0.00935,0,0.011,0,0.14245,0,0,1.9767,0.1925,0.033,0,1.06535,2.9777,0.26565003,1.0428,0.0649,0.02035,0,0.011,0.06325,0.0418,0.00935,0.0121,0,0.05445,0.0011,0,0,0,0,0.00825,0,0.00495,0,0,0,0.0726,0.051150005,0.021450002,0,8395.2,4112.9,4282.3003,342.1,715,750.75,245.85,328.9,399.3,73.7,389.95,304.7,562.65,272.8,106.15,526.9,804.1,1335.4,490.05,384.45,362.45,0,352,675.4,1447.05
2,4,246036,돈육김치찜_HS,0620070001i,김치: 배추김치: 조리,60,22.8,3.744,0.342,0.171,0.171,1.182,0.591,0.591,2.58,0.42,2.16,1.7219999,0.096,0.858,0.70199996,0,0.066,0,53.28,1.476,17.6502,35.2998,0,211.8,0,0,0,0.528,0.447,0.43800002,0,0.09,0,0,0,0,0,52.344,52.343998,0,2.166,0.0312,0.0636,0.3366,0.3792,0.1842,0.1524,0,33,33,0,0,0.3282,0,0.0396,30.6,15.3,15.3,31.8,355.8,0,213,15,0.306,0.153,0.153,0.264,19.2,0,0.1812,3.126,2.04,0,4.338,0,0.3744,0.0558,0.0708,0.2472,0.1986,0.0234,0.2244,0,0,0,0,0,0,0,0,0,0,0.0444,0,0,0,0.0108,0.0636,0.0072,0.1752,0.0234,0.0486,0,0,0,0,0,0,0,0,0,0,0,0,0,0,0,0,0,0,0,6.00E-04,0,6.00E-04,0,831.6,324.6,507,34.2,57,39,9.6,36.6,42.6,2.4,27,18,58.2,20.4,6,33.6,111,219,40.2,34.8,41.4,0.6,15.6,59.4,118.2
2,4,246036,돈육김치찜_HS,0611570200a,파: 대파,20,4.6,0.96,0.03,0.03,0,0.356,0.356,0,0.32,0.04,0.28,0.526,0.007999999,0.246,0.25,0,0,0.022,18.56,0.094,4.6166,9.2334,0,55.4,0,0,0,0,0,0,0,0,0,0,0,0,0,17.508,17.508,0,0.71,0.0132,0.0188,0.0286,0.0464,0.015000001,0.013600001,0,4,4,0,0,0.1674,0,0.0028000001,4.8,4.8,0,6,0,0,36.2,2,0.164,0.164,0,0.158,4,0,0.1506,1.876,0,0,0.382,0,0.029,0.013,0.0016,0.0144,0.0144,0.005,0.0094,0,0,0,0,0,4.00E-04,0,2.00E-04,0,0,0.0074,0,0,0,0.0042,0.0016,0,0.0094,0.005,0,0,2.00E-04,0,0,0,0,0,0,0,2.00E-04,4.00E-04,0,0,0,0,0,0,0,0,0,0,0,0,216.4,81.6,134.8,7,14.2,10,2.4,9,12.4,1,9.4,4.8,11.4,6.6,2.2,9.6,28.6,58.8,7.8,5,16.2,0,4.6,16.6,30.6
2,4,246036,돈육김치찜_HS,0710240001a,새송이버섯 (큰느타리버섯): 생것,40,8,2.616,0.092,0.092,0,1.168,1.168,0,1.28,0.16,1.12,0.1,0,0.1,0,0,0,0,35.84,0.276,0,0,0,0,0,0,0,0,0,0,0,0,0,0,0,0,0,0,0,0,0,0.0196,0.0916,2.1044,2.3284001,1.9916,0.1128,0.0568,21.2,21.2,0,0,0.1632,1.06,0.027200002,0.4,0.4,0,37.2,2.4,0,122.8,5.2,0.144,0.144,0,0.364,30,0,0.0332,0.444,0.8,0,0.068,0,0.0692,0.016,0.0084,0.0444,0.0444,0,0.0444,0,0,0,0,0,0,0,4.00E-04,0,0.0012,0.0124,0,0,0,0.0016,0.008,4.00E-04,0.0444,0,0,0,0,0,0,0,0,0,0,0,0,0,0,0,0,0,0,0,0,0,0,0,0,0,850,389.2,460.8,40.4,68.8,63.2,11.6,38.4,46.8,13.6,49.6,18.8,38,29.6,12,74,86,116,48.4,47.2,47.6,0,23.6,81.6,158.8
2,4,246036,돈육김치찜_HS,1610010006i,간장: 양조간장,3,3.09,0.4962,0,0,0,0.2745,0.2745,0,0.024,0.012,0.012,0,0,0,0,0,0,0,1.803,0.4263,0,0,0,0,0,0,0,0.0012,0.0011999999,0.0011999999,0,0,0,0,0,0,0,0,0,0,0,0.00117,0.04872,0.03927,0.05202,0.01443,0.024840001,0,1.08,1.08,0,0,0,0,0.0011999999,0.75,0.75,0,4.35,143.49,0,14.4,2.07,0.0489,0.0489,0,0.024,0.09,0,0.02889,0,0,0,0.9924,0,6.60E-04,1.50E-04,5.10E-04,0,0,0,0,0,0,0,0,0,0,0,0,0,0,6.00E-05,0,0,0,9.00E-05,5.10E-04,0,0,0,0,0,0,0,0,0,0,0,0,0,0,0,0,0,0,0,0,0,0,0,0,0,0,0,231.12,96.78,134.34,12.72,18.99,13.08,1.59,11.64,9.6,0.78,12.9,4.65,10.83,3.27,2.01,12.12,26.13,53.76,10.74,13.65,12.66,0,3.6,15.69,44.61
2,4,246036,돈육김치찜_HS,1530130100a,청주: 알코올 16%,7,9.24,0.2968,0,0,0,0.0287,0.0287,0,0,0,0,0.21769999,0.0245,0.19319999,0,0,0,0,5.593,0.0035,0,0,0,0,0,0,0,0.0245,0.01344,0.0119,7.00E-04,0.0119,0,0,0,0,0,0,0,0,0,0,0,0,0,0,0,0,0,0,0,0,0.02324,0,0.0023800002,0.28,0.28,0,0.63,0.21,0,0.63,0.07,0.0014,0.0014,0,0.0112,0.21,0,0.01603,0.1127,0.0182,0,0.0196,0,1.40E-04,7.00E-05,7.00E-05,0,0,0,0,0,0,0,0,0,0,0,0,0,0,0,0,0,0,7.00E-05,7.00E-05,0,0,0,0,0,0,0,0,0,0,0,0,0,0,0,0,0,0,0,0,0,0,0,0,0,0,0,0.14,0.14,0,0,0,0,0,0,0,0,0,0,0.14,0,0,0,0,0,0,0,0,0,0,0,0
2,4,246036,돈육김치찜_HS,0310050001a,설탕: 설탕가루(분말),3,11.67,2.9931,0,0,0,0,0,0,0,0,0,2.9343,0,0,0,0,0,0,0.0069,3.00E-04,0,0,0,0,0,0,0,0,0,0,0,0,0,0,0,0,0,0,0,0,0,0,5.70E-04,0,0,0,0,0,0,0,0,0,0,0,0,0.03,0.03,0,0,0.06,0,0.06,0,0.0018,0.0018,0,3.00E-04,0.21,0,1.20E-04,0,0.018,0,0,0,0,0,0,0,0,0,0,0,0,0,0,0,0,0,0,0,0,0,0,0,0,0,0,0,0,0,0,0,0,0,0,0,0,0,0,0,0,0,0,0,0,0,0,0,0,0,0,0,0,0,0,0,0,0,0,0,0,0,0,0,0,0,0,0,0,0,0,0,0,0,0,0,0,0,0
2,6,246025,돈육육전_HS,0920050030d,돼지고기: 목심(목심살): 구운것(팬),55,145.2,0,9.4765,0,9.4765,13.233,0,13.233,0,0,0,0,0,0,0,0,0,0,30.745,0.671,1.65,1.65,1.65,0,0.4015,0,0.40150002,0.1485,0.1133,0.11,0,0.022,0,0,0.0165,0,0,0,0,0,0.495,0.3575,0.2057,1.71435,3.57775,0,1.7143501,0,0,0,0,0.682,0.8129,0.7865,0.0242,3.85,0,3.85,137.5,35.75,0,239.8,13.75,0.583,0,0.583,2.0625,40.7,0,0.00165,1.6445,14.9325,0,0.4345,50.2095,9.05905,3.52825,4.0986,1.36565,1.2111,0.0913,1.27435,0,0,0,0.01155,0,0.01155,0,0.13915,0,0,2.1604,0.2189,0.0418,0,1.1506,3.5255,0.27665,1.14015,0.0704,0,0,0.01375,0.07755,0.0517,0.011,0.01595,0,0.06655,0,0,0,0,0,0.0099,0,0,0,0,0,0.06655,0.04455,0.02145,0,11973.5,5935.05,6038.45,504.9,1044.45,1074.7,360.25,474.1,562.1,111.65,558.8,430.65,813.45,394.35,140.25,732.6,1139.05,1881.55,689.15,553.3,508.2,0,500.5,980.1,2108.15
2,6,246025,돈육육전_HS,1610010005i,간장: 양념간장,2.5,4.9025,0.425,0.3175,0.3175,0,0.0975,0.0975,0,0.02,0,0,0.075,0,0,0,0,0,0,0,0,0,0,0,0,0,0,0,0,0,0,0,0,0,0,0,0,0,0,0,0,0.085,0.0015,0,0.0225,0,0,0,0.00325,1.135,0,0,0,0.0095,0,0,2.865,2.865,0,1.6375,164.416,0,4.195,0,0.0625,0.0625,0,0.00825,1.25,0,0,0,0.02,0,0,0,0,0,0,0,0,0,0,0,0,0,0,0,0,0,0,0,0,0,0,0,0,0,0,0,0,0,0,0,0,0,0,0,0,0,0,0,0,0,0,0,0,0,0,0,0,0,0,0,0,0,0,0,0,0,0,0,0,0,0,0,0,0,0,0,0,0,0,0,0,0,0,0,0,0,0
2,6,246025,돈육육전_HS,0120040400a,찹쌀: 찹쌀가루,15,56.25,12.312,0.0855,0.0855,0,0.966,0.966,0,0.12,0.045,0.075,0.012,0.0045,0.006,0.0015,0,0,0,1.605,0.0315,0,0,0,0,0,0,0,0.0285,0.01455,0.012,0.003,0,0.0015,0.003,0.0015,0.0045,0.003,0,0,0,0,0.0096,0.0036,0.02385,0.15945,0,0.02385,0,2.4,2.4,0,0,0.12105,0,0.0042000003,1.5,1.5,0,5.7,0.45,0,4.95,1.5,0.0105,0.0105,0,0.1425,23.55,0,0.06585,0.8415,0.258,0,5.0655,0,0.08295,0.0288,0.0162,0.0372,0.0366,0.00135,0.036,0,0,0,0,0,0,0,0.00135,0,0,0.0246,0,0,0,0.00195,0.0156,7.50E-04,0.03525,0.00135,7.50E-04,0,3.00E-04,0,0,0,0,0,0,0,0,1.50E-04,0,0,0,0,0,0,6.00E-04,0,4.50E-04,1.50E-04,4.50E-04,0,802.95,385.05,417.9,42.9,83.7,30.75,22.5,46.05,41.7,8.1,54.45,8.4,46.5,8.1,12.45,0.3,91.65,211.8,37.65,55.05,0.9,0,34.95,62.25,181.05
2,6,246025,돈육육전_HS,0611600100a,파프리카: 녹색과: 국산,5,0.7,0.15,0.005,0.005,0,0.05,0.05,0,0,0,0,0,0,0,0,0,0,0,4.775,0.02,0.77085,1.54165,0,9.25,0,0,0,0,0,0,0,0,0,0,0,0,0,0,0,0,8.1,0.003,5.00E-04,0.01,0,0,0,0,0,0,0,0,0,0,0,0.6,0.6,0,0.95,0.3,0,12.75,0,0.065,0.065,0,0,0,0,0,0,0,0,0,0,0.0017,5.00E-04,5.00E-05,0.00115,8.50E-04,0,0.0011,0,0,0,0,0,0,0,0,0,0,4.00E-04,0,0,0,1.00E-04,5.00E-05,0,8.50E-04,0,2.50E-04,0,0,0,0,0,0,0,0,0,0,0,0,0,0,0,0,0,0,0,0,0,0,0,0,0,0,0,0,0,0,0,0,0,0,0,0,0,0,0,0,0,0,0,0,0,0,0,0
2,6,246025,돈육육전_HS,1010010001a,달걀: 전란: 생것,20,27.2,0.158,1.65,0,1.65,2.582,0,2.582,0,0,0,0.022000002,0,0.022000002,0,0,0,0,15.42,0.19,24.233402,24.2666,24.2,0.4,0.208,0,0.20799999,0.394,0.27980003,0.26400003,0,0.116000004,0,0.014,0,0,0,2.116,0,2.1160002,0,0.0138,0.0644,0.0072,0.48260003,0,0.0072,0.0224,11.2,11.2,0,0.236,0.3064,4.762,0.0050000004,9.4,0,9.4,34.6,27.8,0,25.4,2.4,0.384,0,0.384,0.24,8.4,0,0.0062,5.974,6.582,0,0.948,60.662,1.4552,0.5162,0.6868,0.2456,0.212,0.0156,0.23,0,0,0,2.00E-04,0,2.00E-04,0,0.0056,0.0012,0.001,0.3636,0.043,0.0050000004,0,0.1208,0.6054,0.0324,0.2076,0.0044,2.00E-04,0,4.00E-04,0.0038,0.0022,0,0.0028,0,0.017,0,8.00E-04,2.00E-04,0,0,0.001,0,0.01,0.0182,4.00E-04,8.00E-04,0.0066000004,0.0034000003,0.0016000002,0.0016000002,2494.0002,1270.2001,1223.8,141.8,223,201.2,81.2,128.4,111.4,28.6,150,55.6,149,105,37.4,144.8,254.4,324.2,86,90.6,178.4,3,118.6,262,514.80005
2,6,246025,돈육육전_HS,1420150000a,콩기름,2.5,22.875,0.0165,2.48275,2.48275,0,0,0,0,0,0,0,0,0,0,0,0,0,0,0,7.50E-04,0,0,0,0,0,0,0,1.23175,0.239875,0.15025,0.02025,0.681,0.38025,0,0,0,0,2.629,2.6290002,0,0,0,0,0,0,0,0,0,0,0,0,0,0,0,0,0,0,0,0,0,0,0,0,0,0,0,0,0,0,0,0.066,0.14725,0,0,0,2.37468,0.365425,0.54275,1.4321,1.4321,0.16395,1.26818,0,0,0,0,0,0,0,0.00195,0,0,0.25535,0.001975,0.002025,0,0.086875,0.4874,0.03515,1.26818,0.16395,0,0,0.0075,0.018225,0,0,0,0,0,0,0,0.008625,0,0,0,0,0,0,0.0031,0,0.0344,7.50E-04,0.016925,0.016725,0,0,0,0,0,0,0,0,0,0,0,0,0,0,0,0,0,0,0,0,0,0,0,0,0
2,6,246025,돈육육전_HS,1610180001a,소금: 식염,0.5,0,0,0,0,0,0,0,0,0,0,0,0,0,0,0,0,0,0,0.0015,0.4985,0,0,0,0,0,0,0,0,0,0,0,0,0,0,0,0,0,0,0,0,0,0,0,0,0,0,0,0,0,0,0,0,0,0,0,0.2,0.2,0,0,167.985,0,0.675,0.12,0.001,0.001,0,0,0,0,0,0,0,0,0,0,0,0,0,0,0,0,0,0,0,0,0,0,0,0,0,0,0,0,0,0,0,0,0,0,0,0,0,0,0,0,0,0,0,0,0,0,0,0,0,0,0,0,0,0,0,0,0,0,0,0,0,0,0,0,0,0,0,0,0,0,0,0,0,0,0,0,0,0,0,0,0,0,0,0,0
2,6,246025,돈육육전_HS,1610400001b,후추: 분말,0.05,0.153,0.028,0.00205,0.00205,0,0.00565,0.00565,0,0.01229,0,0,0,0,0,0,0,0,0,0.00755,0.0019,0.0055,0.011,0,0.066,0,0,0,0,0,0,0,0,0,0,0,0,0,0.08185,0,0,0,5.50E-05,1.10E-04,5.50E-04,0,0,0,1.70E-04,0.005,0,0,0,0,0,0,0.1405,0.1405,0,0.0835,0.023,0,0.5515,0,0.00975,0.00975,0,7.10E-04,0.55,0,0.002815,0.0041,0.00155,0,0,0,0,0,0,0,0,0,0,0,0,0,0,0,0,0,0,0,0,0,0,0,0,0,0,0,0,0,0,0,0,0,0,0,0,0,0,0,0,0,0,0,0,0,0,0,0,0,0,0,0,0,0,0,0,0,0,0,0,0,0,0,0,0,0,0,0,0,0,0,0,0,0,0,0,0,0
1,6,246018,돈채가지볶음_HS,0920050049a,돼지고기: 앞다리(앞다리살): 생것,40,64.4,0,3.168,0,3.168,8.224,0,8.224,0,0,0,0,0,0,0,0,0,0,28.56,0.396,1.6,1.6,1.6,0,0.272,0,0.272,0.164,0.1436,0.14,0,0.012,0,0.007999999,0,0.0039999997,0,0,0,0,0.432,0.2088,0.0436,2.0452,3.2744,0,2.0451999,0,0.8,0.8,0,0.18,0.4072,0.684,0.013600001,2,0,2,72.4,20,0,130.8,8.4,0.276,0,0.276,1.008,14.4,0,0.002,0.272,7.664,0,0.332,24.34,3.028,1.1428,1.3068,0.5568,0.51919997,0.03,0.5268,0,0,0,0.0032,0,0.0084,0,0.058,0.0016,0.0028000001,0.6764,0.0736,0.0172,0,0.3332,1.1088,0.098400004,0.4976,0.0216,0,0,0.0044,0.0244,0.022,0.004,0.0076,0,0,0,0.0032000002,0,0,0,0.004,0,0,0.0368,0,0,0.0212,0.0116,0.006,0.0036,7856.8,3936.8,3920,391.6,623.6,691.6,187.6,328.4,362.8,73.6,430,314.8,532.8,288.4,76.8,483.2,732.8,1245.6,432,339.2,322,0,264.4,690.4,1445.2
1,6,246018,돈채가지볶음_HS,0610030000a,가지: 생것,25,4.75,1.09,0.0075,0.0075,0,0.2825,0.2825,0,0.675,0.1,0.575,0.58,0,0.2725,0.3075,0,0,0,23.475,0.145,1.08325,2.16675,0,13,0,0,0,0,0,0,0,0,0,0,0,0,0,0,0,0,0,0.00875,0.04075,0.0915,0.135,0.0032500003,0.088250004,0,3.25,3.2500002,0,0,0.11,0.6175,0.00275,4,4,0,8.75,0,0,58,3.75,0.065,0.065,0,0.1375,10.75,0,0.0295,0,0,0,1.1475,0,0.0185,0.008,7.50E-04,0.01,0.00725,0,0.01,0,0,0,0,0,0,0,0,0,0,0.00525,0,0,0,0.00275,7.50E-04,0,0.00725,0,0.0025,0,0,0,0,0,0,0,0,0,0,0,0,0,0,0,0,0,0,0,0,0,0,0,249.5,107.75001,141.75,10,15.5,16.75,3.25,11.5,10.25,2.5,13.25,7.25,17.5,7.5,3.25,11.5,42.25,45.25,10.25,10.75,11,0,6.5,21.5,38.75
1,6,246018,돈채가지볶음_HS,1610010001i,간장: 왜간장(개량간장),5,2.7,0.2795,0.0095,0.0095,0,0.3705,0.3705,0,0.045,0.035,0.005,0.139,0.035,0.049000002,0.054500002,0,0,0,3.6,0.743,0,0,0,0,0,0,0,0,0,0,0,0,0,0,0,0,0,0,0,0,0,0.00965,0.0268,0.1563,0.1787,0.08745,0.068849996,0,1.5,1.5,0,0,0.0296,0.131,0,1.25,1.25,0,6.35,273.8,0,21.1,2.35,0.0545,0.0545,0,0.019,0,0,0.0319,0.059,1.5335,0,1.0135,0,3.00E-04,1.50E-04,5.00E-05,5.00E-05,5.00E-05,0,5.00E-05,0,0,0,0,0,0,0,0,0,0,5.00E-05,0,0,0,5.00E-05,5.00E-05,0,5.00E-05,0,0,0,0,0,0,0,0,0,0,0,0,0,0,0,0,0,0,0,0,0,5.00E-05,0,0,5.00E-05,258.7,113,145.7,12.15,21.15,7.6,2.75,11.15,10.15,1.35,11.55,5.45,29.7,4.7,3.1,17,20.95,61.5,23.25,0,15.2,0,5.85,17.2,44.85
1,6,246018,돈채가지볶음_HS,0611570300a,파: 소파(실파),2,0.32,0.064,0.002,0.002,0,0.03,0.03,0,0.0356,0,0,0,0,0,0,0,0,0,1.886,0.018,1.2,2.4,0,14.4,0,0,0,0,0,0,0,0,0,0,0,0,0,0,0,0,0.48,0.001,0.0016,0.008,0,0,0,0,0,0,0,0,0,0,0,1.5,1.5,0,0.78,0.04,0,5.42,0.26058,0.016,0.016,0,0.01188,0,0,0,0,0,0,0,0,0.00188,5.20E-04,8.00E-05,0.00128,6.60E-04,0,0.00128,0,0,0,0,0,0,0,2.00E-05,0,0,4.40E-04,0,0,0,6.00E-05,8.00E-05,0,6.60E-04,0,6.20E-04,0,0,0,0,0,0,0,0,0,0,0,0,0,0,0,0,0,0,0,0,0,0,0,0,0,0,0,0,0,0,0,0,0,0,0,0,0,0,0,0,0,0,0,0,0,0,0,0
1,6,246018,돈채가지볶음_HS,0610500100a,마늘: 국내산: 생것,2,2.56,0.5284,0.0032,0.0032,0,0.149,0.149,0,0.076,0.032,0.046,0.0046,0,0.0046,0,0,0,0,1.296,0.0242,0,0,0,0,0,0,0,0.004,0.004,0.004,0,0,0,0,0,0,0,0,0,0,0.169,0.0029,0.00322,0.00996,0.0159,0.00936,6.00E-04,0,1.84,1.84,0,0,0.02168,0.0768,0.0021600001,0.24,0.24,0,3.12,0.06,0,10.62,0.48,0.0156,0.0156,0,0.0132,0.7,0,0.00502,0.0222,0.0692,0,0.2158,0,0.00296,0.0011,3.60E-04,0.00152,0.0015199999,0,0.00152,0,0,0,0,0,0,0,4.00E-05,0,0,9.80E-04,0,0,0,4.00E-05,3.40E-04,0,0.00152,0,0,0,0,0,0,0,0,0,0,0,0,2.00E-05,0,0,0,0,0,0,2.00E-05,0,0,0,0,0,105.48,53.1,52.38,2,3.92,4.14,0.92,3.36,2.78,0.36,3.42,1.86,30.34,2.36,2.16,2.92,14.86,21.34,3,2.24,3.5,0,3.08,6.08,9.34
1,6,246018,돈채가지볶음_HS,1420150000a,콩기름,2,18.3,0.0132,1.9862,1.9862,0,0,0,0,0,0,0,0,0,0,0,0,0,0,0,6.00E-04,0,0,0,0,0,0,0,0.9854,0.1919,0.12020001,0.0162,0.5448,0.3042,0,0,0,0,2.1032,2.1032,0,0,0,0,0,0,0,0,0,0,0,0,0,0,0,0,0,0,0,0,0,0,0,0,0,0,0,0,0,0,0,0.0528,0.1178,0,0,0,1.89974,0.29234,0.4342,1.14568,1.14568,0.13116,1.01454,0,0,0,0,0,0,0,0.00156,0,0,0.20428,0.00158,0.00162,0,0.0695,0.38992,0.02812,1.01454,0.13116,0,0,0.006,0.01458,0,0,0,0,0,0,0,0.0069,0,0,0,0,0,0,0.00248,0,0.027520001,6.00E-04,0.01354,0.01338,0,0,0,0,0,0,0,0,0,0,0,0,0,0,0,0,0,0,0,0,0,0,0,0,0
1,6,246018,돈채가지볶음_HS,1420140000a,참기름,1.5,13.755,0.0021,1.49385,1.49385,0,0,0,0,0,0,0,0,0,0,0,0,0,0,0.003,0.00105,0.013755,0.027495,0,0.165,0,0,0,0.6378,0.086655,0.0261,0,0.60284996,0.00885,0,0,0,0,0.1368,0.13679999,0,0,0,0.00105,0,0,0,0,0,0,0,0,0,0,0.05745,2.25E-04,0.645,0.645,0,1.485,0.24,0,0.84,0.525,0.02625,0.02625,0,0.00735,1.26,0,0.00234,0,0,0,0,0,1.43355,0.219705,0.572535,0.636945,0.632325,0.00801,0.628935,0,0,0,0,0,0,0,0,0,0,0.130395,0.001965,0.0010200001,0,0.07707,0.55503,0.0132450005,0.624315,0.00801,0.00462,0,0.00867,0.002295,0,0,0,0,0,0,0,0.00135,0,0,0,0,0,0,0.0012,0,0.004365,0,0.004365,0,0.615,0.21,0.405,0.03,0.105,0,0.015,0,0.015,0,0.045,0,0,0,0.03,0.045,0.015,0.075,0.03,0.18,0.03,0,0.045,0,0.18
1,6,246018,돈채가지볶음_HS,0520010004e,참깨: 흰깨: 볶은것,0.5,2.785,0.10915,0.22555,0.22555,0,0.1298,0.1298,0,0.0705,0.0085,0.062,0,0,0,0,0,0,0,0.013,0.0225,0.0054149996,0.010835,0,0.065,0,0,0,0.1149,0.01193,6.00E-04,0,0.1129,0.0014,0,0,0,0,0,0,0,0,0.001725,0.01466,0.018735,0.047420003,0.017339999,0.001395,0,0.75,0.75,0,0,0.00314,0,0,4.27,4.27,0,3.51,0.01,0,2.295,1.765,0.03195,0.03195,0,0.02555,5.515,0,0.00652,0,0.01655,0,0.1929,0,0.216495,0.03549,0.08835,0.09238,0.091515,8.60E-04,0.09152,0,0,0,0,0,0,0,4.50E-05,0,0,0.020855,3.05E-04,1.65E-04,0,0.01255,0.08561,0.00202,0.090655,8.60E-04,7.45E-04,0,0.00138,3.90E-04,1.20E-04,0,0,0,0,0,0,2.80E-04,0,0,0,0,0,4.50E-05,1.75E-04,2.50E-05,2.75E-04,1.00E-04,1.30E-04,4.50E-05,107.985,50.605,57.38,3.885,7.74,3.07,2.86,5.065,4.025,1.725,4.93,2.82,14.485,3.795,2.24,5.385,9.31,21.775,5.82,3.825,5.23,0,5.1,10.585,16.555
1,6,246018,돈채가지볶음_HS,1610180001a,소금: 식염,0.2,0,0,0,0,0,0,0,0,0,0,0,0,0,0,0,0,0,0,6.00E-04,0.1994,0,0,0,0,0,0,0,0,0,0,0,0,0,0,0,0,0,0,0,0,0,0,0,0,0,0,0,0,0,0,0,0,0,0,0,0.08,0.08,0,0,67.194,0,0.27,0.048,4.00E-04,4.00E-04,0,0,0,0,0,0,0,0,0,0,0,0,0,0,0,0,0,0,0,0,0,0,0,0,0,0,0,0,0,0,0,0,0,0,0,0,0,0,0,0,0,0,0,0,0,0,0,0,0,0,0,0,0,0,0,0,0,0,0,0,0,0,0,0,0,0,0,0,0,0,0,0,0,0,0,0,0,0,0,0,0,0,0,0,0
1,6,246071,두부양념조림_HS,1610060001i,깨소금 가루: 볶은것 ,0.2,1.276,0.0274,0.1134,0.1134,0,0.0362,0.0362,0,0.03586,0,0,0,0,0,0,0,0,0,0.0138,0.0092,0,0,0,0,0,0,0,0,0,0,0,0,0,0,0,0,0,0,0,0,0,0.00102,2.80E-04,0,0,0,0,0,0,0,0,0,0,0,0,2.446,2.446,0,1.28,0,0,0,0.706,0.038,0.038,0,0.01022,0,0,0,0,0,0,0,0,0.112568,0.014842,0.045724,0.052,0.051484004,0,0.052,0,0,0,0,0,0,0,0,0,0,0.009608,0,0,0,0.005234,0.045724,0,0.051484,0,5.16E-04,0,0,0,0,0,0,0,0,0,0,0,0,0,0,0,0,0,0,0,0,0,0,0,0,0,0,0,0,0,0,0,0,0,0,0,0,0,0,0,0,0,0,0,0,0,0,0,0
1,6,246071,두부양념조림_HS,0430010001a,두부: 두부(대두가공),60,58.2,2.25,2.778,2.778,0,5.772,5.772,0,1.74,0.18,1.56,0,0,0,0,0,0,0,48.72,0.48,0,0,0,0,0,0,0,3.738,0.41820002,0.138,0,2.46,1.14,0,0,0,0,0,0,0,0,0.0192,0.1074,0.0954,1.1844001,0,0.09539999,0,12.6,12.599999,0,0,0,0,0.0042000003,38.4,38.4,0,94.8,0.6,0,79.2,48,0.924,0.924,0,0.702,75.6,0,0.4632,0,0.528,0,26.454,0,2.8854,0.4182,0.5664,1.893,1.6638,0.2328,1.6602,0,0,0,0,0,0,0,0.003,0,6.00E-04,0.3054,0.0024,0.0024,0,0.0774,0.5208,0.0378,1.4316,0.2328,0.2274,0,0.0084,0.006,0.0012,0,0,0,0,0,0.0012,0.0114,0,0,0,0,0,0.0018000001,0.006,0,0.008400001,0.0018000001,0.0042000003,0.0024,5107.8,2278.2002,2829.6,208.8,425.4,311.4,66.6,272.4,209.4,65.4,204,130.2,384.6,183,96,224.4,607.8,945,212.4,273.6,287.4,0,162.6,520.8,838.19995
1,6,246071,두부양념조림_HS,0920050008a,돼지고기: 등심: 생것,10,14.2,0,0.458,0,0.458,2.333,0,2.333,0,0,0,0,0,0,0,0,0,0,7.11,0.11,0.3,0.3,0.3,0,0.025,0,0.025,0.031,0.0276,0.027,0,0.003,0,1.00E-03,0,0,0,0,0,0,0.075,0.0627,0.0147,0.3168,0.7323,0,0.3168,0,0.1,0.1,0,0.037,0.0598,0.178,0.0046,0.4,0,0.4,22.2,4.2,0,37,2.5,0.043,0,0.043,0.156,2,0,2.00E-04,0.02,2.309,0,0.099,5.439,0.4335,0.1682,0.1905,0.0722,0.0662,0.0041,0.068,0,0,0,5.00E-04,0,8.00E-04,0,0.0076,1.00E-04,2.00E-04,0.0988,0.0114,0.0022,0,0.0512,0.1598,0.0155,0.0634,0.0028,0.001,0,7.00E-04,0.0037,0.0026,5.00E-04,0.001,0,0,0,2.00E-04,0,0,0,7.00E-04,0,2.00E-04,0.0059,0,0,0.0027,0.0015,7.00E-04,4.00E-04,2083.7,1055.8,1027.9,97.6,178.7,173.9,56.8,92.1,106.1,24.9,117.2,87.1,121.4,78.6,27.9,135.9,201.9,301,116.5,78.4,87.7,0,84.7,195.6,393.5
1,6,246071,두부양념조림_HS,1610010001i,간장: 왜간장(개량간장),10,5.4,0.559,0.019,0.019,0,0.741,0.741,0,0.09,0.07,0.01,0.278,0.07,0.098000005,0.109000005,0,0,0,7.2,1.486,0,0,0,0,0,0,0,0,0,0,0,0,0,0,0,0,0,0,0,0,0,0.0193,0.0536,0.3126,0.3574,0.1749,0.13769999,0,3,3,0,0,0.0592,0.262,0,2.5,2.5,0,12.7,547.6,0,42.2,4.7,0.109,0.109,0,0.038,0,0,0.0638,0.118,3.067,0,2.027,0,6.00E-04,3.00E-04,1.00E-04,1.00E-04,1.00E-04,0,1.00E-04,0,0,0,0,0,0,0,0,0,0,1.00E-04,0,0,0,1.00E-04,1.00E-04,0,1.00E-04,0,0,0,0,0,0,0,0,0,0,0,0,0,0,0,0,0,0,0,0,0,1.00E-04,0,0,1.00E-04,517.4,226,291.4,24.3,42.3,15.2,5.5,22.3,20.3,2.7,23.1,10.9,59.4,9.4,6.2,34,41.9,123,46.5,0,30.4,0,11.7,34.4,89.7
1,6,246071,두부양념조림_HS,1420150000a,콩기름,3,27.45,0.0198,2.9793,2.9793,0,0,0,0,0,0,0,0,0,0,0,0,0,0,0,9.00E-04,0,0,0,0,0,0,0,1.4781,0.28785002,0.18030001,0.0243,0.8172,0.4563,0,0,0,0,3.1548,3.1548002,0,0,0,0,0,0,0,0,0,0,0,0,0,0,0,0,0,0,0,0,0,0,0,0,0,0,0,0,0,0,0,0.0792,0.1767,0,0,0,2.84961,0.43851,0.6513,1.71852,1.71852,0.19674,1.52181,0,0,0,0,0,0,0,0.00234,0,0,0.30642,0.00237,0.00243,0,0.10425,0.58488,0.04218,1.52181,0.19674,0,0,0.009,0.02187,0,0,0,0,0,0,0,0.01035,0,0,0,0,0,0,0.00372,0,0.04128,9.00E-04,0.02031,0.020070001,0,0,0,0,0,0,0,0,0,0,0,0,0,0,0,0,0,0,0,0,0,0,0,0,0
1,6,246071,두부양념조림_HS,0611570400a,파: 중파,1,0.21,0.0424,0.0014,0.0014,0,0.0173,0.0173,0,0.011,0,0.011,0.0117,0,0.0045,0.0058999998,0,2.00E-04,0.0011,0.93,0.0089,0.7325,1.465,0,8.79,0,0,0,0.0052,0.00378,0.0036000002,0,0.0011,2.00E-04,2.00E-04,0,1.00E-04,0,1.3195,1.3195,0,0.1369,3.00E-04,0.00147,0.00116,0.00201,3.30E-04,8.30E-04,0,0.58,0.58,0,0,0.00737,0,2.00E-04,0.72,0.72,0,0.43,0,0,3.24,0.16,0.0265,0.0265,0,0.0073,0.28,0,0.01301,0,0.0069,0,0.0327,0,0.00163,4.20E-04,4.00E-05,0.00116,8.80E-04,4.30E-04,7.30E-04,0,0,0,0,0,0,0,1.00E-05,0,0,3.10E-04,0,0,0,3.00E-05,4.00E-05,0,4.50E-04,4.30E-04,2.80E-04,0,1.00E-05,0,0,0,0,0,0,0,1.00E-05,2.00E-05,0,0,0,0,0,0,3.00E-05,0,0,0,0,0,11.08,4.35,6.73,0.57,0.72,0.58,0.1,0.42,0.65,0.05,0.48,0.26,0.52,0.4,0.1,0.45,1.36,2.76,0.51,0.38,0.77,0,0.2,0.87,1.77
1,6,246071,두부양념조림_HS,1610040001b,고추가루,1,3.19,0.6062,0.084,0.084,0,0.1329,0.1329,0,0.377,0.063,0.314,0.1745,0,0.0644,0.1101,0,0,0,0.125,0.0519,6.13583,12.2717,0,73.63,0,0,0,0.3666,0.27575,0.2641,0.0070999996,0.0749,0.020499999,0,0,0,0,0.69052,0.69052005,0,0,0.00427,0.02159,0.08433,0.095649995,0.00837,0.07596,0,0.95,0.95,0,0,0.00244,0.7522,5.70E-04,0.79,0.79,0,3.42,0.13,0,25.41,1.55,0.0489,0.0489,0,0.027,6.94,0,0.01465,0.1042,0.0392,0,0.186,0,0.08038,0.01478,0.00919,0.05593,0.05579,0.0036,0.05233,0,0,0,0,0,2.50E-04,0,8.90E-04,0,3.00E-05,0.01101,5.60E-04,1.20E-04,0,0.00186,0.00734,0.0011999999,0.05219,0.0036,1.00E-04,0,2.50E-04,8.00E-05,5.00E-05,0,0,0,0,0,1.00E-05,1.90E-04,0,0,0,0,0,0,1.70E-04,0,4.90E-04,2.00E-05,4.20E-04,5.00E-05,106.23,39.45,66.78,3.55,7.06,4.74,1.29,4.1,4.33,0.68,4.88,1.88,6.94,3.13,2.5,5.39,22.63,16.98,5.46,7.46,3.23,0,3.79,7.91,15.49
1,6,246071,두부양념조림_HS,0610500100a,마늘: 국내산: 생것,0.2,0.256,0.05284,3.20E-04,3.20E-04,0,0.0149,0.0149,0,0.0076,0.0032,0.0046,4.60E-04,0,4.60E-04,0,0,0,0,0.1296,0.00242,0,0,0,0,0,0,0,4.00E-04,4.00E-04,4.00E-04,0,0,0,0,0,0,0,0,0,0,0.0169,2.90E-04,3.22E-04,9.96E-04,0.00159,9.36E-04,6.00E-05,0,0.184,0.184,0,0,0.002168,0.00768,2.16E-04,0.024,0.024,0,0.312,0.006,0,1.062,0.048,0.00156,0.00156,0,0.00132,0.07,0,5.02E-04,0.00222,0.00692,0,0.02158,0,2.96E-04,1.10E-04,3.60E-05,1.52E-04,1.52E-04,0,1.52E-04,0,0,0,0,0,0,0,4.00E-06,0,0,9.80E-05,0,0,0,4.00E-06,3.40E-05,0,1.52E-04,0,0,0,0,0,0,0,0,0,0,0,0,2.00E-06,0,0,0,0,0,0,2.00E-06,0,0,0,0,0,10.548,5.31,5.238,0.2,0.392,0.414,0.092,0.336,0.278,0.036,0.342,0.186,3.034,0.236,0.216,0.292,1.486,2.134,0.3,0.224,0.35,0,0.308,0.608,0.934
2,2,246076,두부죽_HS,0430010001a,두부: 두부(대두가공),50,48.5,1.875,2.315,2.315,0,4.81,4.81,0,1.45,0.15,1.3,0,0,0,0,0,0,0,40.6,0.4,0,0,0,0,0,0,0,3.115,0.3485,0.115,0,2.05,0.95,0,0,0,0,0,0,0,0,0.016,0.0895,0.0795,0.987,0,0.0795,0,10.5,10.5,0,0,0,0,0.0035,32,32,0,79,0.5,0,66,40,0.77,0.77,0,0.585,63,0,0.386,0,0.44,0,22.045,0,2.4045,0.3485,0.472,1.5775,1.3865,0.194,1.3835,0,0,0,0,0,0,0,0.0025,0,5.00E-04,0.2545,0.002,0.002,0,0.0645,0.434,0.0315,1.193,0.194,0.1895,0,0.007,0.005,0.001,0,0,0,0,0,0.001,0.0095,0,0,0,0,0,0.0015,0.005,0,0.007,0.0015,0.0035,0.002,4256.5,1898.5,2358,174,354.5,259.5,55.5,227,174.5,54.5,170,108.5,320.5,152.5,80,187,506.5,787.5,177,228,239.5,0,135.5,434,698.5
2,2,246076,두부죽_HS,1610180001a,소금: 식염,1,0,0,0,0,0,0,0,0,0,0,0,0,0,0,0,0,0,0,0.003,0.997,0,0,0,0,0,0,0,0,0,0,0,0,0,0,0,0,0,0,0,0,0,0,0,0,0,0,0,0,0,0,0,0,0,0,0,0.4,0.4,0,0,335.97,0,1.35,0.24,0.002,0.002,0,0,0,0,0,0,0,0,0,0,0,0,0,0,0,0,0,0,0,0,0,0,0,0,0,0,0,0,0,0,0,0,0,0,0,0,0,0,0,0,0,0,0,0,0,0,0,0,0,0,0,0,0,0,0,0,0,0,0,0,0,0,0,0,0,0,0,0,0,0,0,0,0,0,0,0,0,0,0,0,0,0,0,0,0
2,2,246076,두부죽_HS,0120010100a,멥쌀: 논벼: 백미 (국내산): 일반형,45,167.4,36.855,0.225,0.225,0,2.88,2.88,0,0.432,0,0,0,0,0,0,0,0,0,4.86,0.18,0,0,0,0,0,0,0,0,0,0,0,0,0,0,0,0,0,0,0,0,0,0.0495,0.018,0.675,0,0,0,0.054,11.025,0,0,0,0,0,0,1.8,1.8,0,63,29.7,0,73.35,0,0.18,0.18,0,0.675,0,0,0.33525,0,6.795,0,0,0,0,0,0,0,0,0,0,0,0,0,0,0,0,0,0,0,0,0,0,0,0,0,0,0,0,0,0,0,0,0,0,0,0,0,0,0,0,0,0,0,0,0,0,0,0,0,0,0,0,0,2651.4,1348.2,1303.2,184.05,295.65,33.3,40.5,164.25,37.8,15.75,290.7,59.4,226.8,50.85,24.75,301.05,240.75,249.3,11.25,362.7,62.55,0,65.25,230.85,770.4
3,6,246041,마파두부조림_HS,0310050003a,설탕: 백설탕,2,7.74,1.9992,2.00E-04,2.00E-04,0,0,0,0,0,0,0,1.994,1.994,0,0,0,0,0,0,6.00E-04,0,0,0,0,0,0,0,0,0,0,0,0,0,0,0,0,0,0,0,0,0,0,0.01188,0,0,0,0,0,0,0,0,0,0.0022,0,0,0.08,0.08,0,0,0.02,0,0.02,0.02,0.0026,0.0026,0,0,0,0,0,0,0.0342,0,0.1006,0,1.60E-04,1.60E-04,0,0,0,0,0,0,0,0,0,0,0,0,1.20E-04,0,0,4.00E-05,0,0,0,2.00E-05,0,0,0,0,0,0,0,0,0,0,0,0,0,0,0,0,0,0,0,0,0,0,0,0,0,0,0,0,0.04,0,0.04,0,0,0,0,0,0,0,0,0,0,0,0.04,0,0,0,0,0,0,0,0.04,0,0
3,6,246041,마파두부조림_HS,0240010100a,전분: 감자녹말,2,6.68,1.654,4.00E-04,4.00E-04,0,0.0014,0.0014,0,0,0,0,0.001,0,0,0,0,2.00E-04,8.00E-04,0.34,0.0042,0,0,0,0,0,0,0,0.0014,6.80E-04,6.00E-04,0,0,2.00E-04,2.00E-04,2.00E-04,0,2.00E-04,0,0,0,0,0,0,0,0,0,0,0,0,0,0,0,0,0,6.00E-04,0.08,0.08,0,1.14,0.44,0,0.88,0.06,0.0018,0.0018,0,0,0.08,0,4.80E-04,0,0.001,0,0,0,3.00E-04,1.40E-04,4.00E-05,8.00E-05,8.00E-05,2.00E-05,6.00E-05,0,0,0,0,0,0,0,2.00E-05,0,0,1.00E-04,0,0,0,2.00E-05,4.00E-05,0,6.00E-05,2.00E-05,0,0,0,0,0,0,0,0,0,0,0,0,0,0,0,0,0,0,0,0,2.00E-05,0,2.00E-05,0,0.58,0.28,0.3,0.02,0.06,0,0.02,0.04,0.04,0,0.06,0,0.04,0,0,0,0.12,0.1,0.04,0.02,0.02,0,0.02,0.04,0.14
3,6,246041,마파두부조림_HS,1610550004i,두반장소스,5,5.4,0.96,0.0575,0.0575,0,0.3075,0.3075,0,0.27,0,0,0.077,0,0,0,0,0,0,0,0,0,0,0,0,0,0,0,0,0,0,0,0,0,0,0,0,0,0,0,0,0,0,0,0,0,0,0,0,0,0,0,0,0,0,0,2.3,2.3,0,0,23.1,0,0,0,0.069,0.069,0,0,0,0,0,0,0,0,0,0,0,0,0,0,0,0,0,0,0,0,0,0,0,0,0,0,0,0,0,0,0,0,0,0,0,0,0,0,0,0,0,0,0,0,0,0,0,0,0,0,0,0,0,0,0,0,0,0,0,0,0,0,0,0,0,0,0,0,0,0,0,0,0,0,0,0,0,0,0,0,0,0,0,0,0
3,6,246041,마파두부조림_HS,1610010004i,간장: 재래간장,1.5,0.51,0.03705,4.50E-04,4.50E-04,0,0.0888,0.0888,0,0.006,0.006,0,0.00435,0,0.0018,0.00255,0,0,0,1.059,0.31515,0,0,0,0,0,0,0,0,0,0,0,0,0,0,0,0,0,0,0,0,0,0.002115,0.001635,0.01299,0.031605,0.00954,0.00345,3.90E-04,0.48,0.48,0,0.00435,0.009225,0.08175,9.00E-05,0.585,0.585,0,1.815,119.985,0,9.855,3.12,0.0099,0.0099,0,0.00585,0,0,0.005595,0.03165,0.7359,0,0.534,0,1.65E-04,4.50E-05,3.00E-05,6.00E-05,6.00E-05,0,6.00E-05,0,0,0,0,0,0,0,0,0,0,3.00E-05,0,0,0,1.50E-05,3.00E-05,0,6.00E-05,0,0,0,0,0,0,0,0,0,0,0,0,0,0,0,0,0,0,0,0,0,1.50E-05,0,0,1.50E-05,60.78,21.48,39.3,2.175,3.18,4.53,1.095,2.16,2.145,1.11,2.7,1.26,1.125,0.99,0.39,5.715,9.825,13.5,2.835,3.465,2.58,0,1.485,4.26,8.055
3,6,246041,마파두부조림_HS,0910020058a,소고기: 한우(1등급): 설도(보섭살): 생것,10,16.3,0,0.757,0,0.757,2.175,0,2.175,0,0,0,0,0,0,0,0,0,0,6.9,0.1,0.2,0.2,0.2,0,0,0,0,0.022,0.018000001,0.017,1.00E-03,0.0019999999,0,1.00E-03,0,1.00E-03,0,0,0,0,0.051,0.0057,0.0139,0.2428,0.5954,0,0.2428,0,0.3,0.3,0,0.171,0.1177,0.041,0.0047,0.5,0,0.5,20.9,4.9,0,33.7,2.3,0.299,0,0.299,0.449,6.3,0,0.0014,0,2.371,0,0.048,6.231,0.7233,0.3281,0.3519,0.0271,0.0233,0.0012,0.0259,0,0,0,4.00E-04,0,9.00E-04,0,0.025,0.0054,0.0022,0.1946,0.0312,0.0082,0,0.0887,0.2988,0.0148,0.0226,7.00E-04,0,0,5.00E-04,0.0017,4.00E-04,0,0.0028,0,1.00E-04,0,0.0017000001,1.00E-04,0,0,4.00E-04,0,0,0.0058,1.00E-04,0,0.0162,0.0106,0.0037,0.0018999999,2047.2,1041.4,1005.8,103.1,176.8,186.5,45.1,89.3,91.2,21.2,108.4,79.5,140.3,71.1,23.2,119.6,206.2,318,97.4,78.5,91.8,0,68.3,181.6,388.3
3,6,246041,마파두부조림_HS,1530130100a,청주: 알코올 16%,1.5,1.98,0.0636,0,0,0,0.00615,0.00615,0,0,0,0,0.04665,0.00525,0.0414,0,0,0,0,1.1985,7.50E-04,0,0,0,0,0,0,0,0.00525,0.00288,0.00255,1.50E-04,0.00255,0,0,0,0,0,0,0,0,0,0,0,0,0,0,0,0,0,0,0,0,0.00498,0,5.10E-04,0.06,0.06,0,0.135,0.045,0,0.135,0.015,3.00E-04,3.00E-04,0,0.0024,0.045,0,0.003435,0.02415,0.0039,0,0.0042,0,3.00E-05,1.50E-05,1.50E-05,0,0,0,0,0,0,0,0,0,0,0,0,0,0,0,0,0,0,1.50E-05,1.50E-05,0,0,0,0,0,0,0,0,0,0,0,0,0,0,0,0,0,0,0,0,0,0,0,0,0,0,0,0.03,0.03,0,0,0,0,0,0,0,0,0,0,0.03,0,0,0,0,0,0,0,0,0,0,0,0
3,6,246041,마파두부조림_HS,0710180001a,양송이버섯: 생것,20,3,0.778,0.046,0.046,0,0.624,0.624,0,0.42,0.08,0.34,0.154,0,0.014,0.006,0,0,0.134,18.38,0.176,0,0,0,0,0,0,0,0,0,0,0,0,0,0,0,0,0,0,0,0,0,0.0114,0.0698,0.6808,0.7848,0.584,0.0968,0.0182,7.2,7.2,0,0,0.2562,0.954,0.007,0.4,0.4,0,21.2,1,0,76.4,2.2,0.124,0.124,0,0.116,61.4,0,0.0108,0.064,2.224,0,0.344,0,0.0368,0.0092,6.00E-04,0.0268,0.0266,0,0.0268,0,0,0,0,0,0,0,2.00E-04,0,2.00E-04,0.0052,0,2.00E-04,0,0.0016,2.00E-04,2.00E-04,0.0266,0,0,0,8.00E-04,0,0,0,0,0,0,0,0,6.00E-04,0,0,0,0,0,0,4.00E-04,0,4.00E-04,4.00E-04,0,0,356,160.2,195.8,17,28.8,20.2,4.4,17,21.4,6.2,20.4,7.6,17.2,9.8,5.4,40.2,24.8,45,14.4,38.6,17.6,0,9.8,33,66.2
3,6,246041,마파두부조림_HS,0430010001a,두부: 두부(대두가공),60,58.2,2.25,2.778,2.778,0,5.772,5.772,0,1.74,0.18,1.56,0,0,0,0,0,0,0,48.72,0.48,0,0,0,0,0,0,0,3.738,0.41820002,0.138,0,2.46,1.14,0,0,0,0,0,0,0,0,0.0192,0.1074,0.0954,1.1844001,0,0.09539999,0,12.6,12.599999,0,0,0,0,0.0042000003,38.4,38.4,0,94.8,0.6,0,79.2,48,0.924,0.924,0,0.702,75.6,0,0.4632,0,0.528,0,26.454,0,2.8854,0.4182,0.5664,1.893,1.6638,0.2328,1.6602,0,0,0,0,0,0,0,0.003,0,6.00E-04,0.3054,0.0024,0.0024,0,0.0774,0.5208,0.0378,1.4316,0.2328,0.2274,0,0.0084,0.006,0.0012,0,0,0,0,0,0.0012,0.0114,0,0,0,0,0,0.0018000001,0.006,0,0.008400001,0.0018000001,0.0042000003,0.0024,5107.8,2278.2002,2829.6,208.8,425.4,311.4,66.6,272.4,209.4,65.4,204,130.2,384.6,183,96,224.4,607.8,945,212.4,273.6,287.4,0,162.6,520.8,838.19995
3,6,246041,마파두부조림_HS,1610180001a,소금: 식염,1,0,0,0,0,0,0,0,0,0,0,0,0,0,0,0,0,0,0,0.003,0.997,0,0,0,0,0,0,0,0,0,0,0,0,0,0,0,0,0,0,0,0,0,0,0,0,0,0,0,0,0,0,0,0,0,0,0,0.4,0.4,0,0,335.97,0,1.35,0.24,0.002,0.002,0,0,0,0,0,0,0,0,0,0,0,0,0,0,0,0,0,0,0,0,0,0,0,0,0,0,0,0,0,0,0,0,0,0,0,0,0,0,0,0,0,0,0,0,0,0,0,0,0,0,0,0,0,0,0,0,0,0,0,0,0,0,0,0,0,0,0,0,0,0,0,0,0,0,0,0,0,0,0,0,0,0,0,0,0
3,6,246041,마파두부조림_HS,0611100100a,양파: 국내산: 생것,9,2.61,0.6003,0.0036,0.0036,0,0.0855,0.0855,0,0.153,0,0.153,0.51659995,0.0585,0.2511,0.207,0,0,0,8.28,0.0297,0.015029999,0.02997,0,0.18,0,0,0,0,0,0,0,0,0,0,0,0,0,0,0,0,0.5292,0.00315,9.90E-04,0.00891,0.025740001,0.008549999,3.60E-04,0,0.99,0.99,0,0,0.00954,0.0513,9.90E-04,1.35,1.35,0,2.43,0.27,0,13.05,0.72,0.018,0.018,0,0.0135,0.63,0,0.01584,0,0.1053,0,0.0477,0,0.00342,9.90E-04,5.40E-04,0.00189,0.0016199999,9.00E-05,0.0018,0,0,0,0,0,0,0,0,0,0,8.10E-04,0,0,0,9.00E-05,5.40E-04,0,0.00153,9.00E-05,1.80E-04,0,0,0,0,0,0,0,0,0,0,0,0,0,0,0,0,0,1.80E-04,0,0,0,0,0,66.6,33.12,33.48,1.71,3.33,4.05,0.54,2.7,1.89,0.99,2.16,1.17,14.58,1.35,0.81,1.62,6.75,18.18,1.8,1.26,1.71,0,1.35,5.04,7.2
3,6,246041,마파두부조림_HS,0610870100a,생강: 구근: 국내산,0.5,0.21,0.0491,7.50E-04,7.50E-04,0,0.00485,0.00485,0,0.013,0.0015,0.0115,0.00225,0,0.001,0.00125,0,0,0,0.441,0.0043,0.0079149995,0.015835,0,0.095,0,0,0,0.00255,0.0025499999,0.0025499999,0,0,0,0,0,0,0,0,0,0,0.0075,0,2.60E-04,0.002485,0.0052300002,3.00E-05,0.002455,0,0,0,0,0,0.001235,0,1.70E-04,0.09,0.09,0,0.165,0.02,0,1.685,0.185,0.00475,0.00475,0,0.00105,0.215,0,0.00898,0,0.00535,0,0.0132,0,8.45E-04,3.05E-04,7.50E-05,4.65E-04,3.55E-04,6.00E-05,4.10E-04,0,3.00E-05,0,0,0,2.50E-05,0,5.00E-06,0,0,1.70E-04,0,0,0,4.00E-05,7.50E-05,0,2.95E-04,6.00E-05,1.10E-04,0,0,0,0,0,0,0,0,0,0,1.50E-05,0,0,0,0,0,0,2.00E-05,0,0,0,0,0,5.06,2.26,2.8,0.235,0.375,0.07,0.125,0.25,0.285,0.165,0.25,0.105,0.4,0.2,0.13,0.225,0.955,0.65,0.225,0.115,0.3,0,0.255,0.615,0.86
3,6,246041,마파두부조림_HS,0611620200a,피망: 푸른것,10,2.2,0.536,0.004,0.004,0,0.09,0.09,0,0.27,0.05,0.22,0.135,0,0.062,0.073,0,0,0,9.32,0.05,1.65,3.3,0,19.8,0,0,0,0.012,0.012,0.012,0,0,0,0,0,0,0,2.094,2.094,0,2.152,0.0013,0.004,0.0922,0,0.0054,0.086799994,0,2.7,2.7,0,0,0,0.468,7.00E-04,1.4,1.4,0,2.5,0.1,0,18.7,1.2,0.05,0.05,0,0.007,3.7,0,0.006,0,0.033,0,0.847,0,0.0078,0.0018,2.00E-04,0.0058,0.0016000001,4.00E-04,0.0054,0,0,0,0,0,0,0,0,0,0,0.0011,0,0,0,4.00E-04,1.00E-04,1.00E-04,0.0012,4.00E-04,0.0042,0,1.00E-04,0,0,0,0,0,0,0,0,1.00E-04,0,0,0,0,0,0,0,0,0,0,0,0,66.7,24.4,42.3,2.3,4.2,4.2,0.9,2.5,3.2,0,2.6,1.3,3.2,2,1.4,3.4,11.1,15.2,3,2.2,4,0,2.3,4.5,9.1
3,6,246041,마파두부조림_HS,1610040001b,고추가루,0.4,1.276,0.24248,0.0336,0.0336,0,0.05316,0.05316,0,0.1508,0.0252,0.1256,0.069800004,0,0.02576,0.044040002,0,0,0,0.05,0.02076,2.454332,4.90867,0,29.452,0,0,0,0.14664,0.110300004,0.10564,0.00284,0.029959999,0.0082,0,0,0,0,0.276208,0.276208,0,0,0.001708,0.008636,0.033732,0.038259998,0.003348,0.030384,0,0.38,0.38,0,0,9.76E-04,0.30088,2.28E-04,0.316,0.316,0,1.368,0.052,0,10.164,0.62,0.01956,0.01956,0,0.0108,2.776,0,0.00586,0.04168,0.01568,0,0.0744,0,0.032152,0.005912,0.003676,0.022372,0.022316,0.00144,0.020932,0,0,0,0,0,1.00E-04,0,3.56E-04,0,1.20E-05,0.004404,2.24E-04,4.80E-05,0,7.44E-04,0.002936,4.80E-04,0.020876,0.00144,4.00E-05,0,1.00E-04,3.20E-05,2.00E-05,0,0,0,0,0,4.00E-06,7.60E-05,0,0,0,0,0,0,6.80E-05,0,1.96E-04,8.00E-06,1.68E-04,2.00E-05,42.492,15.780001,26.712,1.42,2.824,1.896,0.516,1.64,1.732,0.272,1.952,0.752,2.776,1.252,1,2.156,9.052,6.792,2.184,2.984,1.292,0,1.516,3.164,6.196
3,6,246041,마파두부조림_HS,0611570200a,파: 대파,4,0.92,0.192,0.006,0.006,0,0.0712,0.0712,0,0.064,0.008,0.056,0.10520001,0.0016,0.049200002,0.05,0,0,0.0044,3.712,0.0188,0.92332,1.84668,0,11.08,0,0,0,0,0,0,0,0,0,0,0,0,0,3.5016,3.5016,0,0.142,0.00264,0.00376,0.00572,0.00928,0.003,0.0027200002,0,0.8,0.8,0,0,0.03348,0,5.60E-04,0.96,0.96,0,1.2,0,0,7.24,0.4,0.0328,0.0328,0,0.0316,0.8,0,0.03012,0.3752,0,0,0.0764,0,0.0058,0.0026,3.20E-04,0.00288,0.0028799998,0.001,0.00188,0,0,0,0,0,8.00E-05,0,4.00E-05,0,0,0.00148,0,0,0,8.40E-04,3.20E-04,0,0.00188,0.001,0,0,4.00E-05,0,0,0,0,0,0,0,4.00E-05,8.00E-05,0,0,0,0,0,0,0,0,0,0,0,0,43.28,16.32,26.96,1.4,2.84,2,0.48,1.8,2.48,0.2,1.88,0.96,2.28,1.32,0.44,1.92,5.72,11.76,1.56,1,3.24,0,0.92,3.32,6.12
3,6,246041,마파두부조림_HS,1420150000a,콩기름,3,27.45,0.0198,2.9793,2.9793,0,0,0,0,0,0,0,0,0,0,0,0,0,0,0,9.00E-04,0,0,0,0,0,0,0,1.4781,0.28785002,0.18030001,0.0243,0.8172,0.4563,0,0,0,0,3.1548,3.1548002,0,0,0,0,0,0,0,0,0,0,0,0,0,0,0,0,0,0,0,0,0,0,0,0,0,0,0,0,0,0,0,0.0792,0.1767,0,0,0,2.84961,0.43851,0.6513,1.71852,1.71852,0.19674,1.52181,0,0,0,0,0,0,0,0.00234,0,0,0.30642,0.00237,0.00243,0,0.10425,0.58488,0.04218,1.52181,0.19674,0,0,0.009,0.02187,0,0,0,0,0,0,0,0.01035,0,0,0,0,0,0,0.00372,0,0.04128,9.00E-04,0.02031,0.020070001,0,0,0,0,0,0,0,0,0,0,0,0,0,0,0,0,0,0,0,0,0,0,0,0,0
3,6,246041,마파두부조림_HS,0610500100a,마늘: 국내산: 생것,2,2.56,0.5284,0.0032,0.0032,0,0.149,0.149,0,0.076,0.032,0.046,0.0046,0,0.0046,0,0,0,0,1.296,0.0242,0,0,0,0,0,0,0,0.004,0.004,0.004,0,0,0,0,0,0,0,0,0,0,0.169,0.0029,0.00322,0.00996,0.0159,0.00936,6.00E-04,0,1.84,1.84,0,0,0.02168,0.0768,0.0021600001,0.24,0.24,0,3.12,0.06,0,10.62,0.48,0.0156,0.0156,0,0.0132,0.7,0,0.00502,0.0222,0.0692,0,0.2158,0,0.00296,0.0011,3.60E-04,0.00152,0.0015199999,0,0.00152,0,0,0,0,0,0,0,4.00E-05,0,0,9.80E-04,0,0,0,4.00E-05,3.40E-04,0,0.00152,0,0,0,0,0,0,0,0,0,0,0,0,2.00E-05,0,0,0,0,0,0,2.00E-05,0,0,0,0,0,105.48,53.1,52.38,2,3.92,4.14,0.92,3.36,2.78,0.36,3.42,1.86,30.34,2.36,2.16,2.92,14.86,21.34,3,2.24,3.5,0,3.08,6.08,9.34
3,6,246041,마파두부조림_HS,0320060001a,물엿,2,6.42,1.6606,0,0,0,4.00E-04,4.00E-04,0,0,0,0,0.4412,0,0,0,0,0.4412,0,0.338,0.001,0,0,0,0,0,0,0,0,0,0,0,0,0,0,0,0,0,0,0,0,0,1.40E-04,0,0,0,0,0,0,0,0,0,0,0,0,0,0,0,0,0,0,0,0,0,0,0,0,0,0,0,0,0,0.0074,0,0,0,0,0,0,0,0,0,0,0,0,0,0,0,0,0,0,0,0,0,0,0,0,0,0,0,0,0,0,0,0,0,0,0,0,0,0,0,0,0,0,0,0,0,0,0,0,0,0,0,0,0,0.28,0.02,0.26,0,0,0,0,0,0.02,0,0,0,0,0,0,0,0.06,0.08,0.06,0,0.06,0,0,0,0
1,10,246020,멸치견과류볶음_HS,0510110001b,아몬드: 말린것,6,34.86,1.2054,2.9976,2.9976,0,1.4064,1.4064,0,0.87,0.048,0.822,0.4092,0.4092,0,0,0,0,0,0.204,0.1866,0.085020006,0.16998,0,1.02,0,0,0,0.534,0.51132,0.5052,0.0047999998,0.0174,0,0.0066,0,0,0,0,0,0,0,0.00174,0.09276,0.22734,0.36372,0,0,0,4.44,4.44,0,0,0.0291,1.5234,0,22.08,22.08,0,31.38,0.36,0,46.8,20.1,0.2856,0.2856,0,0.2406,73.68,0,0.14754,0.0342,0,0,1.602,0,2.86848,0.2289,1.85976,0.77778,0.77718,0.00144,0.77634,0,0,0,0,0,2.40E-04,0,0.00174,0,3.60E-04,0.18366,0.01482,0.00144,0,0.03888,1.79658,0.04656,0.77574,0.00144,6.00E-04,0,0.00204,0.0018,0,0,0,0,0,0,0,6.00E-04,0,0,0,0,0,0,0,0,0.0020400002,0.00114,9.00E-04,0,1215.18,481.08,734.1,40.02,81.12,37.02,12.12,62.16,36.42,8.16,43.02,29.64,131.4,34.86,16.56,53.46,129.12,321,79.2,49.02,50.88,0,28.68,105.18,164.16
1,10,246020,멸치견과류볶음_HS,1110630301b,멸치: 소멸치: 자건,10,22.6,0.032,0.459,0,0.459,4.294,0,4.294,0,0,0,0,0,0,0,0,0,0,4.16,1.055,0,0,0,0,1.722,0,1.7219999,0.017,0.0017000001,0,1.00E-03,0.01,0.0039999997,0,1.00E-03,1.00E-03,0,0,0,0,0,0.0022,0.0096,0.2652,1.5145,0.0059,0.2593,0,10.2,10.2,0,0.645,0.0314,3.507,0.0046,62,0,62,81.6,264.6,0,53.1,33.8,0.091,0,0.091,0.486,6.1,0,0.0198,5.494,11.12,0,0.389,43.388,0.4409,0.13,0.046,0.2621,0.009099999,0.254,0.0065,0,0,0,0,0,3.00E-04,0,0.0165,0,0.0032000002,0.0756,0.0155,0.0042,0,0.0215,0.0169,0.0072999997,0.0044,0.0047,0.0014,0,0.001,0.0012,0,5.00E-04,4.00E-04,0,3.00E-04,0.0599,0,9.00E-04,3.00E-04,0.0016,0.0036,0,0.1854,0.0053,0.0016,0.0048,0.0028000001,5.00E-04,6.00E-04,0.0017000001,4661.9,2360,2301.9,189.2,353.7,421,118.8,183,339.3,75,226.5,163,290.5,158.2,34.5,260.9,458,748.8,211.7,189.6,203.2,37,153.3,416.2,769.4
1,10,246020,멸치견과류볶음_HS,0520070003e,해바라기씨: 볶은것,3,17.46,0.7221,1.494,1.494,0,0.5799,0.5799,0,0.333,0,0,0.0819,0,0,0,0,0,0,0.036,0.168,0.01251,0.02499,0,0.15,0,0,0,0.8259,0.80105996,0.783,0.0357,0,0.0072,0,0,0,0,0.081,0.081,0,0.042,0.00318,0.00738,0.21126,0.35876998,0,0,0.02412,7.11,7.11,0,0,0.21126,0,0,2.1,2.1,0,34.65,0.09,0,25.5,3.87,0.114,0.114,0,0.1587,54.9,0,0.0633,0,2.379,0,0,0,1.38774,0.15213,0.39291,0.8427,0.84,0,0.8427,0,0,0,0,0,0,0,0.00153,0,0,0.08424,0.00147,0,0,0.06636,0.39,0,0.84,0,0.0027,0,0,0.00144,0,0,0,0,0,0,0,0,0,0,0,0,0,0,0,0,0,0,0,0,636.54,280.68,355.86,29.01,42.24,23.85,12.6,29.76,23.64,8.85,33.48,16.08,61.17,16.95,11.49,28.44,62.28,142.05,37.2,30.09,27.36,0,24.09,55.56,104.73
1,10,246020,멸치견과류볶음_HS,1420140000a,참기름,2,18.34,0.0028,1.9918,1.9918,0,0,0,0,0,0,0,0,0,0,0,0,0,0,0.004,0.0014,0.018339999,0.03666,0,0.22,0,0,0,0.8504,0.11554,0.0348,0,0.8038,0.0117999995,0,0,0,0,0.1824,0.1824,0,0,0,0.0014,0,0,0,0,0,0,0,0,0,0,0.0766,3.00E-04,0.86,0.86,0,1.98,0.32,0,1.12,0.7,0.035,0.035,0,0.0098,1.68,0,0.00312,0,0,0,0,0,1.9114,0.29294,0.76338,0.84926,0.84309995,0.01068,0.83858,0,0,0,0,0,0,0,0,0,0,0.17386,0.00262,0.0013600001,0,0.10276,0.74004,0.01766,0.83242,0.01068,0.00616,0,0.01156,0.00306,0,0,0,0,0,0,0,0.0018,0,0,0,0,0,0,0.0016,0,0.00582,0,0.00582,0,0.82,0.28,0.54,0.04,0.14,0,0.02,0,0.02,0,0.06,0,0,0,0.04,0.06,0.02,0.1,0.04,0.24,0.04,0,0.06,0,0.24
1,10,246020,멸치견과류볶음_HS,0520010004e,참깨: 흰깨: 볶은것,1,5.57,0.2183,0.4511,0.4511,0,0.2596,0.2596,0,0.141,0.017,0.124,0,0,0,0,0,0,0,0.026,0.045,0.010829999,0.02167,0,0.13,0,0,0,0.2298,0.02386,0.0011999999,0,0.2258,0.0028,0,0,0,0,0,0,0,0,0.00345,0.02932,0.03747,0.094840005,0.034679998,0.00279,0,1.5,1.5,0,0,0.00628,0,0,8.54,8.54,0,7.02,0.02,0,4.59,3.53,0.0639,0.0639,0,0.0511,11.03,0,0.01304,0,0.0331,0,0.3858,0,0.43299,0.07098,0.1767,0.18476,0.18303,0.00172,0.18304,0,0,0,0,0,0,0,9.00E-05,0,0,0.04171,6.10E-04,3.30E-04,0,0.0251,0.17122,0.00404,0.18131,0.00172,0.00149,0,0.00276,7.80E-04,2.40E-04,0,0,0,0,0,0,5.60E-04,0,0,0,0,0,9.00E-05,3.50E-04,5.00E-05,5.50E-04,2.00E-04,2.60E-04,9.00E-05,215.97,101.21,114.76,7.77,15.48,6.14,5.72,10.13,8.05,3.45,9.86,5.64,28.97,7.59,4.48,10.77,18.62,43.55,11.64,7.65,10.46,0,10.2,21.17,33.11
1,10,246020,멸치견과류볶음_HS,0320060001a,물엿,5,16.05,4.1515,0,0,0,0.001,0.001,0,0,0,0,1.1029999,0,0,0,0,1.1029999,0,0.845,0.0025,0,0,0,0,0,0,0,0,0,0,0,0,0,0,0,0,0,0,0,0,0,3.50E-04,0,0,0,0,0,0,0,0,0,0,0,0,0,0,0,0,0,0,0,0,0,0,0,0,0,0,0,0,0,0.0185,0,0,0,0,0,0,0,0,0,0,0,0,0,0,0,0,0,0,0,0,0,0,0,0,0,0,0,0,0,0,0,0,0,0,0,0,0,0,0,0,0,0,0,0,0,0,0,0,0,0,0,0,0,0.7,0.05,0.65,0,0,0,0,0,0.05,0,0,0,0,0,0,0,0.15,0.2,0.15,0,0.15,0,0,0,0
1,10,246020,멸치견과류볶음_HS,0310050003a,설탕: 백설탕,4,15.48,3.9984,4.00E-04,4.00E-04,0,0,0,0,0,0,0,3.988,3.988,0,0,0,0,0,0,0.0012,0,0,0,0,0,0,0,0,0,0,0,0,0,0,0,0,0,0,0,0,0,0,0.02376,0,0,0,0,0,0,0,0,0,0.0044,0,0,0.16,0.16,0,0,0.04,0,0.04,0.04,0.0052,0.0052,0,0,0,0,0,0,0.0684,0,0.2012,0,3.20E-04,3.20E-04,0,0,0,0,0,0,0,0,0,0,0,0,2.40E-04,0,0,8.00E-05,0,0,0,4.00E-05,0,0,0,0,0,0,0,0,0,0,0,0,0,0,0,0,0,0,0,0,0,0,0,0,0,0,0,0,0.08,0,0.08,0,0,0,0,0,0,0,0,0,0,0,0.08,0,0,0,0,0,0,0,0.08,0,0
1,10,246020,멸치견과류볶음_HS,1610010001i,간장: 왜간장(개량간장),7,3.78,0.3913,0.0133,0.0133,0,0.5187,0.5187,0,0.063,0.049,0.007,0.1946,0.049,0.0686,0.0763,0,0,0,5.04,1.0402,0,0,0,0,0,0,0,0,0,0,0,0,0,0,0,0,0,0,0,0,0,0.01351,0.03752,0.21882,0.25018,0.12243,0.09639,0,2.1,2.1,0,0,0.04144,0.1834,0,1.75,1.75,0,8.89,383.32,0,29.54,3.29,0.0763,0.0763,0,0.0266,0,0,0.04466,0.0826,2.1469,0,1.4189,0,4.20E-04,2.10E-04,7.00E-05,7.00E-05,7.00E-05,0,7.00E-05,0,0,0,0,0,0,0,0,0,0,7.00E-05,0,0,0,7.00E-05,7.00E-05,0,7.00E-05,0,0,0,0,0,0,0,0,0,0,0,0,0,0,0,0,0,0,0,0,0,7.00E-05,0,0,7.00E-05,362.18,158.2,203.98,17.01,29.61,10.64,3.85,15.61,14.21,1.89,16.17,7.63,41.58,6.58,4.34,23.8,29.33,86.1,32.55,0,21.28,0,8.19,24.08,62.79
1,10,246020,멸치견과류볶음_HS,0510040006e,땅콩: 볶은것,6,34.02,1.1946,2.7744,2.7744,0,1.71,1.71,0,0.63,0.048,0.582,0.3108,0.3108,0,0,0,0,0,0.162,0.159,0.02502,0.04998,0,0.3,0,0,0,0.279,0.10314,0.080400005,0.009000001,0.1794,0.0102,0,0,0,0,0,0,0,0,0.0051,0.01242,0.59328,0.82074,0,0,0,8.28,8.28,0,0,0.0657,1.7316,0.0015,4.02,4.02,0,28.56,0.24,0,47.94,11.94,0.1206,0.1206,0,0.2196,36.12,0,0.10608,0.2718,0.0726,0,14.9526,0,2.65962,0.51252,1.10634,1.03698,1.0304999,0.00186,1.03512,0,0,0,0,0,0,0,0.00102,0,2.40E-04,0.28392,0.00138,0.00348,0,0.08844,1.07064,0.01194,1.02864,0.00186,0.00534,0,0.03804,0.02118,0.00114,0,0,0,0,0,6.00E-04,0.06336,0.0012,0,0,0,0,0.0010200001,0.03246,0,0.0037800001,8.40E-04,0.00132,0.00162,1434.6,600.84,833.76,43.68,96.12,49.26,18.9,75.18,42.06,13.68,56.94,34.74,170.28,57.3,22.5,58.8,174,294.72,84.54,64.8,77.1,0,41.4,146.16,196.74
1,10,246020,멸치견과류볶음_HS,0520080001b,호박씨: 말린것,6,32.88,0.3204,2.8908,2.8908,0,2.121,2.121,0,0.294,0.03,0.264,0,0,0,0,0,0,0,0.402,0.2658,0.135,0.27,0,1.62,0,0,0,1.626,0.22812,0.075,0,1.5228,0.0282,0,0,0,0,0,0,0,0,0.00528,0.01098,0.09282,0.56856,0.087900005,0.00492,0,4.98,4.98,0,0,0.00696,0,0,2.28,2.28,0,69.24,0.36,0,41.28,30.18,0.5172,0.5172,0,0.3648,69.54,0,0.2268,0.3552,0.8004,0,7.6206,0,2.76084,0.49056,0.82416,1.4433,1.4428201,0.0066,1.43664,0,0,0,0,0,0,0,0.00324,0,4.20E-04,0.31002,0.0027,0.00258,0,0.15918,0.801,0.01788,1.43622,0.0066,0,0,0.0111,0.00264,4.80E-04,0,0,0,0,0,0,0.00402,0,0,0,0,0,0,0,0,0.0028199998,7.20E-04,0.00132,7.80E-04,1794.42,875.04,919.38,60.78,129.72,66.84,34.86,89.16,54,28.56,78.3,41.34,291.48,60.54,20.28,82.32,162.6,336.36,98.16,65.04,94.08,0,55.14,178.26,268.8
3,8,246079,목이버섯죽_HS,1610180001a,소금: 식염,1,0,0,0,0,0,0,0,0,0,0,0,0,0,0,0,0,0,0,0.003,0.997,0,0,0,0,0,0,0,0,0,0,0,0,0,0,0,0,0,0,0,0,0,0,0,0,0,0,0,0,0,0,0,0,0,0,0,0.4,0.4,0,0,335.97,0,1.35,0.24,0.002,0.002,0,0,0,0,0,0,0,0,0,0,0,0,0,0,0,0,0,0,0,0,0,0,0,0,0,0,0,0,0,0,0,0,0,0,0,0,0,0,0,0,0,0,0,0,0,0,0,0,0,0,0,0,0,0,0,0,0,0,0,0,0,0,0,0,0,0,0,0,0,0,0,0,0,0,0,0,0,0,0,0,0,0,0,0,0
3,8,246079,목이버섯죽_HS,0710090001a,목이버섯: 생것 ,40,5.2,2.088,0.076,0.076,0,0.316,0.316,0,1.44,0.28,1.16,0.048,0,0.048,0,0,0,0,37.44,0.096,0,0,0,0,0.152,0.152,0,0,0,0,0,0,0,0,0,0,0,0,0,0,0,0.0168,0.0184,0.1292,0.1752,0.0576,0.071600005,0.0108,5.2,5.2,0,0,0.1964,2.232,0.0048,18,18,0,6,4,0,22,5.2,0.112,0.112,0,0.1,1.2,0,0.3152,0.352,0.152,0,0.492,0,0.0308,0.0056,0.0056,0.0196,0.0196,0.0012,0.0184,0,0,0,0,0,0,0,0,0,0,0.004,0,0,0,0.0012,0.0048,8.00E-04,0.0184,0.0012,0,0,0,0,0,0,0,0,0,0,0,0,0,0,0,0,0,0,4.00E-04,0,0,0,0,0,167.6,80.4,87.2,5.6,12.8,7.6,2,8.4,10,2.8,10.4,6.4,14.4,6,2.4,13.6,13.6,16.4,12.8,9.2,13.2,0,4.4,17.2,28.8
3,8,246079,목이버섯죽_HS,0120010500a,멥쌀: 논벼: 백미 (국내산): 일반형: 일품,50,176.5,39.25,0.05,0.05,0,2.85,2.85,0,0.48,0,0,0,0,0,0,0,0,0,7.7,0.15,0.1665,0.3335,0,2,0,0,0,0,0,0,0,0,0,0,0,0,0,0,0,0,0,0.07,0.01,0.45,0,0,0,0,0,0,0,0,0,0,0,3,3,0,38.5,2.5,0,46,0,0.7,0.7,0,0,0,0,0,0,0,0,0,0,0,0,0,0,0,0,0,0,0,0,0,0,0,0,0,0,0,0,0,0,0,0,0,0,0,0,0,0,0,0,0,0,0,0,0,0,0,0,0,0,0,0,0,0,0,0,0,0,0,0,0,0,0,0,0,0,0,0,0,0,0,0,0,0,0,0,0,0,0,0,0,0,0,0,0
3,8,246079,목이버섯죽_HS,1420140000a,참기름,3,27.51,0.0042,2.9877,2.9877,0,0,0,0,0,0,0,0,0,0,0,0,0,0,0.006,0.0021,0.02751,0.05499,0,0.33,0,0,0,1.2756,0.17331,0.0522,0,1.2056999,0.0177,0,0,0,0,0.2736,0.27359998,0,0,0,0.0021,0,0,0,0,0,0,0,0,0,0,0.1149,4.50E-04,1.29,1.29,0,2.97,0.48,0,1.68,1.05,0.0525,0.0525,0,0.0147,2.52,0,0.00468,0,0,0,0,0,2.8671,0.43941,1.14507,1.27389,1.26465,0.01602,1.25787,0,0,0,0,0,0,0,0,0,0,0.26079,0.00393,0.0020400002,0,0.15414,1.11006,0.026490001,1.24863,0.01602,0.00924,0,0.01734,0.00459,0,0,0,0,0,0,0,0.0027,0,0,0,0,0,0,0.0024,0,0.00873,0,0.00873,0,1.23,0.42,0.81,0.06,0.21,0,0.03,0,0.03,0,0.09,0,0,0,0.06,0.09,0.03,0.15,0.06,0.36,0.06,0,0.09,0,0.36
2,6,246078,목이오리엔탈무침_HS,1610010006i,간장: 양조간장,8.5,8.755,1.4059,0,0,0,0.77775,0.77775,0,0.068,0.034,0.034,0,0,0,0,0,0,0,5.1085,1.20785,0,0,0,0,0,0,0,0.0034,0.0033999998,0.0033999998,0,0,0,0,0,0,0,0,0,0,0,0.003315,0.13804,0.111265,0.14739,0.040885,0.07038,0,3.06,3.06,0,0,0,0,0.0033999998,2.125,2.125,0,12.325,406.555,0,40.8,5.865,0.13855,0.13855,0,0.068,0.255,0,0.081855,0,0,0,2.8118,0,0.00187,4.25E-04,0.001445,0,0,0,0,0,0,0,0,0,0,0,0,0,0,1.70E-04,0,0,0,2.55E-04,0.001445,0,0,0,0,0,0,0,0,0,0,0,0,0,0,0,0,0,0,0,0,0,0,0,0,0,0,0,654.84,274.21,380.63,36.04,53.805,37.06,4.505,32.98,27.2,2.21,36.55,13.175,30.685,9.265,5.695,34.34,74.035,152.32,30.43,38.675,35.87,0,10.2,44.455,126.395
2,6,246078,목이오리엔탈무침_HS,1420110000a,올리브유,10,92.1,0,10,10,0,0,0,0,0,0,0,0,0,0,0,0,0,0,0.01,0.004,0.59169996,1.1833,0,7.1,0,0,0,1.122,1.037,1.02,0.017,0.085,0,0,0,0,0,5.746,5.746,0,0,0,0,0,0,0,0,0,0,0,0,0,0,0,0.0012,0,0,0,0,0.7,0,1.3,0,0,0,0,0,0,0,6.00E-04,0,0.243,0,0.965,0,9.5967,1.5725,7.0687,0.9499,0.8899,0.0711,0.8787,0,0,0,0,0,0,0,0,0,0,1.2274,0.116,0.0078000003,0,0.2871,6.6207,0.3096,0.8187,0.0711,0.06,0,0.0357,0.0224,0,0,0,0,0,0,0,0.0097,0,0,0,0,0,0,0.0048,0,0.0056000003,0.0039999997,0.0015,0,0,0,0,0,0,0,0,0,0,0,0,0,0,0,0,0,0,0,0,0,0,0,0,0,0
2,6,246078,목이오리엔탈무침_HS,0710090001a,목이버섯: 생것 ,20,2.6,1.044,0.038,0.038,0,0.158,0.158,0,0.72,0.14,0.58,0.024,0,0.024,0,0,0,0,18.72,0.048,0,0,0,0,0.076,0.076,0,0,0,0,0,0,0,0,0,0,0,0,0,0,0,0.0084,0.0092,0.0646,0.0876,0.0288,0.035800003,0.0054,2.6,2.6,0,0,0.0982,1.116,0.0024,9,9,0,3,2,0,11,2.6,0.056,0.056,0,0.05,0.6,0,0.1576,0.176,0.076,0,0.246,0,0.0154,0.0028,0.0028,0.0098,0.0098,6.00E-04,0.0092,0,0,0,0,0,0,0,0,0,0,0.002,0,0,0,6.00E-04,0.0024,4.00E-04,0.0092,6.00E-04,0,0,0,0,0,0,0,0,0,0,0,0,0,0,0,0,0,0,2.00E-04,0,0,0,0,0,83.8,40.2,43.6,2.8,6.4,3.8,1,4.2,5,1.4,5.2,3.2,7.2,3,1.2,6.8,6.8,8.2,6.4,4.6,6.6,0,2.2,8.6,14.4
2,6,246078,목이오리엔탈무침_HS,1610400001b,후추: 분말,0.1,0.306,0.056,0.0041,0.0041,0,0.0113,0.0113,0,0.02458,0,0,0,0,0,0,0,0,0,0.0151,0.0038,0.011,0.022,0,0.132,0,0,0,0,0,0,0,0,0,0,0,0,0,0.1637,0,0,0,1.10E-04,2.20E-04,0.0011,0,0,0,3.40E-04,0.01,0,0,0,0,0,0,0.281,0.281,0,0.167,0.046,0,1.103,0,0.0195,0.0195,0,0.00142,1.1,0,0.00563,0.0082,0.0031,0,0,0,0,0,0,0,0,0,0,0,0,0,0,0,0,0,0,0,0,0,0,0,0,0,0,0,0,0,0,0,0,0,0,0,0,0,0,0,0,0,0,0,0,0,0,0,0,0,0,0,0,0,0,0,0,0,0,0,0,0,0,0,0,0,0,0,0,0,0,0,0,0,0,0,0,0,0
2,6,246078,목이오리엔탈무침_HS,0610500100a,마늘: 국내산: 생것,1.5,1.92,0.3963,0.0024,0.0024,0,0.11175,0.11175,0,0.057,0.024,0.0345,0.00345,0,0.00345,0,0,0,0,0.972,0.01815,0,0,0,0,0,0,0,0.003,0.003,0.003,0,0,0,0,0,0,0,0,0,0,0.12675,0.002175,0.002415,0.00747,0.011925001,0.00702,4.50E-04,0,1.38,1.38,0,0,0.01626,0.0576,0.00162,0.18,0.18,0,2.34,0.045,0,7.965,0.36,0.0117,0.0117,0,0.0099,0.525,0,0.003765,0.01665,0.0519,0,0.16185,0,0.00222,8.25E-04,2.70E-04,0.00114,0.00114,0,0.00114,0,0,0,0,0,0,0,3.00E-05,0,0,7.35E-04,0,0,0,3.00E-05,2.55E-04,0,0.00114,0,0,0,0,0,0,0,0,0,0,0,0,1.50E-05,0,0,0,0,0,0,1.50E-05,0,0,0,0,0,79.11,39.825,39.285,1.5,2.94,3.105,0.69,2.52,2.085,0.27,2.565,1.395,22.755,1.77,1.62,2.19,11.145,16.005,2.25,1.68,2.625,0,2.31,4.56,7.005
2,6,246078,목이오리엔탈무침_HS,0310050003a,설탕: 백설탕,1.5,5.805,1.4994,1.50E-04,1.50E-04,0,0,0,0,0,0,0,1.4955,1.4955,0,0,0,0,0,0,4.50E-04,0,0,0,0,0,0,0,0,0,0,0,0,0,0,0,0,0,0,0,0,0,0,0.00891,0,0,0,0,0,0,0,0,0,0.00165,0,0,0.06,0.06,0,0,0.015,0,0.015,0.015,0.00195,0.00195,0,0,0,0,0,0,0.02565,0,0.07545,0,1.20E-04,1.20E-04,0,0,0,0,0,0,0,0,0,0,0,0,9.00E-05,0,0,3.00E-05,0,0,0,1.50E-05,0,0,0,0,0,0,0,0,0,0,0,0,0,0,0,0,0,0,0,0,0,0,0,0,0,0,0,0,0.03,0,0.03,0,0,0,0,0,0,0,0,0,0,0,0.03,0,0,0,0,0,0,0,0.03,0,0
2,6,246078,목이오리엔탈무침_HS,0810110002j,레몬 가공: 레몬주스: 과즙,2,0.48,0.172,0.004,0.004,0,0.008,0.008,0,0.008,0,0,0.03,0.006,0.012,0.012,0,0,0,1.81,0.006,0,0,0,0,0,0,0,0.002,0.002,0.002,0,0,0,0,0,0,0,0,0,0,1,8.00E-04,4.00E-04,0.002,0.002,0,0,0.001,0.38,0.38,0,0,0.0036,0.006,0,0.14,0.14,0,0.18,0.04,0,2,0.16,0.002,0.002,0,0.002,0.4,0,6.00E-04,0,0,0,0.02,0,0.00122,2.80E-04,1.00E-04,8.40E-04,6.20E-04,2.20E-04,6.20E-04,0,0,0,0,0,0,0,2.00E-05,0,0,2.20E-04,0,0,0,4.00E-05,1.00E-04,0,4.00E-04,2.20E-04,2.20E-04,0,0,0,0,0,0,0,0,0,0,0,0,0,0,0,0,0,0,0,0,0,0,0,6.262,0.90599996,5.356,0.116,0.18,0.192,0.05,0.14,0.136,0.04,0.17,0.072,0.17,0.09,0.08,0.4,2.4,0.96,0.166,0.62,0.72,0,0.13,0.27,0.466
2,6,246078,목이오리엔탈무침_HS,1610200001i,식초: 양조식초,2,0.02,0.0068,0,0,0,4.00E-04,4.00E-04,0,0,0,0,0,0,0,0,0,0,0,1.992,8.00E-04,0,0,0,0,0,0,0,4.00E-04,8.00E-05,0,0,2.00E-04,0,2.00E-04,0,0,0,0,0,0,0,3.00E-04,0,1.20E-04,1.20E-04,0,1.20E-04,0,0,0,0,0,0,0,0,0.06,0.06,0,0.22,0.02,0,0.04,0.02,0,0,0,0,0,0,4.80E-04,0,0.0068,0,6.00E-04,0,6.00E-05,4.00E-05,2.00E-05,2.00E-05,2.00E-05,0,2.00E-05,0,0,0,0,0,0,0,0,0,0,2.00E-05,0,0,0,2.00E-05,2.00E-05,0,2.00E-05,0,0,0,0,0,0,0,0,0,0,0,0,0,0,0,0,0,0,0,0,0,0,0,0,0,0,0,0,0,0,0,0,0,0,0,0,0,0,0,0,0,0,0,0,0,0,0,0,0,0
3,8,246030,무채초절이_HS,0610571500a,무: 조선무: 뿌리,60,12,2.604,0.072,0.072,0,0.402,0.402,0,0.66,0.3,0.42,1.074,0.030000001,0.43800005,0.59400004,0,0,0.012,56.58,0.33,0.1002,0.1998,0,1.2,0,0,0,0,0,0,0,0,0,0,0,0,0,0,0,0,5.19,0.0354,0.0126,0.1266,0.20220001,0,0.1266,0.0426,19.8,19.800001,0,0,0.0984,0,0.0126,13.8,13.8,0,20.4,5.4,0,156.6,4.8,0.096,0.096,0,0.246,72.6,0,0.1266,0,0.21,0,2.208,0,0.0486,0.0126,0.0096,0.0264,0.0162,0.0066,0.0198,0,0,0,0,0,0,0,0,0,0,0.0096,6.00E-04,0,0,0.003,0.0078,0.0012,0.0096,0.0066,0.0102,0,0,0,0,0,0,0,0,0,0,0,0,0,0,0,0,0,0,0,0,0,0,0,299.4,115.2,184.2,11.4,16.8,18.6,4.2,10.8,11.4,4.8,18,6,13.2,3.6,3,17.4,28.8,82.2,12,22.2,15,0,7.2,19.2,46.2
3,8,246030,무채초절이_HS,0611190300a,오이: 재래종: 생것,10,1.1,0.23,0.01,0.01,0,0.08,0.08,0,0.07,0,0,0,0,0,0,0,0,0,9.63,0.05,1.5083001,3.0167,0,18.1,0,0,0,0,0,0,0,0,0,0,0,0,0,3.4,0,0,1,0.003,0.003,0.02,0,0,0,0.004,0.38,0,0,0,0.024,0,0,2.6,2.6,0,3.3,0.5,0,16.2,1.04,0.02,0.02,0,0.02,3.26,0,0.01,0,0.01,0,0.19,0,0.0095,0.0035,2.00E-04,0.0058,0.0023,0,0.0058,0,0,0,0,0,0,0,0,0,0,0.003,0,0,0,5.00E-04,2.00E-04,0,0.0023,0,0.0035,0,0,0,0,0,0,0,0,0,0,0,0,0,0,0,0,0,0,0,0,0,0,0,0,0,0,0,0,0,0,0,0,0,0,0,0,0,0,0,0,0,0,0,0,0,0,0,0
3,8,246030,무채초절이_HS,0310050003a,설탕: 백설탕,2,7.74,1.9992,2.00E-04,2.00E-04,0,0,0,0,0,0,0,1.994,1.994,0,0,0,0,0,0,6.00E-04,0,0,0,0,0,0,0,0,0,0,0,0,0,0,0,0,0,0,0,0,0,0,0.01188,0,0,0,0,0,0,0,0,0,0.0022,0,0,0.08,0.08,0,0,0.02,0,0.02,0.02,0.0026,0.0026,0,0,0,0,0,0,0.0342,0,0.1006,0,1.60E-04,1.60E-04,0,0,0,0,0,0,0,0,0,0,0,0,1.20E-04,0,0,4.00E-05,0,0,0,2.00E-05,0,0,0,0,0,0,0,0,0,0,0,0,0,0,0,0,0,0,0,0,0,0,0,0,0,0,0,0,0.04,0,0.04,0,0,0,0,0,0,0,0,0,0,0,0.04,0,0,0,0,0,0,0,0.04,0,0
3,8,246030,무채초절이_HS,1610200001i,식초: 양조식초,2,0.02,0.0068,0,0,0,4.00E-04,4.00E-04,0,0,0,0,0,0,0,0,0,0,0,1.992,8.00E-04,0,0,0,0,0,0,0,4.00E-04,8.00E-05,0,0,2.00E-04,0,2.00E-04,0,0,0,0,0,0,0,3.00E-04,0,1.20E-04,1.20E-04,0,1.20E-04,0,0,0,0,0,0,0,0,0.06,0.06,0,0.22,0.02,0,0.04,0.02,0,0,0,0,0,0,4.80E-04,0,0.0068,0,6.00E-04,0,6.00E-05,4.00E-05,2.00E-05,2.00E-05,2.00E-05,0,2.00E-05,0,0,0,0,0,0,0,0,0,0,2.00E-05,0,0,0,2.00E-05,2.00E-05,0,2.00E-05,0,0,0,0,0,0,0,0,0,0,0,0,0,0,0,0,0,0,0,0,0,0,0,0,0,0,0,0,0,0,0,0,0,0,0,0,0,0,0,0,0,0,0,0,0,0,0,0,0,0
3,8,246030,무채초절이_HS,0610500100a,마늘: 국내산: 생것,1,1.28,0.2642,0.0016,0.0016,0,0.0745,0.0745,0,0.038,0.016,0.023,0.0023,0,0.0023,0,0,0,0,0.648,0.0121,0,0,0,0,0,0,0,0.002,0.002,0.002,0,0,0,0,0,0,0,0,0,0,0.0845,0.00145,0.00161,0.00498,0.00795,0.00468,3.00E-04,0,0.92,0.92,0,0,0.01084,0.0384,0.0010800001,0.12,0.12,0,1.56,0.03,0,5.31,0.24,0.0078,0.0078,0,0.0066,0.35,0,0.00251,0.0111,0.0346,0,0.1079,0,0.00148,5.50E-04,1.80E-04,7.60E-04,7.60E-04,0,7.60E-04,0,0,0,0,0,0,0,2.00E-05,0,0,4.90E-04,0,0,0,2.00E-05,1.70E-04,0,7.60E-04,0,0,0,0,0,0,0,0,0,0,0,0,1.00E-05,0,0,0,0,0,0,1.00E-05,0,0,0,0,0,52.74,26.55,26.19,1,1.96,2.07,0.46,1.68,1.39,0.18,1.71,0.93,15.17,1.18,1.08,1.46,7.43,10.67,1.5,1.12,1.75,0,1.54,3.04,4.67
3,8,246030,무채초절이_HS,1610180001a,소금: 식염,0.6,0,0,0,0,0,0,0,0,0,0,0,0,0,0,0,0,0,0,0.0018,0.5982,0,0,0,0,0,0,0,0,0,0,0,0,0,0,0,0,0,0,0,0,0,0,0,0,0,0,0,0,0,0,0,0,0,0,0,0.24,0.24,0,0,201.582,0,0.81,0.144,0.0012,0.0012,0,0,0,0,0,0,0,0,0,0,0,0,0,0,0,0,0,0,0,0,0,0,0,0,0,0,0,0,0,0,0,0,0,0,0,0,0,0,0,0,0,0,0,0,0,0,0,0,0,0,0,0,0,0,0,0,0,0,0,0,0,0,0,0,0,0,0,0,0,0,0,0,0,0,0,0,0,0,0,0,0,0,0,0,0
3,6,246029,미니새송이버터조림_HS,1610040001b,고추가루,1,3.19,0.6062,0.084,0.084,0,0.1329,0.1329,0,0.377,0.063,0.314,0.1745,0,0.0644,0.1101,0,0,0,0.125,0.0519,6.13583,12.2717,0,73.63,0,0,0,0.3666,0.27575,0.2641,0.0070999996,0.0749,0.020499999,0,0,0,0,0.69052,0.69052005,0,0,0.00427,0.02159,0.08433,0.095649995,0.00837,0.07596,0,0.95,0.95,0,0,0.00244,0.7522,5.70E-04,0.79,0.79,0,3.42,0.13,0,25.41,1.55,0.0489,0.0489,0,0.027,6.94,0,0.01465,0.1042,0.0392,0,0.186,0,0.08038,0.01478,0.00919,0.05593,0.05579,0.0036,0.05233,0,0,0,0,0,2.50E-04,0,8.90E-04,0,3.00E-05,0.01101,5.60E-04,1.20E-04,0,0.00186,0.00734,0.0011999999,0.05219,0.0036,1.00E-04,0,2.50E-04,8.00E-05,5.00E-05,0,0,0,0,0,1.00E-05,1.90E-04,0,0,0,0,0,0,1.70E-04,0,4.90E-04,2.00E-05,4.20E-04,5.00E-05,106.23,39.45,66.78,3.55,7.06,4.74,1.29,4.1,4.33,0.68,4.88,1.88,6.94,3.13,2.5,5.39,22.63,16.98,5.46,7.46,3.23,0,3.79,7.91,15.49
3,6,246029,미니새송이버터조림_HS,1610060001i,깨소금 가루: 볶은것 ,0.7,4.466,0.0959,0.3969,0.3969,0,0.1267,0.1267,0,0.12551,0,0,0,0,0,0,0,0,0,0.0483,0.0322,0,0,0,0,0,0,0,0,0,0,0,0,0,0,0,0,0,0,0,0,0,0.00357,9.80E-04,0,0,0,0,0,0,0,0,0,0,0,0,8.561,8.561,0,4.48,0,0,0,2.471,0.133,0.133,0,0.03577,0,0,0,0,0,0,0,0,0.393988,0.051947,0.160034,0.182,0.180194,0,0.182,0,0,0,0,0,0,0,0,0,0,0.033628,0,0,0,0.018319,0.160034,0,0.180194,0,0.001806,0,0,0,0,0,0,0,0,0,0,0,0,0,0,0,0,0,0,0,0,0,0,0,0,0,0,0,0,0,0,0,0,0,0,0,0,0,0,0,0,0,0,0,0,0,0,0,0
3,6,246029,미니새송이버터조림_HS,0310050003a,설탕: 백설탕,0.5,1.935,0.4998,5.00E-05,5.00E-05,0,0,0,0,0,0,0,0.4985,0.4985,0,0,0,0,0,0,1.50E-04,0,0,0,0,0,0,0,0,0,0,0,0,0,0,0,0,0,0,0,0,0,0,0.00297,0,0,0,0,0,0,0,0,0,5.50E-04,0,0,0.02,0.02,0,0,0.005,0,0.005,0.005,6.50E-04,6.50E-04,0,0,0,0,0,0,0.00855,0,0.02515,0,4.00E-05,4.00E-05,0,0,0,0,0,0,0,0,0,0,0,0,3.00E-05,0,0,1.00E-05,0,0,0,5.00E-06,0,0,0,0,0,0,0,0,0,0,0,0,0,0,0,0,0,0,0,0,0,0,0,0,0,0,0,0,0.01,0,0.01,0,0,0,0,0,0,0,0,0,0,0,0.01,0,0,0,0,0,0,0,0.01,0,0
3,6,246029,미니새송이버터조림_HS,1410030000a,버터,3,22.83,0.0543,2.4612,0,2.4612,0.0177,0,0.0177,0,0,0,0.0198,0,0,0,0.0198,0,0,0.459,0.0078,15.71751,15.775,15.66,0.69,0,0,0,0.024,0.022289999,0.0219,0,0.0011999999,0,9.00E-04,0,0,0,0,0,0,0,0,0.00138,0,7.50E-04,0,0,0,0,0,0,0.0015,0,0,0,0.48,0,0.48,0.57,0.3,0,0.87,0,9.00E-04,0,9.00E-04,0.0021,0.12,0,0,0.1257,0,0,0.0387,6.9636,2.06805,1.44138,0.4788,0.05517,0.05094,0.00618,0.04902,0.06774,0.04236,0.0258,0.0546,0,0.09549,0.0020400002,0.23985,0.01839,0.018509999,0.6105,0.02994,0.0117,0,0.25512,0.41886,0.00864,0.04569,0.00525,0,0,0.00363,0.00147,0,0,0.00333,0,0,0,0.00831,0.00114,0.0015,0,9.30E-04,0,0,0.0045299996,0,0,0.0927,0.06945,0.01788,0.0054,15.51,7.26,8.25,0.69,1.53,1.2,0.54,0.72,0.72,0.06,0.84,0.45,0.51,0.63,0.24,0.48,1.14,2.97,0.33,1.47,0.99,0,0.78,1.41,3.06
3,6,246029,미니새송이버터조림_HS,0710240001a,새송이버섯 (큰느타리버섯): 생것,35,7,2.289,0.0805,0.0805,0,1.022,1.022,0,1.12,0.14,0.98,0.0875,0,0.0875,0,0,0,0,31.36,0.2415,0,0,0,0,0,0,0,0,0,0,0,0,0,0,0,0,0,0,0,0,0,0.01715,0.08015,1.84135,2.03735,1.74265,0.0987,0.0497,18.55,18.55,0,0,0.1428,0.9275,0.0238,0.35,0.35,0,32.55,2.1,0,107.45,4.55,0.126,0.126,0,0.3185,26.25,0,0.02905,0.3885,0.7,0,0.0595,0,0.06055,0.014,0.00735,0.03885,0.038850002,0,0.03885,0,0,0,0,0,0,0,3.50E-04,0,0.00105,0.01085,0,0,0,0.0014,0.007,3.50E-04,0.03885,0,0,0,0,0,0,0,0,0,0,0,0,0,0,0,0,0,0,0,0,0,0,0,0,0,743.75,340.55,403.2,35.35,60.2,55.3,10.15,33.6,40.95,11.9,43.4,16.45,33.25,25.9,10.5,64.75,75.25,101.5,42.35,41.3,41.65,0,20.65,71.4,138.95
3,6,246029,미니새송이버터조림_HS,1610010001i,간장: 왜간장(개량간장),10,5.4,0.559,0.019,0.019,0,0.741,0.741,0,0.09,0.07,0.01,0.278,0.07,0.098000005,0.109000005,0,0,0,7.2,1.486,0,0,0,0,0,0,0,0,0,0,0,0,0,0,0,0,0,0,0,0,0,0.0193,0.0536,0.3126,0.3574,0.1749,0.13769999,0,3,3,0,0,0.0592,0.262,0,2.5,2.5,0,12.7,547.6,0,42.2,4.7,0.109,0.109,0,0.038,0,0,0.0638,0.118,3.067,0,2.027,0,6.00E-04,3.00E-04,1.00E-04,1.00E-04,1.00E-04,0,1.00E-04,0,0,0,0,0,0,0,0,0,0,1.00E-04,0,0,0,1.00E-04,1.00E-04,0,1.00E-04,0,0,0,0,0,0,0,0,0,0,0,0,0,0,0,0,0,0,0,0,0,1.00E-04,0,0,1.00E-04,517.4,226,291.4,24.3,42.3,15.2,5.5,22.3,20.3,2.7,23.1,10.9,59.4,9.4,6.2,34,41.9,123,46.5,0,30.4,0,11.7,34.4,89.7
3,6,246029,미니새송이버터조림_HS,0611570300a,파: 소파(실파),5,0.8,0.16,0.005,0.005,0,0.075,0.075,0,0.089,0,0,0,0,0,0,0,0,0,4.715,0.045,3,6,0,36,0,0,0,0,0,0,0,0,0,0,0,0,0,0,0,0,1.2,0.0025,0.004,0.02,0,0,0,0,0,0,0,0,0,0,0,3.75,3.75,0,1.95,0.1,0,13.55,0.65145,0.04,0.04,0,0.0297,0,0,0,0,0,0,0,0,0.0047,0.0013,2.00E-04,0.0032,0.00165,0,0.0032,0,0,0,0,0,0,0,5.00E-05,0,0,0.0011,0,0,0,1.50E-04,2.00E-04,0,0.00165,0,0.00155,0,0,0,0,0,0,0,0,0,0,0,0,0,0,0,0,0,0,0,0,0,0,0,0,0,0,0,0,0,0,0,0,0,0,0,0,0,0,0,0,0,0,0,0,0,0,0,0
3,6,246029,미니새송이버터조림_HS,1610180001a,소금: 식염,1,0,0,0,0,0,0,0,0,0,0,0,0,0,0,0,0,0,0,0.003,0.997,0,0,0,0,0,0,0,0,0,0,0,0,0,0,0,0,0,0,0,0,0,0,0,0,0,0,0,0,0,0,0,0,0,0,0,0.4,0.4,0,0,335.97,0,1.35,0.24,0.002,0.002,0,0,0,0,0,0,0,0,0,0,0,0,0,0,0,0,0,0,0,0,0,0,0,0,0,0,0,0,0,0,0,0,0,0,0,0,0,0,0,0,0,0,0,0,0,0,0,0,0,0,0,0,0,0,0,0,0,0,0,0,0,0,0,0,0,0,0,0,0,0,0,0,0,0,0,0,0,0,0,0,0,0,0,0,0
3,6,246064,미역초무침_HS,1210100003b,미역: 말린것,5,7.5,2.1825,0.2415,0.2415,0,1.0155,1.0155,0,1.78,0,0,0,0,0,0,0,0,0,0.315,1.2455,25.77085,51.5416,0,309.25,0,0,0,0.0515,0.0515,0.0515,0,0,0,0,0,0,0,77.134,77.134,0,0,0,0.00505,0.19,0.19,0.1867,0.0033,0,14.15,14.15,0,0,0,0,0,55.45,55.45,0,17.75,376.75,0,21.6,45.05,0.305,0.305,0,0.1485,2.85,0,0.02625,1454.88,4.838,0,0.6125,0,0.26765,0.03935,0.01125,0.2125,0.04175,0.06875,0.14225,0,0,0,0,0,0,0.00105,0.0053,0,5.50E-04,0.0263,7.00E-04,0.00295,0,0.00205,0.01055,0,0.01615,0.0256,0.03645,0,0.0012,0,0.0455,3.00E-04,0.00145,0,0.04265,0.0429,0,0,0,0.0015,0,0,0,0,0,0,0.0045499997,0,2.00E-04,0.00435,865.1,401.05,464.05,40.8,74.35,56.9,26.85,43.5,41.55,0,52.65,22.7,41.75,24.6,9.85,70.95,90.6,128.7,58.1,34.5,46.75,0,36.7,68.1,167.8
3,6,246064,미역초무침_HS,1610050001i,고추장,10,21.7,4.3,0.24,0.24,0,0.59,0.59,0,0.42,0,0,0,0,0,0,0,0,0,3.85,0.82,21.0667,42.1333,0,252.8,0,0,0,0,0,0,0,0,0,0,0,0,0,0.74,0,0,0,0.021,0.025,0.27,0,0,0,0.027,2.16,0,0,0,0.0099,0,0,5.5,5.5,0,14.5,251,0,40.6,0,0.19,0.19,0,0.019,15,0,0.08,0,0,0,0,0,0,0,0,0,0,0,0,0,0,0,0,0,0,0,0,0,0,0,0,0,0,0,0,0,0,0,0,0,0,0,0,0,0,0,0,0,0,0,0,0,0,0,0,0,0,0,0,0,0,0,0,0,0,0,0,0,0,0,0,0,0,0,0,0,0,0,0,0,0,0,0,0,0,0,0
3,6,246064,미역초무침_HS,1610200001i,식초: 양조식초,5,0.05,0.017,0,0,0,0.001,0.001,0,0,0,0,0,0,0,0,0,0,0,4.98,0.002,0,0,0,0,0,0,0,0.001,2.00E-04,0,0,5.00E-04,0,5.00E-04,0,0,0,0,0,0,0,7.50E-04,0,3.00E-04,3.00E-04,0,3.00E-04,0,0,0,0,0,0,0,0,0.15,0.15,0,0.55,0.05,0,0.1,0.05,0,0,0,0,0,0,0.0012,0,0.017,0,0.0015,0,1.50E-04,1.00E-04,5.00E-05,5.00E-05,5.00E-05,0,5.00E-05,0,0,0,0,0,0,0,0,0,0,5.00E-05,0,0,0,5.00E-05,5.00E-05,0,5.00E-05,0,0,0,0,0,0,0,0,0,0,0,0,0,0,0,0,0,0,0,0,0,0,0,0,0,0,0,0,0,0,0,0,0,0,0,0,0,0,0,0,0,0,0,0,0,0,0,0,0,0
3,6,246064,미역초무침_HS,0610500100a,마늘: 국내산: 생것,3,3.84,0.7926,0.0048,0.0048,0,0.2235,0.2235,0,0.114,0.048,0.069,0.0069,0,0.0069,0,0,0,0,1.944,0.0363,0,0,0,0,0,0,0,0.006,0.006,0.006,0,0,0,0,0,0,0,0,0,0,0.2535,0.00435,0.00483,0.01494,0.023850001,0.01404,9.00E-04,0,2.76,2.76,0,0,0.03252,0.1152,0.00324,0.36,0.36,0,4.68,0.09,0,15.93,0.72,0.0234,0.0234,0,0.0198,1.05,0,0.00753,0.0333,0.1038,0,0.3237,0,0.00444,0.00165,5.40E-04,0.00228,0.00228,0,0.00228,0,0,0,0,0,0,0,6.00E-05,0,0,0.00147,0,0,0,6.00E-05,5.10E-04,0,0.00228,0,0,0,0,0,0,0,0,0,0,0,0,3.00E-05,0,0,0,0,0,0,3.00E-05,0,0,0,0,0,158.22,79.65,78.57,3,5.88,6.21,1.38,5.04,4.17,0.54,5.13,2.79,45.51,3.54,3.24,4.38,22.29,32.01,4.5,3.36,5.25,0,4.62,9.12,14.01
3,6,246064,미역초무침_HS,0310050003a,설탕: 백설탕,2,7.74,1.9992,2.00E-04,2.00E-04,0,0,0,0,0,0,0,1.994,1.994,0,0,0,0,0,0,6.00E-04,0,0,0,0,0,0,0,0,0,0,0,0,0,0,0,0,0,0,0,0,0,0,0.01188,0,0,0,0,0,0,0,0,0,0.0022,0,0,0.08,0.08,0,0,0.02,0,0.02,0.02,0.0026,0.0026,0,0,0,0,0,0,0.0342,0,0.1006,0,1.60E-04,1.60E-04,0,0,0,0,0,0,0,0,0,0,0,0,1.20E-04,0,0,4.00E-05,0,0,0,2.00E-05,0,0,0,0,0,0,0,0,0,0,0,0,0,0,0,0,0,0,0,0,0,0,0,0,0,0,0,0,0.04,0,0.04,0,0,0,0,0,0,0,0,0,0,0,0.04,0,0,0,0,0,0,0,0.04,0,0
3,6,246064,미역초무침_HS,0611570400a,파: 중파,1,0.21,0.0424,0.0014,0.0014,0,0.0173,0.0173,0,0.011,0,0.011,0.0117,0,0.0045,0.0058999998,0,2.00E-04,0.0011,0.93,0.0089,0.7325,1.465,0,8.79,0,0,0,0.0052,0.00378,0.0036000002,0,0.0011,2.00E-04,2.00E-04,0,1.00E-04,0,1.3195,1.3195,0,0.1369,3.00E-04,0.00147,0.00116,0.00201,3.30E-04,8.30E-04,0,0.58,0.58,0,0,0.00737,0,2.00E-04,0.72,0.72,0,0.43,0,0,3.24,0.16,0.0265,0.0265,0,0.0073,0.28,0,0.01301,0,0.0069,0,0.0327,0,0.00163,4.20E-04,4.00E-05,0.00116,8.80E-04,4.30E-04,7.30E-04,0,0,0,0,0,0,0,1.00E-05,0,0,3.10E-04,0,0,0,3.00E-05,4.00E-05,0,4.50E-04,4.30E-04,2.80E-04,0,1.00E-05,0,0,0,0,0,0,0,1.00E-05,2.00E-05,0,0,0,0,0,0,3.00E-05,0,0,0,0,0,11.08,4.35,6.73,0.57,0.72,0.58,0.1,0.42,0.65,0.05,0.48,0.26,0.52,0.4,0.1,0.45,1.36,2.76,0.51,0.38,0.77,0,0.2,0.87,1.77
3,6,246064,미역초무침_HS,1610040001b,고추가루,1,3.19,0.6062,0.084,0.084,0,0.1329,0.1329,0,0.377,0.063,0.314,0.1745,0,0.0644,0.1101,0,0,0,0.125,0.0519,6.13583,12.2717,0,73.63,0,0,0,0.3666,0.27575,0.2641,0.0070999996,0.0749,0.020499999,0,0,0,0,0.69052,0.69052005,0,0,0.00427,0.02159,0.08433,0.095649995,0.00837,0.07596,0,0.95,0.95,0,0,0.00244,0.7522,5.70E-04,0.79,0.79,0,3.42,0.13,0,25.41,1.55,0.0489,0.0489,0,0.027,6.94,0,0.01465,0.1042,0.0392,0,0.186,0,0.08038,0.01478,0.00919,0.05593,0.05579,0.0036,0.05233,0,0,0,0,0,2.50E-04,0,8.90E-04,0,3.00E-05,0.01101,5.60E-04,1.20E-04,0,0.00186,0.00734,0.0011999999,0.05219,0.0036,1.00E-04,0,2.50E-04,8.00E-05,5.00E-05,0,0,0,0,0,1.00E-05,1.90E-04,0,0,0,0,0,0,1.70E-04,0,4.90E-04,2.00E-05,4.20E-04,5.00E-05,106.23,39.45,66.78,3.55,7.06,4.74,1.29,4.1,4.33,0.68,4.88,1.88,6.94,3.13,2.5,5.39,22.63,16.98,5.46,7.46,3.23,0,3.79,7.91,15.49
1,2,246049,민물새우맑은탕_HS,1610010004i,간장: 재래간장,8,2.72,0.1976,0.0024,0.0024,0,0.4736,0.4736,0,0.032,0.032,0,0.0232,0,0.0095999995,0.0136,0,0,0,5.648,1.6808,0,0,0,0,0,0,0,0,0,0,0,0,0,0,0,0,0,0,0,0,0,0.01128,0.00872,0.06928,0.16856001,0.05088,0.0184,0.00208,2.56,2.56,0,0.0232,0.0492,0.436,4.80E-04,3.12,3.12,0,9.68,639.92,0,52.56,16.64,0.0528,0.0528,0,0.0312,0,0,0.02984,0.1688,3.9248,0,2.848,0,8.80E-04,2.40E-04,1.60E-04,3.20E-04,3.20E-04,0,3.20E-04,0,0,0,0,0,0,0,0,0,0,1.60E-04,0,0,0,8.00E-05,1.60E-04,0,3.20E-04,0,0,0,0,0,0,0,0,0,0,0,0,0,0,0,0,0,0,0,0,0,8.00E-05,0,0,8.00E-05,324.16,114.56,209.6,11.6,16.96,24.16,5.84,11.52,11.44,5.92,14.4,6.72,6,5.28,2.08,30.48,52.4,72,15.12,18.48,13.76,0,7.92,22.72,42.96
1,2,246049,민물새우맑은탕_HS,1130040700a,새우: 대하: 생것,20,16.4,0.02,0.12,0,0.12,3.62,0,3.62,0,0,0,0,0,0,0,0,0,0,16,0.24,0,0,0,0,0,0,0,0,0,0,0,0,0,0,0,0,0,0,0,0,0.2,0.004,0.012,0.38,0,0,0,0,0,0,0,0,0,0,0,14.8,0,14.8,42,24,0,68,6.4732,0.28,0,0.28,0.3752,0,0,0,0,0,0,0,0,0.0642,0.0192,0.015,0.0302,0.0012,0.0292,0.001,0,0,0,0,0,0,0,0.002,0,0,0.0146,0,0,0,0.0026,0.015,0,8.00E-04,4.00E-04,2.00E-04,0,0,0,0,0,0,0,0,0.0184,0,0,0,0,0,0,0.0104,0,0,0,0,0,0,0,0,0,0,0,0,0,0,0,0,0,0,0,0,0,0,0,0,0,0,0,0,0,0,0,0
1,2,246049,민물새우맑은탕_HS,1610040001b,고추가루,2.66667,8.50668,1.61654,0.224,0.224,0,0.3544,0.3544,0,1.00533,0.168,0.837334,0.46533394,0,0.17173356,0.29360038,0,0,0,0.333334,0.1384,16.362234,32.7245,0,196.347,0,0,0,0.977601,0.7353343,0.70426756,0.018933358,0.19973359,0.054666735,0,0,0,0,1.84139,1.8413891,0,0,0.0113867,0.0575734,0.22488,0.255067,0.022320028,0.20256026,0,2.53334,2.5333366,0,0,0.00650667,2.00587,0.0015200019,2.10667,2.10667,0,9.12001,0.346667,0,67.7601,4.13334,0.1304,0.1304,0,0.0720001,18.5067,0,0.0390667,0.277867,0.104533,0,0.496001,0,0.214347,0.0394134,0.0245067,0.149147,0.14877352,0.00960001,0.139547,0,0,0,0,0,6.67E-04,0,0.00237334,0,8.00E-05,0.02936,0.00149334,3.20E-04,0,0.00496001,0.0195734,0.003200004,0.139174,0.00960001,2.67E-04,0,6.67E-04,2.13E-04,1.33E-04,0,0,0,0,0,2.67E-05,5.07E-04,0,0,0,0,0,0,4.53E-04,0,0.0013066683,5.33E-05,0.0011200014,1.33E-04,283.28036,105.200134,178.08023,9.46668,18.8267,12.64,3.44,10.9333,11.5467,1.81334,13.0133,5.01334,18.5067,8.34668,6.66668,14.3734,60.3467,45.2801,14.56,19.8934,8.61334,0,10.1067,21.0934,41.30672
1,2,246049,민물새우맑은탕_HS,1210050002b,다시마: 말린것,2.66667,2.93334,1.20533,0.0293334,0.0293334,0,0.197334,0.197334,0,0.856001,0,0,0,0,0,0,0,0,0,0.328,0.906668,1.2800016,2.56,0,15.36,0,0,0,0,0,0,0,0,0,0,0,0,0,0,0,0,0.480001,0.00586667,0.012,0.12,0,0,0,0,0,0,0,0,0,0,0,18.88,18.88,0,4.96001,82.6668,0,200,19.2,0.168,0.168,0,0.0293334,0,0,0,0,0,0,0,0,0.02464,0.0134134,0.00621334,0.00501334,0.004026672,0.00106667,0.00394667,0,0,0,0,0,0,0,0.00304,0,0,0.00848001,0,0,0,0.00189334,0.00621334,0,0.00296,0.00106667,9.87E-04,0,0,0,0,0,0,0,0,0,0,0,0,0,0,0,0,0,0,0,0,0,0,0,0,0,0,0,0,0,0,0,0,0,0,0,0,0,0,0,0,0,0,0,0,0,0,0,0
1,2,246049,민물새우맑은탕_HS,0610571500a,무: 조선무: 뿌리,32,6.4,1.3888,0.0384,0.0384,0,0.2144,0.2144,0,0.352,0.16,0.224,0.5728,0.016,0.2336,0.3168,0,0,0.0064,30.176,0.176,0.053439997,0.10656,0,0.64,0,0,0,0,0,0,0,0,0,0,0,0,0,0,0,0,2.768,0.01888,0.00672,0.06752,0.10784,0,0.06752,0.02272,10.56,10.56,0,0,0.05248,0,0.00672,7.36,7.36,0,10.88,2.88,0,83.52,2.56,0.0512,0.0512,0,0.1312,38.72,0,0.06752,0,0.112,0,1.1776,0,0.02592,0.00672,0.00512,0.01408,0.008640001,0.00352,0.01056,0,0,0,0,0,0,0,0,0,0,0.00512,3.20E-04,0,0,0.0016,0.00416,6.40E-04,0.00512,0.00352,0.00544,0,0,0,0,0,0,0,0,0,0,0,0,0,0,0,0,0,0,0,0,0,0,0,159.68,61.44,98.24,6.08,8.96,9.92,2.24,5.76,6.08,2.56,9.6,3.2,7.04,1.92,1.6,9.28,15.36,43.84,6.4,11.84,8,0,3.84,10.24,24.64
1,2,246049,민물새우맑은탕_HS,0610170200a,고추: 붉은고추: 생것,1.06667,0.906669,0.163627,0.0291201,0.0291201,0,0.0332801,0.0332801,0,0.1088,0.0170667,0.0917336,0.05845351,0,0.026026746,0.032426767,0,0,0,0.825603,0.01504,3.1440096,6.28802,0,37.7281,0,0,0,0.0876803,0.08091758,0.07978691,8.53E-04,0.007040022,0,0,0,0,0,1.06443,1.06443,0,1.30923,0.00416001,0.00408535,0.0270828,0.03381344,2.13E-05,0.027061416,0,0.693335,0.6933355,0,0,0.00947203,0,1.60E-04,0.149334,0.149334,0,0.864003,0.0106667,0,6.13335,0.458668,0.00800002,0.00800002,0,0.00416001,1.472,0,0.00321068,0.0947203,0.0155734,0,0.0328534,0,0.0286934,0.00522668,0.00400001,0.0194667,0.01858139,0.00138667,0.0180801,0,0,0,0,0,0,0,2.45E-04,0,0,0.00409601,1.60E-04,2.13E-05,0,6.29E-04,0.00348801,3.31E-04,0.0171947,0.00138667,8.85E-04,0,8.53E-05,2.13E-05,0,0,0,0,0,0,0,7.47E-05,0,0,0,0,0,0,6.40E-05,0,0,0,0,0,28.618755,11.882703,16.736052,1.10934,1.87734,1.89867,0.437335,1.20534,1.376,0.405335,1.54667,0.661335,1.36534,1.03467,0.650669,1.45067,4.35201,4.96002,1.46134,1.10934,1.71734,0,1.088,2.64534,4.533347
1,2,246049,민물새우맑은탕_HS,0610500100a,마늘: 국내산: 생것,2.66667,3.41334,0.704534,0.00426667,0.00426667,0,0.198667,0.198667,0,0.101333,0.0426667,0.0613334,0.006133341,0,0.006133341,0,0,0,0,1.728,0.0322667,0,0,0,0,0,0,0,0.00533334,0.0053333403,0.0053333403,0,0,0,0,0,0,0,0,0,0,0.225334,0.00386667,0.00429334,0.01328,0.021200027,0.012480016,8.00E-04,0,2.45334,2.4533365,0,0,0.0289067,0.1024,0.0028800038,0.32,0.32,0,4.16001,0.0800001,0,14.16,0.640001,0.0208,0.0208,0,0.0176,0.933335,0,0.00669334,0.0296,0.0922668,0,0.287734,0,0.00394667,0.00146667,4.80E-04,0.00202667,0.0020266692,0,0.00202667,0,0,0,0,0,0,0,5.33E-05,0,0,0.00130667,0,0,0,5.33E-05,4.53E-04,0,0.00202667,0,0,0,0,0,0,0,0,0,0,0,0,2.67E-05,0,0,0,0,0,0,2.67E-05,0,0,0,0,0,140.64018,70.80009,69.84009,2.66667,5.22667,5.52001,1.22667,4.48001,3.70667,0.480001,4.56001,2.48,40.4534,3.14667,2.88,3.89334,19.8134,28.4534,4.00001,2.98667,4.66667,0,4.10667,8.10668,12.453349
1,2,246049,민물새우맑은탕_HS,0610170500a,고추: 청양고추: 생것,1.6,0.496,0.11216,0.0048,0.0048,0,0.02448,0.02448,0,0.0752,0.0128,0.0624,0.00544,0,0.00544,0,0,0,0,1.448,0.01056,0.608,1.216,0,7.296,0,0,0,0.00448,0.003136,0.00256,9.60E-04,9.60E-04,0,0,0,0,0,0.824144,0.824144,0,0.8216,6.72E-04,8.80E-04,0.00848,0.0108,6.08E-04,0.007872,0,0.544,0.544,0,0,0,0,3.52E-04,0.16,0.16,0,0.592,0.016,0,4.64,0.304,0.00816,0.00816,0,0.00448,0.976,0,0.001984,0.01216,0.01312,0,0.01728,0,0.004816,9.28E-04,2.72E-04,0.003616,0.00336,2.88E-04,0.003328,0,0,0,0,0,0,0,1.60E-05,0,0,7.20E-04,0,0,0,1.44E-04,2.24E-04,6.40E-05,0.003072,2.88E-04,2.56E-04,0,0,0,0,0,0,0,0,0,0,3.20E-05,0,0,0,0,0,0,3.20E-05,0,0,0,0,0,18.256,6.8640003,11.392,0.624,1.168,1.136,0.24,0.688,0.8,0.144,0.768,0.368,0.928,0.528,0.352,0.816,3.056,4.128,0.896,0.704,0.912,0,0.592,1.36,2.56
1,2,246049,민물새우맑은탕_HS,0611010000a,쑥갓: 생것,3.73333,0.56,0.0877333,0.00634666,0.00634666,0,0.0720533,0.0720533,0,0.0895999,0.0298666,0.0597333,0,0,0,0,0,0,0,3.53173,0.0354666,7.69066,15.3813,0,92.2879,0,0,0,0.00448,0.0027999976,0.002613331,0,0.0018666651,0,0,0,0,0,7.14447,7.1444736,0,0.388266,0.00108267,0.00328533,0.00578666,0,0.005749328,3.73E-05,0,4.29333,4.2933297,0,0,0,0.0332266,0,3.39733,3.39733,0,1.344,5.41333,0,8.92266,0.671999,0.0294933,0.0294933,0,0.00970666,2.688,0,0.004256,0,0.04256,0,0.2576,0,0.00810133,0.00138133,1.49E-04,0.00657066,0.0046293293,0.003136,0.00343466,0,0,0,0,0,0,0,0,0,0,0.00115733,3.73E-05,0,0,7.47E-05,7.47E-05,7.47E-05,0.00149333,0.003136,0.001904,0,3.73E-05,0,0,0,0,0,0,0,0,3.73E-05,0,0,0,0,0,0,7.47E-05,0,0,0,0,0,50.063957,25.423977,24.639978,3.17333,3.50933,3.06133,1.232,3.54666,2.05333,0,4.29333,1.008,3.54666,0.56,0.522666,2.576,7.91466,6.30933,2.20266,2.38933,2.16533,0,1.75467,4.10666,10.97599
1,2,246049,민물새우맑은탕_HS,1610180001a,소금: 식염,0.106667,0,0,0,0,0,0,0,0,0,0,0,0,0,0,0,0,0,0,3.20E-04,0.106347,0,0,0,0,0,0,0,0,0,0,0,0,0,0,0,0,0,0,0,0,0,0,0,0,0,0,0,0,0,0,0,0,0,0,0,0.0426668,0.0426668,0,0,35.8369,0,0.144,0.0256001,2.13E-04,2.13E-04,0,0,0,0,0,0,0,0,0,0,0,0,0,0,0,0,0,0,0,0,0,0,0,0,0,0,0,0,0,0,0,0,0,0,0,0,0,0,0,0,0,0,0,0,0,0,0,0,0,0,0,0,0,0,0,0,0,0,0,0,0,0,0,0,0,0,0,0,0,0,0,0,0,0,0,0,0,0,0,0,0,0,0,0,0
1,2,246049,민물새우맑은탕_HS,0710250001a,팽이버섯: 생것,10.6667,2.24001,0.746669,0.0544002,0.0544002,0,0.257068,0.257068,0,0.394668,0.138667,0.256001,0.057600185,0,0.057600185,0,0,0,0,9.5147,0.0981336,0,0,0,0,0,0,0,0,0,0,0,0,0,0,0,0,0,0,0,0,0,0.0103467,0.0279468,0.136214,0.19626729,0.039360125,0.096853636,0.0125867,7.36002,7.360023,0,0,0.135254,0.440535,0.0057600182,0.106667,0.106667,0,8.74669,0.320001,0,39.3601,1.17334,0.1088,0.1088,0,0.0576002,7.36002,0,0.00554668,0,0.0917336,0,0.0597335,0,0.0436268,0.00394668,0.00138667,0.0382935,0.017280055,0.00544002,0.0328534,0,0,0,0,0,1.07E-04,0,2.13E-04,0,1.07E-04,0.00330668,1.07E-04,0,0,2.13E-04,0.00117334,1.07E-04,0.01184,0.00544002,0.0210134,0,0,0,0,0,0,0,0,0,0,0,0,0,0,0,0,0,0,1.07E-04,0,0,0,0,174.18721,77.54691,96.640305,7.25336,12.0534,10.56,1.81334,9.7067,8.96003,3.62668,9.3867,5.65335,8.53336,7.78669,2.45334,17.1734,12.48,30.6134,8.74669,7.25336,8.21336,1.92001,4.26668,21.1201,28.693424
1,2,246049,민물새우맑은탕_HS,1610140001i,미림: 알코올 14%,3.73333,5.45066,1.32533,0.0112,0.0112,0,0.0112,0.0112,0,0,0,0,0,0,0,0,0,0,0,2.38186,0.00373333,0,0,0,0,0,0,0,0,0,0,0,0,0,0,0,0,0,0,0,0,0.298666,0.00709333,0.00186667,0.0373333,0,0,0,0,0,0,0,0,0,0,0,0.0373333,0.0373333,0,0.485333,1.19467,0,0.485333,0.0746666,0.0112,0.0112,0,0,0,0,0,0,0,0,0,0,0.00612266,0.00265066,9.33E-04,0.00253866,7.47E-05,0.00242666,1.12E-04,0,0,0,0,0,0,0,2.61E-04,0,0,0.00175467,0,0,0,6.35E-04,9.33E-04,0,7.47E-05,0,3.73E-05,0,0,0,0,0,0,0,0,3.36E-04,0,0,0,0,0,0,0.00209066,0,0,0,0,0,0,0,0,0,0,0,0,0,0,0,0,0,0,0,0,0,0,0,0,0,0,0,0,0,0,0,0
1,2,246049,민물새우맑은탕_HS,0611570200a,파: 대파,6.4,1.472,0.3072,0.0096,0.0096,0,0.11392,0.11392,0,0.1024,0.0128,0.0896,0.16832002,0.00256,0.07872,0.08,0,0,0.00704,5.9392,0.03008,1.4773121,2.95469,0,17.728,0,0,0,0,0,0,0,0,0,0,0,0,0,5.60256,5.60256,0,0.2272,0.004224,0.006016,0.009152,0.014847999,0.0048,0.004352,0,1.28,1.28,0,0,0.053568,0,8.96E-04,1.536,1.536,0,1.92,0,0,11.584,0.64,0.05248,0.05248,0,0.05056,1.28,0,0.048192,0.60032,0,0,0.12224,0,0.00928,0.00416,5.12E-04,0.004608,0.0046079997,0.0016,0.003008,0,0,0,0,0,1.28E-04,0,6.40E-05,0,0,0.002368,0,0,0,0.001344,5.12E-04,0,0.003008,0.0016,0,0,6.40E-05,0,0,0,0,0,0,0,6.40E-05,1.28E-04,0,0,0,0,0,0,0,0,0,0,0,0,69.248,26.112,43.136,2.24,4.544,3.2,0.768,2.88,3.968,0.32,3.008,1.536,3.648,2.112,0.704,3.072,9.152,18.816,2.496,1.6,5.184,0,1.472,5.312,9.792
1,2,246049,민물새우맑은탕_HS,1610100003a,된장: 재래된장,2.66667,3.78667,0.1936,0.183734,0.183734,0,0.362667,0.362667,0,0.128,0.0133334,0.114667,0.010933347,0,0.0058666742,0.0050666733,0,0,0,1.552,0.3752,0.015546687,0.03112,0,0.186667,0,0,0,0.198934,0.021600028,0.008000011,0,0.11226681,0.07866677,0,0,0,0,0.2448,0.24480033,0,0,0.01184,0.00490667,0.0181334,0.07528009,0.014906686,0.0032533375,0.00269334,0.800001,0.800001,0,0.00453334,0.0388,0.196,8.80E-04,3.04,3.04,0,5.54667,137.387,0,12.6133,5.12001,0.0866668,0.0866668,0,0.0509334,12.4,0,0.03376,0.0712001,1.14347,0,5.59094,0,0.166934,0.02688,0.0347467,0.1048,0.10461347,0.0152534,0.0895468,0,0,0,0,0,0,0,1.60E-04,0,0,0.0189867,1.60E-04,2.13E-04,0,0.00589334,0.0317867,0.0024800033,0.0893601,0.0152534,0,0,5.33E-04,2.93E-04,1.07E-04,0,0,0,8.00E-05,0,5.33E-05,7.73E-04,0,0,0,0,0,0,2.67E-04,0,5.07E-04,1.07E-04,1.87E-04,2.13E-04,289.62704,124.96016,164.66687,12.48,24.9067,18.9067,4.48001,15.8934,12.24,3.44,14.5867,6.72001,11.3067,10.2667,4.66667,18.56,33.7334,50.6934,14.4534,15.6,16.6934,0,9.14668,29.6,51.9734
1,2,246049,민물새우맑은탕_HS,0611630600a,호박: 애호박: 생것,25,5.5,1.285,0.0225,0.0225,0,0.2675,0.2675,0,0.55,0.175,0.375,0.6075,0,0.2375,0.37,0,0,0,23.275,0.15,5.625,11.25,0,67.5,0,0,0,0.0275,0.0275,0.0275,0,0,0,0,0,0,0,0,0,0,0.7775,0.0095,0.02,0.087,0.1625,0.0065,0.08050001,0,8.25,8.25,0,0,0.131,0,0.00225,3.75,3.75,0,9.5,0,0,56,3.25,0.0575,0.0575,0,0.03,8,0,0.01325,0.2225,0.075,0,2.335,0,0.03225,0.00675,5.00E-04,0.025,0.01475,0.011,0.014,0,0,0,0,0,0,0,0,0,0,0.006,0,0,0,5.00E-04,5.00E-04,0,0.004,0.011,0.01025,0,0,0,0,0,0,0,0,0,0,2.50E-04,0,0,0,0,0,0,0,0,0,0,0,0,195,78.25,116.75,7.25,11.5,9,2.5,9.5,9.75,4.5,9.5,5.25,9.5,7.5,1.25,10.75,34.5,40.25,6.25,7.25,9,0,3.75,21.5,28.25
2,4,246052,바베큐찜닭_HS,0240020001b,전분: 당면: 말린것,15,53.7,13.3125,0.0105,0.0105,0,0.012,0.012,0,0.255,0.045,0.21,0,0,0,0,0,0,0,1.605,0.06,0,0,0,0,0,0,0,0,0,0,0,0,0,0,0,0,0,0,0,0,0.009,0,0,0.00255,0.00255,0,0.00255,0,0.6,0.6,0,0,0,0,0,14.7,14.7,0,2.25,1.2,0,0.3,0.9,0.7035,0.7035,0,0,2.1,0,0.01125,0.1905,0.132,0,0,0,0.01125,0.00585,9.00E-04,0.0045,0.0024,4.50E-04,0.00405,0,0,0,0,0,1.50E-04,0,4.50E-04,0,0,0.0048,0,0,0,4.50E-04,7.50E-04,1.50E-04,0.00195,4.50E-04,0.00195,0,0,0,0,0,0,0,0,0,0,0,0,0,0,0,0,0,0,0,0,0,0,0,11.1,5.4,5.7,0.6,1.2,0.6,0.45,0.9,0.45,0,0.9,0.3,0,0.6,0.45,0.6,1.2,1.65,0.6,0,0.6,0,0.9,1.5,2.7
2,4,246052,바베큐찜닭_HS,0611100100a,양파: 국내산: 생것,10,2.9,0.667,0.004,0.004,0,0.095,0.095,0,0.17,0,0.17,0.574,0.065,0.27899998,0.22999999,0,0,0,9.2,0.033,0.0167,0.0333,0,0.2,0,0,0,0,0,0,0,0,0,0,0,0,0,0,0,0,0.588,0.0035,0.0011,0.0099,0.028600002,0.0095,4.00E-04,0,1.1,1.1,0,0,0.0106,0.057,0.0011,1.5,1.5,0,2.7,0.3,0,14.5,0.8,0.02,0.02,0,0.015,0.7,0,0.0176,0,0.117,0,0.053,0,0.0038,0.0011,6.00E-04,0.0021,0.0018,1.00E-04,0.002,0,0,0,0,0,0,0,0,0,0,9.00E-04,0,0,0,1.00E-04,6.00E-04,0,0.0017,1.00E-04,2.00E-04,0,0,0,0,0,0,0,0,0,0,0,0,0,0,0,0,0,2.00E-04,0,0,0,0,0,74,36.8,37.2,1.9,3.7,4.5,0.6,3,2.1,1.1,2.4,1.3,16.2,1.5,0.9,1.8,7.5,20.2,2,1.4,1.9,0,1.5,5.6,8
2,4,246052,바베큐찜닭_HS,0611570200a,파: 대파,5,1.15,0.24,0.0075,0.0075,0,0.089,0.089,0,0.08,0.01,0.07,0.1315,0.0019999999,0.0615,0.0625,0,0,0.0055,4.64,0.0235,1.15415,2.30835,0,13.85,0,0,0,0,0,0,0,0,0,0,0,0,0,4.377,4.377,0,0.1775,0.0033,0.0047,0.00715,0.0116,0.0037500001,0.0034000003,0,1,1,0,0,0.04185,0,7.00E-04,1.2,1.2,0,1.5,0,0,9.05,0.5,0.041,0.041,0,0.0395,1,0,0.03765,0.469,0,0,0.0955,0,0.00725,0.00325,4.00E-04,0.0036,0.0036,0.00125,0.00235,0,0,0,0,0,1.00E-04,0,5.00E-05,0,0,0.00185,0,0,0,0.00105,4.00E-04,0,0.00235,0.00125,0,0,5.00E-05,0,0,0,0,0,0,0,5.00E-05,1.00E-04,0,0,0,0,0,0,0,0,0,0,0,0,54.1,20.4,33.7,1.75,3.55,2.5,0.6,2.25,3.1,0.25,2.35,1.2,2.85,1.65,0.55,2.4,7.15,14.7,1.95,1.25,4.05,0,1.15,4.15,7.65
2,4,246052,바베큐찜닭_HS,0610770000a,브로콜리: 생것,35,11.2,2.212,0.07,0.07,0,1.078,1.078,0,1.085,0.035,1.05,0.27650002,0,0.084,0.19250001,0,0,0,31.29,0.35,7.7,15.4,0,92.4,0,0,0,0.357,0.3066,0.301,0,0.055999998,0,0,0,0,0,63.861,63.861004,0,10.2095,0.01155,0.05005,0.3584,0.53655,0.0553,0.3031,0,15.05,15.05,0,0,0.1134,0,0.00945,13.65,13.65,0,23.8,1.05,0,127.75,8.05,0.28,0.28,0,0.266,8.75,0,0.1064,0,0.273,0,2.905,0,0.1176,0.02905,0.0049,0.08365,0.0322,0.0217,0.06195,0,0,0,0,0,0,0,3.50E-04,0,0,0.01645,3.50E-04,0,0,0.0021,7.00E-04,0.0034999999,0.0105,0.0217,0.0511,0,7.00E-04,0,0,0,0,0,0,0,0.0077,7.00E-04,0,0,0,0,0,0,0.00105,0,0,0,0,0,774.9,349.3,425.6,29.05,48.3,42,11.2,33.6,35.35,10.85,36.4,17.5,85.05,21.7,9.45,43.4,97.65,149.1,31.15,23.8,49.35,0,20.65,66.15,113.75
2,4,246052,바베큐찜닭_HS,0610400000a,당근: 생것,20,6.2,1.406,0.026,0.026,0,0.204,0.204,0,0.62,0.14,0.48,1.246,0.544,0.376,0.326,0,0,0,18.22,0.144,91.933395,183.867,0,1103.2,0,0,0,0.146,0.1362,0.132,0,0,0,0.014,0,0,0,2.892,2.892,0,0.604,0.0074,0.0124,0.1764,0.1998,0.1764,0,0,4.4,4.4,0,0,0.0372,0.178,0.0024,4.8,4.8,0,8.4,4.6,0,59.8,2.8,0.056,0.056,0,0.022,3.6,0,0.01,0,0.548,0,0.458,0,0.0256,0.0064,0.001,0.0182,0.018199999,0.0016,0.0166,0,0,0,0,0,0,0,0,0,0,0.0056,0,0,0,4.00E-04,6.00E-04,4.00E-04,0.0166,0.0016,0,0,2.00E-04,0,0,0,0,0,0,0,0,2.00E-04,0,0,0,0,0,0,2.00E-04,0,0,0,0,0,160.2,49.4,110.8,5.2,7.2,6.2,1.6,5.4,6,1.4,7,2.6,6.8,4.2,1.4,19,26.6,41.8,4.6,4.8,8.4,0,3,11,19.4
2,4,246052,바베큐찜닭_HS,0611090000a,양배추: 생것,35,11.55,2.772,0.028,0.028,0,0.588,0.588,0,0.945,0.28,0.665,1.6765,0,0.693,0.9835,0,0,0,31.395,0.217,0.37905,0.75845,0,4.55,0,0,0,0.0035,0.0034999999,0.0034999999,0,0,0,0,0,0,0,4.29975,4.29975,0,6.846,0.01225,0.01155,0.20055,0.24325,0.1911,0.00945,0,5.6,5.6,0,0,0.16975,0,0.00105,15.75,15.75,0,12.25,2.8,0,84.35,4.9,0.0945,0.0945,0,0.0455,3.15,0,0.0392,0,0.651,0,1.631,0,0.0392,0.0098,0.0021,0.0273,0.0161,0.0105,0.0168,0,0,0,0,0,0,0,0,0,0,0.0091,0,0,0,7.00E-04,7.00E-04,0.0014000001,0.0056,0.0105,0.0112,0,0,0,0,0,0,0,0,0,0,0,0,0,0,0,0,0,0,0,0,0,0,0,478.1,121.1,357,9.8,15.75,17.5,3.5,9.1,12.25,2.45,14.35,10.15,26.25,7,4.55,19.95,37.45,159.6,10.85,102.55,15.05,0,8.05,18.55,39.9
2,4,246052,바베큐찜닭_HS,0930010001a,닭고기 (성계): 생것,60,108,0.06,6.36,0,6.36,11.4,0,11.4,0,0,0,0,0,0,0,0,0,0,41.64,0.54,30,30,30,0,0,0,0,0,0,0,0,0,0,0,0,0,0,0,0,0,0,0.12,0.126,1.62,0,0,0,0,0,0,0,0,0,0,0,6,0,6,102,39.6,0,35.4,11.9466,0.54,0,0.54,0.7734,0,0,0,0,0,0,0,0,2.9106,1.5612,1.35,0,0,0,0,0,0,0,0,0,0,0,0.0408,0,0,0.9882,0,0,0,0.5316,1.35,0,0,0,0,0,0,0,0,0,0,0,0,0,0,0,0,0,0,0,0,0,0,0,0,0,0,0,0,0,0,0,0,0,0,0,0,0,0,0,0,0,0,0,0,0,0,0,0,0,0,0,0
2,4,246052,바베큐찜닭_HS,0810530001a,파인애플: 생것,60,31.8,8.592,0.024,0.024,0,0.276,0.276,0,1.5,0.48,1.02,6.156,3.5040002,1.788,0.864,0,0,0,50.94,0.168,3.1002,6.1998,0,37.2,0,0,0,0,0,0,0,0,0,0,0,0,0,0,0,0,27.258,0.0312,0.0522,0.0822,0.1392,0.003,0.0792,0,13.8,13.8,0,0,0,2.052,0,9.6,9.6,0,3,0,0,58.2,10.2,0.054,0.054,0,0.066,64.8,0,2.1792,0,6.564,0,2.652,0,0.0228,0.0078,0.006,0.009,0.009,0.0042,0.0042,0,0,0,0,0,0,0,0,0,0,0.006,0,0,0,6.00E-04,0.006,0,0.0042,0.0042,0,0,0,0,0,0,0,0,0,0,0,0,0,0,0,0,0,0,0.0012,0,0,0,0,0,231.6,82.2,149.4,8.4,13.2,12,4.8,7.8,9,3.6,9.6,4.2,9.6,11.4,9.6,16.8,37.2,34.8,12.6,9,18,0,14.4,22.8,31.2
2,4,246052,바베큐찜닭_HS,1610140001i,미림: 알코올 14%,5,7.3,1.775,0.015,0.015,0,0.015,0.015,0,0,0,0,0,0,0,0,0,0,0,3.19,0.005,0,0,0,0,0,0,0,0,0,0,0,0,0,0,0,0,0,0,0,0,0.4,0.0095,0.0025,0.05,0,0,0,0,0,0,0,0,0,0,0,0.05,0.05,0,0.65,1.6,0,0.65,0.1,0.015,0.015,0,0,0,0,0,0,0,0,0,0,0.0082,0.00355,0.00125,0.0034,1.00E-04,0.00325,1.50E-04,0,0,0,0,0,0,0,3.50E-04,0,0,0.00235,0,0,0,8.50E-04,0.00125,0,1.00E-04,0,5.00E-05,0,0,0,0,0,0,0,0,4.50E-04,0,0,0,0,0,0,0.0028,0,0,0,0,0,0,0,0,0,0,0,0,0,0,0,0,0,0,0,0,0,0,0,0,0,0,0,0,0,0,0,0
2,4,246052,바베큐찜닭_HS,1420140000a,참기름,3,27.51,0.0042,2.9877,2.9877,0,0,0,0,0,0,0,0,0,0,0,0,0,0,0.006,0.0021,0.02751,0.05499,0,0.33,0,0,0,1.2756,0.17331,0.0522,0,1.2056999,0.0177,0,0,0,0,0.2736,0.27359998,0,0,0,0.0021,0,0,0,0,0,0,0,0,0,0,0.1149,4.50E-04,1.29,1.29,0,2.97,0.48,0,1.68,1.05,0.0525,0.0525,0,0.0147,2.52,0,0.00468,0,0,0,0,0,2.8671,0.43941,1.14507,1.27389,1.26465,0.01602,1.25787,0,0,0,0,0,0,0,0,0,0,0.26079,0.00393,0.0020400002,0,0.15414,1.11006,0.026490001,1.24863,0.01602,0.00924,0,0.01734,0.00459,0,0,0,0,0,0,0,0.0027,0,0,0,0,0,0,0.0024,0,0.00873,0,0.00873,0,1.23,0.42,0.81,0.06,0.21,0,0.03,0,0.03,0,0.09,0,0,0,0.06,0.09,0.03,0.15,0.06,0.36,0.06,0,0.09,0,0.36
2,4,246052,바베큐찜닭_HS,0320060001a,물엿,5,16.05,4.1515,0,0,0,0.001,0.001,0,0,0,0,1.1029999,0,0,0,0,1.1029999,0,0.845,0.0025,0,0,0,0,0,0,0,0,0,0,0,0,0,0,0,0,0,0,0,0,0,3.50E-04,0,0,0,0,0,0,0,0,0,0,0,0,0,0,0,0,0,0,0,0,0,0,0,0,0,0,0,0,0,0.0185,0,0,0,0,0,0,0,0,0,0,0,0,0,0,0,0,0,0,0,0,0,0,0,0,0,0,0,0,0,0,0,0,0,0,0,0,0,0,0,0,0,0,0,0,0,0,0,0,0,0,0,0,0,0.7,0.05,0.65,0,0,0,0,0,0.05,0,0,0,0,0,0,0,0.15,0.2,0.15,0,0.15,0,0,0,0
2,4,246052,바베큐찜닭_HS,0310050003a,설탕: 백설탕,3,11.61,2.9988,3.00E-04,3.00E-04,0,0,0,0,0,0,0,2.991,2.991,0,0,0,0,0,0,9.00E-04,0,0,0,0,0,0,0,0,0,0,0,0,0,0,0,0,0,0,0,0,0,0,0.01782,0,0,0,0,0,0,0,0,0,0.0033,0,0,0.12,0.12,0,0,0.03,0,0.03,0.03,0.0039,0.0039,0,0,0,0,0,0,0.0513,0,0.1509,0,2.40E-04,2.40E-04,0,0,0,0,0,0,0,0,0,0,0,0,1.80E-04,0,0,6.00E-05,0,0,0,3.00E-05,0,0,0,0,0,0,0,0,0,0,0,0,0,0,0,0,0,0,0,0,0,0,0,0,0,0,0,0,0.06,0,0.06,0,0,0,0,0,0,0,0,0,0,0,0.06,0,0,0,0,0,0,0,0.06,0,0
2,4,246052,바베큐찜닭_HS,1610010006i,간장: 양조간장,5,5.15,0.827,0,0,0,0.4575,0.4575,0,0.04,0.02,0.02,0,0,0,0,0,0,0,3.005,0.7105,0,0,0,0,0,0,0,0.002,0.0019999999,0.0019999999,0,0,0,0,0,0,0,0,0,0,0,0.00195,0.0812,0.06545,0.0867,0.024050001,0.0414,0,1.8,1.8,0,0,0,0,0.0019999999,1.25,1.25,0,7.25,239.15,0,24,3.45,0.0815,0.0815,0,0.04,0.15,0,0.04815,0,0,0,1.654,0,0.0011,2.50E-04,8.50E-04,0,0,0,0,0,0,0,0,0,0,0,0,0,0,1.00E-04,0,0,0,1.50E-04,8.50E-04,0,0,0,0,0,0,0,0,0,0,0,0,0,0,0,0,0,0,0,0,0,0,0,0,0,0,0,385.2,161.3,223.9,21.2,31.65,21.8,2.65,19.4,16,1.3,21.5,7.75,18.05,5.45,3.35,20.2,43.55,89.6,17.9,22.75,21.1,0,6,26.15,74.35
2,4,246052,바베큐찜닭_HS,0610500100a,마늘: 국내산: 생것,7.5,9.6,1.9815,0.012,0.012,0,0.55875,0.55875,0,0.285,0.12,0.1725,0.01725,0,0.01725,0,0,0,0,4.86,0.09075,0,0,0,0,0,0,0,0.015,0.015000001,0.015000001,0,0,0,0,0,0,0,0,0,0,0.63375,0.010875,0.012075,0.03735,0.059625,0.035099998,0.00225,0,6.9,6.9,0,0,0.0813,0.288,0.0081,0.9,0.9,0,11.7,0.225,0,39.825,1.8,0.0585,0.0585,0,0.0495,2.625,0,0.018825,0.08325,0.2595,0,0.80925,0,0.0111,0.004125,0.00135,0.0057,0.0056999996,0,0.0057,0,0,0,0,0,0,0,1.50E-04,0,0,0.003675,0,0,0,1.50E-04,0.001275,0,0.0057,0,0,0,0,0,0,0,0,0,0,0,0,7.50E-05,0,0,0,0,0,0,7.50E-05,0,0,0,0,0,395.55,199.125,196.425,7.5,14.7,15.525,3.45,12.6,10.425,1.35,12.825,6.975,113.775,8.85,8.1,10.95,55.725,80.025,11.25,8.4,13.125,0,11.55,22.8,35.025
1,6,246060,배추국_HS,0610170700a,고추: 풋고추: 개량종,5,0.95,0.18,0.015,0.015,0,0.08,0.08,0,0.388,0,0,0,0,0,0,0,0,0,4.565,0.03,1.3,2.6,0,15.6,0,0,0,0,0,0,0,0,0,0,0,0,0,0.715,0,0,3.6,0.005,0.0025,0.055,0,0,0,0.009,2.045,0,0,0,0.00305,0,0,0.65,0.65,0,1.9,0.5,0.95,12.3,1.25,0.025,0.025,0,0.025,3.5,1.00E-04,0.0135,0,0.025,0,0,0,0,0,0,0,0,0,0,0,0,0,0,0,0,0,0,0,0,0,0,0,0,0,0,0,0,0,0,0,0,0,0,0,0,0,0,0,0,0,0,0,0,0,0,0,0,0,0,0,0,0,42.9,20,22.9,2.35,3.3,1.6,0.65,2.05,1.7,0.55,2.95,2.55,2.3,1.15,0.2,2.75,7.1,7.5,0.9,2.05,1.25,0,0.85,3.75,8.6
1,6,246060,배추국_HS,1110630201b,멸치: 중멸치: 자건,5,12.25,0.0535,0.165,0,0.165,2.4845,0,2.4845,0,0,0,0,0,0,0,0,0,0,1.59,0.707,0.0125,0.025,0,0.15,0.2065,0,0.20650001,0.026,0.0154,0.0145,0,0.0085,0,0,0.0015,0.0015,0,0,0,0,0,0.0069,0.00765,0.1243,0.6065,0.0064499998,0.117850006,0,0.5,0.5,0,1.2085,0.0285,0,0.0023,124.3,0,124.3,93.35,118.85,0,38.5,15.2,0.6,0,0.6,0.232,12.6,0,0.15195,4.4375,5.1325,0,0.549,24.8645,0.1587,0.06555,0.03035,0.06165,0.0012,0.0592,0.00215,0,0,0,0,0,1.50E-04,0,0.0107,0,0.0011,0.03515,0.014,0.0015,0,0.0106,0.0093,0.0049,0.001,2.50E-04,8.00E-04,0,0.00115,5.00E-04,0,3.00E-04,2.50E-04,0,1.50E-04,0.0163,0,4.50E-04,1.00E-04,3.00E-04,0.00145,0,0.04095,0.0033500001,0.0014,0.0016,0.0011,2.50E-04,2.50E-04,6.00E-04,2124.1,1072.9,1051.2,104.55,161.35,196.25,56.45,94.6,94.55,28.95,124.9,63.95,147.35,65.85,19.85,128.2,218.15,329.4,110.65,79.5,76,23.6,76.3,189.4,390.8
1,6,246060,배추국_HS,0611570300a,파: 소파(실파),2,0.32,0.064,0.002,0.002,0,0.03,0.03,0,0.0356,0,0,0,0,0,0,0,0,0,1.886,0.018,1.2,2.4,0,14.4,0,0,0,0,0,0,0,0,0,0,0,0,0,0,0,0,0.48,0.001,0.0016,0.008,0,0,0,0,0,0,0,0,0,0,0,1.5,1.5,0,0.78,0.04,0,5.42,0.26058,0.016,0.016,0,0.01188,0,0,0,0,0,0,0,0,0.00188,5.20E-04,8.00E-05,0.00128,6.60E-04,0,0.00128,0,0,0,0,0,0,0,2.00E-05,0,0,4.40E-04,0,0,0,6.00E-05,8.00E-05,0,6.60E-04,0,6.20E-04,0,0,0,0,0,0,0,0,0,0,0,0,0,0,0,0,0,0,0,0,0,0,0,0,0,0,0,0,0,0,0,0,0,0,0,0,0,0,0,0,0,0,0,0,0,0,0,0
1,6,246060,배추국_HS,0610500100a,마늘: 국내산: 생것,2,2.56,0.5284,0.0032,0.0032,0,0.149,0.149,0,0.076,0.032,0.046,0.0046,0,0.0046,0,0,0,0,1.296,0.0242,0,0,0,0,0,0,0,0.004,0.004,0.004,0,0,0,0,0,0,0,0,0,0,0.169,0.0029,0.00322,0.00996,0.0159,0.00936,6.00E-04,0,1.84,1.84,0,0,0.02168,0.0768,0.0021600001,0.24,0.24,0,3.12,0.06,0,10.62,0.48,0.0156,0.0156,0,0.0132,0.7,0,0.00502,0.0222,0.0692,0,0.2158,0,0.00296,0.0011,3.60E-04,0.00152,0.0015199999,0,0.00152,0,0,0,0,0,0,0,4.00E-05,0,0,9.80E-04,0,0,0,4.00E-05,3.40E-04,0,0.00152,0,0,0,0,0,0,0,0,0,0,0,0,2.00E-05,0,0,0,0,0,0,2.00E-05,0,0,0,0,0,105.48,53.1,52.38,2,3.92,4.14,0.92,3.36,2.78,0.36,3.42,1.86,30.34,2.36,2.16,2.92,14.86,21.34,3,2.24,3.5,0,3.08,6.08,9.34
1,6,246060,배추국_HS,0610710000a,배추: 생것,45,6.75,1.44,0.018,0.018,0,0.5625,0.5625,0,0.63,0.09,0.54,0.7875,0,0.396,0.369,0,0,0.018,42.66,0.297,5.4373503,10.8751,0,65.25,0,0,0,0.0225,0.018450001,0.018,0,0.0045,0,0,0,0,0,25.254,25.254,0,6.822,0.0099,0.0234,0.1872,0.21554999,0.07335,0.11384999,0,15.3,15.299999,0,0,0.06165,0,0.0040499996,23.85,23.85,0,18,4.05,0,116.1,5.85,0.162,0.162,0,0.126,4.95,0,0.0891,0.927,0.2565,0,3.483,0,0.01845,0.00585,0.0027,0.0099,0.0099,0.0081,0.0018,0,0,0,0,0,0,0,0,0,0,0.00495,0,0,0,9.00E-04,0.00135,0.0018000001,0.0018,0.0081,0,0,0,0,0,0,0,0,0,0,0,0,0,0,0,0,0,0,0,0,0,0,0,0,400.95,144.9,256.05,17.55,27.45,22.5,0.9,12.6,17.55,1.8,17.55,8.55,18.45,6.75,4.95,26.55,40.95,127.35,16.2,14.4,18.9,0,5.85,21.15,62.55
1,6,246060,배추국_HS,1610100003a,된장: 재래된장,15,21.3,1.089,1.0335,1.0335,0,2.04,2.04,0,0.72,0.075,0.645,0.061499998,0,0.033,0.0285,0,0,0,8.73,2.1105,0.08745,0.17505,0,1.05,0,0,0,1.119,0.1215,0.045,0,0.6315,0.4425,0,0,0,0,1.377,1.3770001,0,0,0.0666,0.0276,0.102,0.42345,0.083850004,0.0183,0.01515,4.5,4.5,0,0.0255,0.21825,1.1025,0.00495,17.1,17.1,0,31.2,772.8,0,70.95,28.8,0.4875,0.4875,0,0.2865,69.75,0,0.1899,0.4005,6.432,0,31.449,0,0.939,0.1512,0.19545,0.5895,0.58845,0.0858,0.5037,0,0,0,0,0,0,0,9.00E-04,0,0,0.1068,9.00E-04,0.0012,0,0.03315,0.1788,0.0139500005,0.50265,0.0858,0,0,0.003,0.00165,6.00E-04,0,0,0,4.50E-04,0,3.00E-04,0.00435,0,0,0,0,0,0,0.0015,0,0.0028499998,6.00E-04,0.0010500001,0.0012,1629.15,702.9,926.25,70.2,140.1,106.35,25.2,89.4,68.85,19.35,82.05,37.8,63.6,57.75,26.25,104.4,189.75,285.15,81.3,87.75,93.9,0,51.45,166.5,292.35
1,12,141008,배추김치,0620070001i,김치: 배추김치: 조리,40,15.2,2.496,0.228,0.114,0.114,0.788,0.394,0.394,1.72,0.28,1.44,1.148,0.063999996,0.57199997,0.468,0,0.044,0,35.52,0.984,11.7668,23.5332,0,141.2,0,0,0,0.352,0.298,0.292,0,0.060000002,0,0,0,0,0,34.896,34.896,0,1.444,0.0208,0.0424,0.2244,0.25280002,0.12280001,0.101600006,0,22,22,0,0,0.2188,0,0.0264,20.4,10.2,10.2,21.2,237.2,0,142,10,0.204,0.102,0.102,0.176,12.8,0,0.1208,2.084,1.36,0,2.892,0,0.2496,0.0372,0.0472,0.1648,0.1324,0.0156,0.1496,0,0,0,0,0,0,0,0,0,0,0.0296,0,0,0,0.0072,0.0424,0.0048,0.1168,0.0156,0.0324,0,0,0,0,0,0,0,0,0,0,0,0,0,0,0,0,0,0,0,4.00E-04,0,4.00E-04,0,554.4,216.4,338,22.8,38,26,6.4,24.4,28.4,1.6,18,12,38.8,13.6,4,22.4,74,146,26.8,23.2,27.6,0.4,10.4,39.6,78.8
2,7,141008,배추김치,0620070001i,김치: 배추김치: 조리,40,15.2,2.496,0.228,0.114,0.114,0.788,0.394,0.394,1.72,0.28,1.44,1.148,0.063999996,0.57199997,0.468,0,0.044,0,35.52,0.984,11.7668,23.5332,0,141.2,0,0,0,0.352,0.298,0.292,0,0.060000002,0,0,0,0,0,34.896,34.896,0,1.444,0.0208,0.0424,0.2244,0.25280002,0.12280001,0.101600006,0,22,22,0,0,0.2188,0,0.0264,20.4,10.2,10.2,21.2,237.2,0,142,10,0.204,0.102,0.102,0.176,12.8,0,0.1208,2.084,1.36,0,2.892,0,0.2496,0.0372,0.0472,0.1648,0.1324,0.0156,0.1496,0,0,0,0,0,0,0,0,0,0,0.0296,0,0,0,0.0072,0.0424,0.0048,0.1168,0.0156,0.0324,0,0,0,0,0,0,0,0,0,0,0,0,0,0,0,0,0,0,0,4.00E-04,0,4.00E-04,0,554.4,216.4,338,22.8,38,26,6.4,24.4,28.4,1.6,18,12,38.8,13.6,4,22.4,74,146,26.8,23.2,27.6,0.4,10.4,39.6,78.8
3,9,141008,배추김치,0620070001i,김치: 배추김치: 조리,40,15.2,2.496,0.228,0.114,0.114,0.788,0.394,0.394,1.72,0.28,1.44,1.148,0.063999996,0.57199997,0.468,0,0.044,0,35.52,0.984,11.7668,23.5332,0,141.2,0,0,0,0.352,0.298,0.292,0,0.060000002,0,0,0,0,0,34.896,34.896,0,1.444,0.0208,0.0424,0.2244,0.25280002,0.12280001,0.101600006,0,22,22,0,0,0.2188,0,0.0264,20.4,10.2,10.2,21.2,237.2,0,142,10,0.204,0.102,0.102,0.176,12.8,0,0.1208,2.084,1.36,0,2.892,0,0.2496,0.0372,0.0472,0.1648,0.1324,0.0156,0.1496,0,0,0,0,0,0,0,0,0,0,0.0296,0,0,0,0.0072,0.0424,0.0048,0.1168,0.0156,0.0324,0,0,0,0,0,0,0,0,0,0,0,0,0,0,0,0,0,0,0,4.00E-04,0,4.00E-04,0,554.4,216.4,338,22.8,38,26,6.4,24.4,28.4,1.6,18,12,38.8,13.6,4,22.4,74,146,26.8,23.2,27.6,0.4,10.4,39.6,78.8
1,10,141008,배추김치,0620070001i,김치: 배추김치: 조리,40,15.2,2.496,0.228,0.114,0.114,0.788,0.394,0.394,1.72,0.28,1.44,1.148,0.063999996,0.57199997,0.468,0,0.044,0,35.52,0.984,11.7668,23.5332,0,141.2,0,0,0,0.352,0.298,0.292,0,0.060000002,0,0,0,0,0,34.896,34.896,0,1.444,0.0208,0.0424,0.2244,0.25280002,0.12280001,0.101600006,0,22,22,0,0,0.2188,0,0.0264,20.4,10.2,10.2,21.2,237.2,0,142,10,0.204,0.102,0.102,0.176,12.8,0,0.1208,2.084,1.36,0,2.892,0,0.2496,0.0372,0.0472,0.1648,0.1324,0.0156,0.1496,0,0,0,0,0,0,0,0,0,0,0.0296,0,0,0,0.0072,0.0424,0.0048,0.1168,0.0156,0.0324,0,0,0,0,0,0,0,0,0,0,0,0,0,0,0,0,0,0,0,4.00E-04,0,4.00E-04,0,554.4,216.4,338,22.8,38,26,6.4,24.4,28.4,1.6,18,12,38.8,13.6,4,22.4,74,146,26.8,23.2,27.6,0.4,10.4,39.6,78.8
3,9,141008,배추김치,0620070001i,김치: 배추김치: 조리,40,15.2,2.496,0.228,0.114,0.114,0.788,0.394,0.394,1.72,0.28,1.44,1.148,0.063999996,0.57199997,0.468,0,0.044,0,35.52,0.984,11.7668,23.5332,0,141.2,0,0,0,0.352,0.298,0.292,0,0.060000002,0,0,0,0,0,34.896,34.896,0,1.444,0.0208,0.0424,0.2244,0.25280002,0.12280001,0.101600006,0,22,22,0,0,0.2188,0,0.0264,20.4,10.2,10.2,21.2,237.2,0,142,10,0.204,0.102,0.102,0.176,12.8,0,0.1208,2.084,1.36,0,2.892,0,0.2496,0.0372,0.0472,0.1648,0.1324,0.0156,0.1496,0,0,0,0,0,0,0,0,0,0,0.0296,0,0,0,0.0072,0.0424,0.0048,0.1168,0.0156,0.0324,0,0,0,0,0,0,0,0,0,0,0,0,0,0,0,0,0,0,0,4.00E-04,0,4.00E-04,0,554.4,216.4,338,22.8,38,26,6.4,24.4,28.4,1.6,18,12,38.8,13.6,4,22.4,74,146,26.8,23.2,27.6,0.4,10.4,39.6,78.8
2,8,246054,배추된장나물_HS,0610710000a,배추: 생것,55,8.25,1.76,0.022,0.022,0,0.6875,0.6875,0,0.77,0.11,0.66,0.9625,0,0.484,0.451,0,0,0.021999998,52.14,0.363,6.64565,13.2919,0,79.75,0,0,0,0.0275,0.02255,0.021999998,0,0.0054999995,0,0,0,0,0,30.866,30.866,0,8.338,0.0121,0.0286,0.2288,0.26345,0.08965,0.13915,0,18.7,18.699999,0,0,0.07535,0,0.0049499995,29.15,29.15,0,22,4.95,0,141.9,7.15,0.198,0.198,0,0.154,6.05,0,0.1089,1.133,0.3135,0,4.257,0,0.02255,0.00715,0.0033,0.0121,0.0121,0.0099,0.0022,0,0,0,0,0,0,0,0,0,0,0.00605,0,0,0,0.0011,0.00165,0.0022,0.0022,0.0099,0,0,0,0,0,0,0,0,0,0,0,0,0,0,0,0,0,0,0,0,0,0,0,0,490.05,177.09999,312.94998,21.45,33.55,27.5,1.1,15.4,21.45,2.2,21.45,10.45,22.55,8.25,6.05,32.45,50.05,155.65,19.8,17.6,23.1,0,7.15,25.85,76.450005
2,8,246054,배추된장나물_HS,1610100003a,된장: 재래된장,20,28.4,1.452,1.378,1.378,0,2.72,2.72,0,0.96,0.1,0.86,0.082,0,0.044,0.038,0,0,0,11.64,2.814,0.1166,0.2334,0,1.4,0,0,0,1.492,0.162,0.060000002,0,0.842,0.59000003,0,0,0,0,1.836,1.8360001,0,0,0.0888,0.0368,0.136,0.5646,0.1118,0.0244,0.0202,6,6,0,0.034,0.291,1.47,0.0066,22.8,22.8,0,41.6,1030.4,0,94.6,38.4,0.65,0.65,0,0.382,93,0,0.2532,0.534,8.576,0,41.932,0,1.252,0.2016,0.2606,0.786,0.7846,0.1144,0.6716,0,0,0,0,0,0,0,0.0012,0,0,0.1424,0.0012,0.0016000001,0,0.0442,0.2384,0.0186,0.6702,0.1144,0,0,0.004,0.0022,8.00E-04,0,0,0,6.00E-04,0,4.00E-04,0.0058,0,0,0,0,0,0,0.002,0,0.0037999998,8.00E-04,0.0014000001,0.0016000001,2172.2,937.2,1235,93.6,186.8,141.8,33.6,119.2,91.8,25.8,109.4,50.4,84.8,77,35,139.2,253,380.2,108.4,117,125.2,0,68.6,222,389.8
2,8,246054,배추된장나물_HS,0611570300a,파: 소파(실파),2,0.32,0.064,0.002,0.002,0,0.03,0.03,0,0.0356,0,0,0,0,0,0,0,0,0,1.886,0.018,1.2,2.4,0,14.4,0,0,0,0,0,0,0,0,0,0,0,0,0,0,0,0,0.48,0.001,0.0016,0.008,0,0,0,0,0,0,0,0,0,0,0,1.5,1.5,0,0.78,0.04,0,5.42,0.26058,0.016,0.016,0,0.01188,0,0,0,0,0,0,0,0,0.00188,5.20E-04,8.00E-05,0.00128,6.60E-04,0,0.00128,0,0,0,0,0,0,0,2.00E-05,0,0,4.40E-04,0,0,0,6.00E-05,8.00E-05,0,6.60E-04,0,6.20E-04,0,0,0,0,0,0,0,0,0,0,0,0,0,0,0,0,0,0,0,0,0,0,0,0,0,0,0,0,0,0,0,0,0,0,0,0,0,0,0,0,0,0,0,0,0,0,0,0
2,8,246054,배추된장나물_HS,1420140000a,참기름,2,18.34,0.0028,1.9918,1.9918,0,0,0,0,0,0,0,0,0,0,0,0,0,0,0.004,0.0014,0.018339999,0.03666,0,0.22,0,0,0,0.8504,0.11554,0.0348,0,0.8038,0.0117999995,0,0,0,0,0.1824,0.1824,0,0,0,0.0014,0,0,0,0,0,0,0,0,0,0,0.0766,3.00E-04,0.86,0.86,0,1.98,0.32,0,1.12,0.7,0.035,0.035,0,0.0098,1.68,0,0.00312,0,0,0,0,0,1.9114,0.29294,0.76338,0.84926,0.84309995,0.01068,0.83858,0,0,0,0,0,0,0,0,0,0,0.17386,0.00262,0.0013600001,0,0.10276,0.74004,0.01766,0.83242,0.01068,0.00616,0,0.01156,0.00306,0,0,0,0,0,0,0,0.0018,0,0,0,0,0,0,0.0016,0,0.00582,0,0.00582,0,0.82,0.28,0.54,0.04,0.14,0,0.02,0,0.02,0,0.06,0,0,0,0.04,0.06,0.02,0.1,0.04,0.24,0.04,0,0.06,0,0.24
2,8,246054,배추된장나물_HS,0610500100a,마늘: 국내산: 생것,1,1.28,0.2642,0.0016,0.0016,0,0.0745,0.0745,0,0.038,0.016,0.023,0.0023,0,0.0023,0,0,0,0,0.648,0.0121,0,0,0,0,0,0,0,0.002,0.002,0.002,0,0,0,0,0,0,0,0,0,0,0.0845,0.00145,0.00161,0.00498,0.00795,0.00468,3.00E-04,0,0.92,0.92,0,0,0.01084,0.0384,0.0010800001,0.12,0.12,0,1.56,0.03,0,5.31,0.24,0.0078,0.0078,0,0.0066,0.35,0,0.00251,0.0111,0.0346,0,0.1079,0,0.00148,5.50E-04,1.80E-04,7.60E-04,7.60E-04,0,7.60E-04,0,0,0,0,0,0,0,2.00E-05,0,0,4.90E-04,0,0,0,2.00E-05,1.70E-04,0,7.60E-04,0,0,0,0,0,0,0,0,0,0,0,0,1.00E-05,0,0,0,0,0,0,1.00E-05,0,0,0,0,0,52.74,26.55,26.19,1,1.96,2.07,0.46,1.68,1.39,0.18,1.71,0.93,15.17,1.18,1.08,1.46,7.43,10.67,1.5,1.12,1.75,0,1.54,3.04,4.67
2,8,246054,배추된장나물_HS,0520010004e,참깨: 흰깨: 볶은것,1,5.57,0.2183,0.4511,0.4511,0,0.2596,0.2596,0,0.141,0.017,0.124,0,0,0,0,0,0,0,0.026,0.045,0.010829999,0.02167,0,0.13,0,0,0,0.2298,0.02386,0.0011999999,0,0.2258,0.0028,0,0,0,0,0,0,0,0,0.00345,0.02932,0.03747,0.094840005,0.034679998,0.00279,0,1.5,1.5,0,0,0.00628,0,0,8.54,8.54,0,7.02,0.02,0,4.59,3.53,0.0639,0.0639,0,0.0511,11.03,0,0.01304,0,0.0331,0,0.3858,0,0.43299,0.07098,0.1767,0.18476,0.18303,0.00172,0.18304,0,0,0,0,0,0,0,9.00E-05,0,0,0.04171,6.10E-04,3.30E-04,0,0.0251,0.17122,0.00404,0.18131,0.00172,0.00149,0,0.00276,7.80E-04,2.40E-04,0,0,0,0,0,0,5.60E-04,0,0,0,0,0,9.00E-05,3.50E-04,5.00E-05,5.50E-04,2.00E-04,2.60E-04,9.00E-05,215.97,101.21,114.76,7.77,15.48,6.14,5.72,10.13,8.05,3.45,9.86,5.64,28.97,7.59,4.48,10.77,18.62,43.55,11.64,7.65,10.46,0,10.2,21.17,33.11
1,14,141022,백김치,0620080001i,김치: 백김치: 조리,45,7.2,1.35,0.0315,0.01575,0.01575,0.4275,0.21375,0.21375,0.855,0.18,0.675,0.46799996,0,0.26099998,0.20699999,0,0,0,42.525,0.666,0.90000004,1.8,0,10.8,0,0,0,0.0495,0.026999999,0.018,0.009,0.0045,0,0.013499999,0,0.0045,0,0,0,0,7.191,0.0072,0.018,0.11745,0.1179,0.0315,0.08595,0,15.3,15.299999,0,0,0,0,0.021149999,15.75,7.875,7.875,13.05,177.75,0,84.15,5.4,0.108,0.054,0.054,0.1035,1.8,0,0.14445,0.27,3.375,0,1.404,0,0.1206,0.00495,0.00585,0.1071,0.0153,0.00765,0.0999,0,0,0,0,0,0,0,0,0,0,0.0036,0,0,0,9.00E-04,0.00405,0.00135,0.0081,0.00765,0.0918,0,0,0,0,0,0,0,0,0,0,0,0,0,0,0,0,0,0,0,0.0027,0,4.50E-04,0.00225,319.5,130.5,189,20.7,17.1,7.2,24.75,9.9,9,0,13.95,13.5,14.4,19.8,0.45,36.9,56.7,52.2,8.55,5.4,9,0,25.2,29.7,51.75
2,9,141022,백김치,0620080001i,김치: 백김치: 조리,45,7.2,1.35,0.0315,0.01575,0.01575,0.4275,0.21375,0.21375,0.855,0.18,0.675,0.46799996,0,0.26099998,0.20699999,0,0,0,42.525,0.666,0.90000004,1.8,0,10.8,0,0,0,0.0495,0.026999999,0.018,0.009,0.0045,0,0.013499999,0,0.0045,0,0,0,0,7.191,0.0072,0.018,0.11745,0.1179,0.0315,0.08595,0,15.3,15.299999,0,0,0,0,0.021149999,15.75,7.875,7.875,13.05,177.75,0,84.15,5.4,0.108,0.054,0.054,0.1035,1.8,0,0.14445,0.27,3.375,0,1.404,0,0.1206,0.00495,0.00585,0.1071,0.0153,0.00765,0.0999,0,0,0,0,0,0,0,0,0,0,0.0036,0,0,0,9.00E-04,0.00405,0.00135,0.0081,0.00765,0.0918,0,0,0,0,0,0,0,0,0,0,0,0,0,0,0,0,0,0,0,0.0027,0,4.50E-04,0.00225,319.5,130.5,189,20.7,17.1,7.2,24.75,9.9,9,0,13.95,13.5,14.4,19.8,0.45,36.9,56.7,52.2,8.55,5.4,9,0,25.2,29.7,51.75
3,11,246043,버섯죽_HS,1610180001a,소금: 식염,1,0,0,0,0,0,0,0,0,0,0,0,0,0,0,0,0,0,0,0.003,0.997,0,0,0,0,0,0,0,0,0,0,0,0,0,0,0,0,0,0,0,0,0,0,0,0,0,0,0,0,0,0,0,0,0,0,0,0.4,0.4,0,0,335.97,0,1.35,0.24,0.002,0.002,0,0,0,0,0,0,0,0,0,0,0,0,0,0,0,0,0,0,0,0,0,0,0,0,0,0,0,0,0,0,0,0,0,0,0,0,0,0,0,0,0,0,0,0,0,0,0,0,0,0,0,0,0,0,0,0,0,0,0,0,0,0,0,0,0,0,0,0,0,0,0,0,0,0,0,0,0,0,0,0,0,0,0,0,0
3,11,246043,버섯죽_HS,0120010500a,멥쌀: 논벼: 백미 (국내산): 일반형: 일품,50,176.5,39.25,0.05,0.05,0,2.85,2.85,0,0.48,0,0,0,0,0,0,0,0,0,7.7,0.15,0.1665,0.3335,0,2,0,0,0,0,0,0,0,0,0,0,0,0,0,0,0,0,0,0.07,0.01,0.45,0,0,0,0,0,0,0,0,0,0,0,3,3,0,38.5,2.5,0,46,0,0.7,0.7,0,0,0,0,0,0,0,0,0,0,0,0,0,0,0,0,0,0,0,0,0,0,0,0,0,0,0,0,0,0,0,0,0,0,0,0,0,0,0,0,0,0,0,0,0,0,0,0,0,0,0,0,0,0,0,0,0,0,0,0,0,0,0,0,0,0,0,0,0,0,0,0,0,0,0,0,0,0,0,0,0,0,0,0,0
3,11,246043,버섯죽_HS,0710180001a,양송이버섯: 생것,20,3,0.778,0.046,0.046,0,0.624,0.624,0,0.42,0.08,0.34,0.154,0,0.014,0.006,0,0,0.134,18.38,0.176,0,0,0,0,0,0,0,0,0,0,0,0,0,0,0,0,0,0,0,0,0,0.0114,0.0698,0.6808,0.7848,0.584,0.0968,0.0182,7.2,7.2,0,0,0.2562,0.954,0.007,0.4,0.4,0,21.2,1,0,76.4,2.2,0.124,0.124,0,0.116,61.4,0,0.0108,0.064,2.224,0,0.344,0,0.0368,0.0092,6.00E-04,0.0268,0.0266,0,0.0268,0,0,0,0,0,0,0,2.00E-04,0,2.00E-04,0.0052,0,2.00E-04,0,0.0016,2.00E-04,2.00E-04,0.0266,0,0,0,8.00E-04,0,0,0,0,0,0,0,0,6.00E-04,0,0,0,0,0,0,4.00E-04,0,4.00E-04,4.00E-04,0,0,356,160.2,195.8,17,28.8,20.2,4.4,17,21.4,6.2,20.4,7.6,17.2,9.8,5.4,40.2,24.8,45,14.4,38.6,17.6,0,9.8,33,66.2
3,11,246043,버섯죽_HS,0710040001a,느타리버섯: 생것,20,3,0.94,0.028,0.028,0,0.52,0.52,0,0.58,0.08,0.5,0.148,0.044,0.103999995,0,0,0,0,18.38,0.134,0,0,0,0,0,0,0,0.006,0.006,0.006,0,0,0,0,0,0,0,0,0,0,0.042,0.0268,0.03,1.0254,1.1158,0.8302,0.1952,0.036,13.6,13.6,0,0,0.3704,1.336,0.0154,0,0,0,20,0.4,0,51.2,2.8,0.156,0.156,0,0.162,11.8,0,0.014,0.012,0.476,0,0.11,0,0.0164,0.0068,0.0014,0.008,0.007999999,0,0.008,0,0,0,0,0,2.00E-04,0,0,0,6.00E-04,0.0052,0,0,0,6.00E-04,0.0012,2.00E-04,0.008,0,0,0,0,0,0,0,0,0,0,0,0,0,0,0,0,0,0,0,0,0,0,0,0,0,386.6,181,205.6,17.2,28.6,23.2,5.8,17.4,20,5.4,27.8,11,24.6,14,3,33,33.8,68.6,18,15.4,19.2,0.6,8.8,36.8,73.6
3,11,246043,버섯죽_HS,1420140000a,참기름,3,27.51,0.0042,2.9877,2.9877,0,0,0,0,0,0,0,0,0,0,0,0,0,0,0.006,0.0021,0.02751,0.05499,0,0.33,0,0,0,1.2756,0.17331,0.0522,0,1.2056999,0.0177,0,0,0,0,0.2736,0.27359998,0,0,0,0.0021,0,0,0,0,0,0,0,0,0,0,0.1149,4.50E-04,1.29,1.29,0,2.97,0.48,0,1.68,1.05,0.0525,0.0525,0,0.0147,2.52,0,0.00468,0,0,0,0,0,2.8671,0.43941,1.14507,1.27389,1.26465,0.01602,1.25787,0,0,0,0,0,0,0,0,0,0,0.26079,0.00393,0.0020400002,0,0.15414,1.11006,0.026490001,1.24863,0.01602,0.00924,0,0.01734,0.00459,0,0,0,0,0,0,0,0.0027,0,0,0,0,0,0,0.0024,0,0.00873,0,0.00873,0,1.23,0.42,0.81,0.06,0.21,0,0.03,0,0.03,0,0.09,0,0,0,0.06,0.09,0.03,0.15,0.06,0.36,0.06,0,0.09,0,0.36
3,4,246063,비엔나피망조림_HS,0611570300a,파: 소파(실파),5,0.8,0.16,0.005,0.005,0,0.075,0.075,0,0.089,0,0,0,0,0,0,0,0,0,4.715,0.045,3,6,0,36,0,0,0,0,0,0,0,0,0,0,0,0,0,0,0,0,1.2,0.0025,0.004,0.02,0,0,0,0,0,0,0,0,0,0,0,3.75,3.75,0,1.95,0.1,0,13.55,0.65145,0.04,0.04,0,0.0297,0,0,0,0,0,0,0,0,0.0047,0.0013,2.00E-04,0.0032,0.00165,0,0.0032,0,0,0,0,0,0,0,5.00E-05,0,0,0.0011,0,0,0,1.50E-04,2.00E-04,0,0.00165,0,0.00155,0,0,0,0,0,0,0,0,0,0,0,0,0,0,0,0,0,0,0,0,0,0,0,0,0,0,0,0,0,0,0,0,0,0,0,0,0,0,0,0,0,0,0,0,0,0,0,0
3,4,246063,비엔나피망조림_HS,1610010001i,간장: 왜간장(개량간장),5,2.7,0.2795,0.0095,0.0095,0,0.3705,0.3705,0,0.045,0.035,0.005,0.139,0.035,0.049000002,0.054500002,0,0,0,3.6,0.743,0,0,0,0,0,0,0,0,0,0,0,0,0,0,0,0,0,0,0,0,0,0.00965,0.0268,0.1563,0.1787,0.08745,0.068849996,0,1.5,1.5,0,0,0.0296,0.131,0,1.25,1.25,0,6.35,273.8,0,21.1,2.35,0.0545,0.0545,0,0.019,0,0,0.0319,0.059,1.5335,0,1.0135,0,3.00E-04,1.50E-04,5.00E-05,5.00E-05,5.00E-05,0,5.00E-05,0,0,0,0,0,0,0,0,0,0,5.00E-05,0,0,0,5.00E-05,5.00E-05,0,5.00E-05,0,0,0,0,0,0,0,0,0,0,0,0,0,0,0,0,0,0,0,0,0,5.00E-05,0,0,5.00E-05,258.7,113,145.7,12.15,21.15,7.6,2.75,11.15,10.15,1.35,11.55,5.45,29.7,4.7,3.1,17,20.95,61.5,23.25,0,15.2,0,5.85,17.2,44.85
3,4,246063,비엔나피망조림_HS,0610500100a,마늘: 국내산: 생것,1.5,1.92,0.3963,0.0024,0.0024,0,0.11175,0.11175,0,0.057,0.024,0.0345,0.00345,0,0.00345,0,0,0,0,0.972,0.01815,0,0,0,0,0,0,0,0.003,0.003,0.003,0,0,0,0,0,0,0,0,0,0,0.12675,0.002175,0.002415,0.00747,0.011925001,0.00702,4.50E-04,0,1.38,1.38,0,0,0.01626,0.0576,0.00162,0.18,0.18,0,2.34,0.045,0,7.965,0.36,0.0117,0.0117,0,0.0099,0.525,0,0.003765,0.01665,0.0519,0,0.16185,0,0.00222,8.25E-04,2.70E-04,0.00114,0.00114,0,0.00114,0,0,0,0,0,0,0,3.00E-05,0,0,7.35E-04,0,0,0,3.00E-05,2.55E-04,0,0.00114,0,0,0,0,0,0,0,0,0,0,0,0,1.50E-05,0,0,0,0,0,0,1.50E-05,0,0,0,0,0,79.11,39.825,39.285,1.5,2.94,3.105,0.69,2.52,2.085,0.27,2.565,1.395,22.755,1.77,1.62,2.19,11.145,16.005,2.25,1.68,2.625,0,2.31,4.56,7.005
3,4,246063,비엔나피망조림_HS,0310050003a,설탕: 백설탕,1,3.87,0.9996,1.00E-04,1.00E-04,0,0,0,0,0,0,0,0.997,0.997,0,0,0,0,0,0,3.00E-04,0,0,0,0,0,0,0,0,0,0,0,0,0,0,0,0,0,0,0,0,0,0,0.00594,0,0,0,0,0,0,0,0,0,0.0011,0,0,0.04,0.04,0,0,0.01,0,0.01,0.01,0.0013,0.0013,0,0,0,0,0,0,0.0171,0,0.0503,0,8.00E-05,8.00E-05,0,0,0,0,0,0,0,0,0,0,0,0,6.00E-05,0,0,2.00E-05,0,0,0,1.00E-05,0,0,0,0,0,0,0,0,0,0,0,0,0,0,0,0,0,0,0,0,0,0,0,0,0,0,0,0,0.02,0,0.02,0,0,0,0,0,0,0,0,0,0,0,0.02,0,0,0,0,0,0,0,0.02,0,0
3,4,246063,비엔나피망조림_HS,1610180001a,소금: 식염,0.3,0,0,0,0,0,0,0,0,0,0,0,0,0,0,0,0,0,0,9.00E-04,0.2991,0,0,0,0,0,0,0,0,0,0,0,0,0,0,0,0,0,0,0,0,0,0,0,0,0,0,0,0,0,0,0,0,0,0,0,0.12,0.12,0,0,100.791,0,0.405,0.072,6.00E-04,6.00E-04,0,0,0,0,0,0,0,0,0,0,0,0,0,0,0,0,0,0,0,0,0,0,0,0,0,0,0,0,0,0,0,0,0,0,0,0,0,0,0,0,0,0,0,0,0,0,0,0,0,0,0,0,0,0,0,0,0,0,0,0,0,0,0,0,0,0,0,0,0,0,0,0,0,0,0,0,0,0,0,0,0,0,0,0,0
3,4,246063,비엔나피망조림_HS,0611620200a,피망: 푸른것,10,2.2,0.536,0.004,0.004,0,0.09,0.09,0,0.27,0.05,0.22,0.135,0,0.062,0.073,0,0,0,9.32,0.05,1.65,3.3,0,19.8,0,0,0,0.012,0.012,0.012,0,0,0,0,0,0,0,2.094,2.094,0,2.152,0.0013,0.004,0.0922,0,0.0054,0.086799994,0,2.7,2.7,0,0,0,0.468,7.00E-04,1.4,1.4,0,2.5,0.1,0,18.7,1.2,0.05,0.05,0,0.007,3.7,0,0.006,0,0.033,0,0.847,0,0.0078,0.0018,2.00E-04,0.0058,0.0016000001,4.00E-04,0.0054,0,0,0,0,0,0,0,0,0,0,0.0011,0,0,0,4.00E-04,1.00E-04,1.00E-04,0.0012,4.00E-04,0.0042,0,1.00E-04,0,0,0,0,0,0,0,0,1.00E-04,0,0,0,0,0,0,0,0,0,0,0,0,66.7,24.4,42.3,2.3,4.2,4.2,0.9,2.5,3.2,0,2.6,1.3,3.2,2,1.4,3.4,11.1,15.2,3,2.2,4,0,2.3,4.5,9.1
3,4,246063,비엔나피망조림_HS,0611100100a,양파: 국내산: 생것,10,2.9,0.667,0.004,0.004,0,0.095,0.095,0,0.17,0,0.17,0.574,0.065,0.27899998,0.22999999,0,0,0,9.2,0.033,0.0167,0.0333,0,0.2,0,0,0,0,0,0,0,0,0,0,0,0,0,0,0,0,0.588,0.0035,0.0011,0.0099,0.028600002,0.0095,4.00E-04,0,1.1,1.1,0,0,0.0106,0.057,0.0011,1.5,1.5,0,2.7,0.3,0,14.5,0.8,0.02,0.02,0,0.015,0.7,0,0.0176,0,0.117,0,0.053,0,0.0038,0.0011,6.00E-04,0.0021,0.0018,1.00E-04,0.002,0,0,0,0,0,0,0,0,0,0,9.00E-04,0,0,0,1.00E-04,6.00E-04,0,0.0017,1.00E-04,2.00E-04,0,0,0,0,0,0,0,0,0,0,0,0,0,0,0,0,0,2.00E-04,0,0,0,0,0,74,36.8,37.2,1.9,3.7,4.5,0.6,3,2.1,1.1,2.4,1.3,16.2,1.5,0.9,1.8,7.5,20.2,2,1.4,1.9,0,1.5,5.6,8
3,4,246063,비엔나피망조림_HS,0920080004a,돼지고기가공: 소시지: 비엔나: 위너,35,87.85,3.276,5.9185,0,5.9185,5.3445,0,5.3445,0.035,0.035,0,0.30449998,0,0,0,0,0.30449998,0,19.46,1.0045,0.35,0.35,0.35,0,0.1225,0,0.12249999,0.175,0.0994,0.09099999,0,0.08399999,0,0,0,0,0,0,0,0,11.935,0.1022,0.042,1.22045,2.1202998,7.00E-04,1.2197498,0,2.1,2.1,0,0.1295,0.06195,0,0.008049999,10.5,0,10.5,72.8,256.2,0,128.8,5.25,0.259,0,0.259,0.5775,18.2,0,0.0091,0.7315,8.7255,0,0.889,22.1445,5.71375,1.9698,2.6019,1.11265,0.9603999,0.0819,1.0311,0,0,0,0.0042,0,0.0035,0,0.07455,0.00105,0.00245,1.19945,0.1288,0.018549997,0,0.6517,2.24245,0.18235,0.8967,0.06335,0.05705,0,0.0105,0.0462,0.04235,0.0105,0.00875,0,0.02625,0,0.0045499997,0,0.00105,0,0.0056,0,0.00245,0,0,0,0.029399998,0.01575,0.0066499994,0.0069999998,5229.3496,2694.9998,2534.3499,229.6,350.35,607.6,194.25,220.15,358.05,53.9,240.45,135.8,304.85,151.9,71.75,311.5,426.65,833.7,310.1,231.7,197.05,0,266,425.95,820.39996
3,6,246057,비트모듬피클_HS,0611190600g,오이: 오이피클,20,18.2,5.014,0.024,0.024,0,0.076,0.076,0,0.42,0.14,0.28,4.538,0.46199998,1.9200001,2.156,0,0,0,14.32,0.566,2.35,4.7,0,28.2,0,0,0,0.008,0.007999999,0.007999999,0,0,0,0,0,0,0,4.642,4.6419997,0,0,0.0032,0.002,0,0,0,0,0,1.6,1.6,0,0,0,0,0.0046,10.2,10.2,0,1,208,0,7.2,0.4,0.05,0.05,0,0.16,2.8,0,0.002,0,0.89,0,0.096,0,0.0234,0.011,8.00E-04,0.0116,0.0116,0.0066,0.005,0,0,0.0024,0.0018,0,8.00E-04,0,6.00E-04,0,0,0.0048,0,0,0,6.00E-04,8.00E-04,0,0.005,0.0066,0,0,0,0,0,0,0,0,0,0,0,0,0,0,0,0,0,0,0,0,0,0,0,0,32,15.4,16.6,1.8,3.4,1,0,2.2,2.2,0,1.8,1,2,1,0,2.2,3,5.6,1.8,0.6,2.4,0,0,3.2,7
3,6,246057,비트모듬피클_HS,0611090000a,양배추: 생것,10,3.3,0.792,0.008,0.008,0,0.168,0.168,0,0.27,0.08,0.19,0.479,0,0.198,0.281,0,0,0,8.97,0.062,0.10829999,0.2167,0,1.3,0,0,0,0.001,1.00E-03,1.00E-03,0,0,0,0,0,0,0,1.2285,1.2285,0,1.956,0.0035,0.0033,0.0573,0.0695,0.0546,0.0027,0,1.6,1.6,0,0,0.0485,0,3.00E-04,4.5,4.5,0,3.5,0.8,0,24.1,1.4,0.027,0.027,0,0.013,0.9,0,0.0112,0,0.186,0,0.466,0,0.0112,0.0028,6.00E-04,0.0078,0.0046,0.003,0.0048,0,0,0,0,0,0,0,0,0,0,0.0026,0,0,0,2.00E-04,2.00E-04,4.00E-04,0.0016,0.003,0.0032,0,0,0,0,0,0,0,0,0,0,0,0,0,0,0,0,0,0,0,0,0,0,0,136.6,34.6,102,2.8,4.5,5,1,2.6,3.5,0.7,4.1,2.9,7.5,2,1.3,5.7,10.7,45.6,3.1,29.3,4.3,0,2.3,5.3,11.4
3,6,246057,비트모듬피클_HS,0610800400g,비트: 피클: 통조림,10,6.5,1.628,0.008,0.008,0,0.08,0.08,0,0.08,0,0,1.105,0,0,0,0,0,0,8.188,0.096,0.24170001,0.4833,0,2.9,0,0,0,0.006,0.006,0.006,0,0,0,0,0,0,0,0.03,0.030000001,0,0.23,0.001,0.0048,0.0251,0.0401,0,0,0.005,2.7,2.7,0,0,0.0137,0,0,1.1,1.1,0,1.7,14.9,0,11.5,1.5,0.041,0.041,0,0.026,11.6,0,0.022,0,0.1,0,0,0,0.0034,0.0014,0.002,0,0,0,0,0,0,0,0,0,0,0,0,0,0,0.0013,0,0,0,1.00E-04,0.002,0,0,0,0,0,0,0,0,0,0,0,0,0,0,0,0,0,0,0,0,0,0,0,0,0,0,0,60.5,21.2,39.3,2.4,3.4,2.9,0.9,2.3,2.4,0.9,2.8,1.1,2.1,1.9,1,3,5.7,21.2,1.5,2.1,2.9,0,1.9,5.1,8.6
3,2,246055,삼치무조림_HS,1111050000a,삼치: 생것,60,67.2,0,1.758,0,1.758,12.048,0,12.048,0,0,0,0,0,0,0,0,0,0,45.6,1.23,0,0,0,0,0,0,0,0.102,0.08580001,0.084,0,0.018,0,0,0,0,0,0,0,0,0,0.048,0.036,0,0,0,0,0,4.2,4.2,0,1.95,0.2274,10.548,0.0414,3,0,3,126.6,23.4,0,232.2,18,0.06,0,0.06,0.336,12,0,0.006,0,0.06,0,0,2.88,1.5102,0.453,0.3384,0.7002,0.038999997,0.6378,0.0546,0,0,0,0,0,6.00E-04,6.00E-04,0.0558,6.00E-04,0.009,0.267,0.0678,0.010799999,0,0.072,0.1752,0.040200002,0.024,0.015,0.0042,0,0.0072,0.036,0.0246,0.0024,0.0018,0,6.00E-04,0.1116,0.0012,0.003,0.0048,0.0078,0.0198,0,0.4884,0.022799999,0.0036,0.0132,0.0186,0.006,0.0042000003,0.008400001,11278.8,5502,5776.8,555,946.8,747.6,347.4,505.8,561.6,135,552,405.6,745.2,442.8,129,703.8,1092.6,1559.4,567.6,397.2,499.8,384.6,476.4,1083.6,2053.8
3,2,246055,삼치무조림_HS,0610571500a,무: 조선무: 뿌리,30,6,1.302,0.036,0.036,0,0.201,0.201,0,0.33,0.15,0.21,0.537,0.015000001,0.21900001,0.297,0,0,0.006,28.29,0.165,0.0501,0.0999,0,0.6,0,0,0,0,0,0,0,0,0,0,0,0,0,0,0,0,2.595,0.0177,0.0063,0.0633,0.101100005,0,0.0633,0.0213,9.9,9.9,0,0,0.0492,0,0.0063,6.9,6.9,0,10.2,2.7,0,78.3,2.4,0.048,0.048,0,0.123,36.3,0,0.0633,0,0.105,0,1.104,0,0.0243,0.0063,0.0048,0.0132,0.0081,0.0033,0.0099,0,0,0,0,0,0,0,0,0,0,0.0048,3.00E-04,0,0,0.0015,0.0039,6.00E-04,0.0048,0.0033,0.0051,0,0,0,0,0,0,0,0,0,0,0,0,0,0,0,0,0,0,0,0,0,0,0,149.7,57.6,92.1,5.7,8.4,9.3,2.1,5.4,5.7,2.4,9,3,6.6,1.8,1.5,8.7,14.4,41.1,6,11.1,7.5,0,3.6,9.6,23.1
3,2,246055,삼치무조림_HS,0611100100a,양파: 국내산: 생것,10,2.9,0.667,0.004,0.004,0,0.095,0.095,0,0.17,0,0.17,0.574,0.065,0.27899998,0.22999999,0,0,0,9.2,0.033,0.0167,0.0333,0,0.2,0,0,0,0,0,0,0,0,0,0,0,0,0,0,0,0,0.588,0.0035,0.0011,0.0099,0.028600002,0.0095,4.00E-04,0,1.1,1.1,0,0,0.0106,0.057,0.0011,1.5,1.5,0,2.7,0.3,0,14.5,0.8,0.02,0.02,0,0.015,0.7,0,0.0176,0,0.117,0,0.053,0,0.0038,0.0011,6.00E-04,0.0021,0.0018,1.00E-04,0.002,0,0,0,0,0,0,0,0,0,0,9.00E-04,0,0,0,1.00E-04,6.00E-04,0,0.0017,1.00E-04,2.00E-04,0,0,0,0,0,0,0,0,0,0,0,0,0,0,0,0,0,2.00E-04,0,0,0,0,0,74,36.8,37.2,1.9,3.7,4.5,0.6,3,2.1,1.1,2.4,1.3,16.2,1.5,0.9,1.8,7.5,20.2,2,1.4,1.9,0,1.5,5.6,8
3,2,246055,삼치무조림_HS,1610010004i,간장: 재래간장,10,3.4,0.247,0.003,0.003,0,0.592,0.592,0,0.04,0.04,0,0.029,0,0.012,0.017,0,0,0,7.06,2.101,0,0,0,0,0,0,0,0,0,0,0,0,0,0,0,0,0,0,0,0,0,0.0141,0.0109,0.0866,0.2107,0.063599996,0.023,0.0026,3.2,3.2,0,0.029,0.0615,0.545,6.00E-04,3.9,3.9,0,12.1,799.9,0,65.7,20.8,0.066,0.066,0,0.039,0,0,0.0373,0.211,4.906,0,3.56,0,0.0011,3.00E-04,2.00E-04,4.00E-04,4.00E-04,0,4.00E-04,0,0,0,0,0,0,0,0,0,0,2.00E-04,0,0,0,1.00E-04,2.00E-04,0,4.00E-04,0,0,0,0,0,0,0,0,0,0,0,0,0,0,0,0,0,0,0,0,0,1.00E-04,0,0,1.00E-04,405.2,143.2,262,14.5,21.2,30.2,7.3,14.4,14.3,7.4,18,8.4,7.5,6.6,2.6,38.1,65.5,90,18.9,23.1,17.2,0,9.9,28.4,53.7
3,2,246055,삼치무조림_HS,1530130100a,청주: 알코올 16%,5,6.6,0.212,0,0,0,0.0205,0.0205,0,0,0,0,0.1555,0.0175,0.138,0,0,0,0,3.995,0.0025,0,0,0,0,0,0,0,0.0175,0.0096,0.0085,5.00E-04,0.0085,0,0,0,0,0,0,0,0,0,0,0,0,0,0,0,0,0,0,0,0,0.0166,0,0.0017000001,0.2,0.2,0,0.45,0.15,0,0.45,0.05,0.001,0.001,0,0.008,0.15,0,0.01145,0.0805,0.013,0,0.014,0,1.00E-04,5.00E-05,5.00E-05,0,0,0,0,0,0,0,0,0,0,0,0,0,0,0,0,0,0,5.00E-05,5.00E-05,0,0,0,0,0,0,0,0,0,0,0,0,0,0,0,0,0,0,0,0,0,0,0,0,0,0,0,0.1,0.1,0,0,0,0,0,0,0,0,0,0,0.1,0,0,0,0,0,0,0,0,0,0,0,0
3,2,246055,삼치무조림_HS,0611570300a,파: 소파(실파),2,0.32,0.064,0.002,0.002,0,0.03,0.03,0,0.0356,0,0,0,0,0,0,0,0,0,1.886,0.018,1.2,2.4,0,14.4,0,0,0,0,0,0,0,0,0,0,0,0,0,0,0,0,0.48,0.001,0.0016,0.008,0,0,0,0,0,0,0,0,0,0,0,1.5,1.5,0,0.78,0.04,0,5.42,0.26058,0.016,0.016,0,0.01188,0,0,0,0,0,0,0,0,0.00188,5.20E-04,8.00E-05,0.00128,6.60E-04,0,0.00128,0,0,0,0,0,0,0,2.00E-05,0,0,4.40E-04,0,0,0,6.00E-05,8.00E-05,0,6.60E-04,0,6.20E-04,0,0,0,0,0,0,0,0,0,0,0,0,0,0,0,0,0,0,0,0,0,0,0,0,0,0,0,0,0,0,0,0,0,0,0,0,0,0,0,0,0,0,0,0,0,0,0,0
3,2,246055,삼치무조림_HS,0610500100a,마늘: 국내산: 생것,2,2.56,0.5284,0.0032,0.0032,0,0.149,0.149,0,0.076,0.032,0.046,0.0046,0,0.0046,0,0,0,0,1.296,0.0242,0,0,0,0,0,0,0,0.004,0.004,0.004,0,0,0,0,0,0,0,0,0,0,0.169,0.0029,0.00322,0.00996,0.0159,0.00936,6.00E-04,0,1.84,1.84,0,0,0.02168,0.0768,0.0021600001,0.24,0.24,0,3.12,0.06,0,10.62,0.48,0.0156,0.0156,0,0.0132,0.7,0,0.00502,0.0222,0.0692,0,0.2158,0,0.00296,0.0011,3.60E-04,0.00152,0.0015199999,0,0.00152,0,0,0,0,0,0,0,4.00E-05,0,0,9.80E-04,0,0,0,4.00E-05,3.40E-04,0,0.00152,0,0,0,0,0,0,0,0,0,0,0,0,2.00E-05,0,0,0,0,0,0,2.00E-05,0,0,0,0,0,105.48,53.1,52.38,2,3.92,4.14,0.92,3.36,2.78,0.36,3.42,1.86,30.34,2.36,2.16,2.92,14.86,21.34,3,2.24,3.5,0,3.08,6.08,9.34
3,2,246055,삼치무조림_HS,0310050003a,설탕: 백설탕,2,7.74,1.9992,2.00E-04,2.00E-04,0,0,0,0,0,0,0,1.994,1.994,0,0,0,0,0,0,6.00E-04,0,0,0,0,0,0,0,0,0,0,0,0,0,0,0,0,0,0,0,0,0,0,0.01188,0,0,0,0,0,0,0,0,0,0.0022,0,0,0.08,0.08,0,0,0.02,0,0.02,0.02,0.0026,0.0026,0,0,0,0,0,0,0.0342,0,0.1006,0,1.60E-04,1.60E-04,0,0,0,0,0,0,0,0,0,0,0,0,1.20E-04,0,0,4.00E-05,0,0,0,2.00E-05,0,0,0,0,0,0,0,0,0,0,0,0,0,0,0,0,0,0,0,0,0,0,0,0,0,0,0,0,0.04,0,0.04,0,0,0,0,0,0,0,0,0,0,0,0.04,0,0,0,0,0,0,0,0.04,0,0
3,2,246055,삼치무조림_HS,1610040001b,고추가루,2,6.38,1.2124,0.168,0.168,0,0.2658,0.2658,0,0.754,0.126,0.628,0.349,0,0.1288,0.2202,0,0,0,0.25,0.1038,12.27166,24.5433,0,147.26,0,0,0,0.7332,0.5515,0.5282,0.014199999,0.1498,0.040999997,0,0,0,0,1.38104,1.3810401,0,0,0.00854,0.04318,0.16866,0.19129999,0.01674,0.15192,0,1.9,1.9,0,0,0.00488,1.5044,0.00114,1.58,1.58,0,6.84,0.26,0,50.82,3.1,0.0978,0.0978,0,0.054,13.88,0,0.0293,0.2084,0.0784,0,0.372,0,0.16076,0.02956,0.01838,0.11186,0.11158,0.0072,0.10466,0,0,0,0,0,5.00E-04,0,0.00178,0,6.00E-05,0.02202,0.00112,2.40E-04,0,0.00372,0.01468,0.0023999999,0.10438,0.0072,2.00E-04,0,5.00E-04,1.60E-04,1.00E-04,0,0,0,0,0,2.00E-05,3.80E-04,0,0,0,0,0,0,3.40E-04,0,9.80E-04,4.00E-05,8.40E-04,1.00E-04,212.46,78.9,133.56,7.1,14.12,9.48,2.58,8.2,8.66,1.36,9.76,3.76,13.88,6.26,5,10.78,45.26,33.96,10.92,14.92,6.46,0,7.58,15.82,30.98
2,9,121039,새우튀김(냉동),1130042300a,새우: 튀김 ,20,52.6,5.768,2.706,0,2.706,1.286,0,1.286,0.3,0,0,0.198,0,0.024,0.025999999,0,0.148,0,9.98,0.254,0,0,0,0,0,0,0,2.082,0.45679998,0.294,0.01,1.48,0.274,0.0019999999,0.018000001,0.0039999997,0,0,0,0,0,0,0.0042,0.1378,0.3724,0,0.13780001,0,2.6,2.6,0,0.03,0,0,0.0024,15.6,0,15.6,25.6,78.4,0,9.6,2.4,0.09,0,0.09,0.06,11.2,0,0.0304,0.932,3.452,0,2.07,6.854,2.5872,0.4484,0.584,1.5176,1.5056,0.1662,1.3514,0,0,4.00E-04,0,0,4.00E-04,0,0.0032,0,6.00E-04,0.32,0.0026,0.0034000003,0,0.097,0.5306,0.0442,1.3486,0.1572,0,0,0.0086,0.0066,0.0018,0,0,0,0.001,0.004,0.0019999999,0.0088,0,0,0,0,0.0052,0.0012,0.0032,0,0.0372,0.0014000001,0.0192,0.0166,1215.2,471.4,743.8,39.2,93.6,63.6,15.2,56.2,52.8,14,42.2,19.4,75.2,24.8,9.6,58.2,95,356.6,50.8,93.2,55.6,0,24.8,95,175
2,8,246068,새우튀김샐러드_HS,1610160002i,샐러드드레싱: 이탈리안,5,7.75,0.846,0.477,0.477,0,0.0165,0.0165,0,0,0,0,0.47199997,0.122,0.172,0.17799999,0,0,0,3.535,0.1275,0.054149996,0.10835,0,0.65,0,0,0,1.636,0.7067999,0.60749996,0,0.99300003,0,0,0,0,0.035499997,0.3525,0.3525,0,0.0115,0,2.50E-04,0.0182,0.018199999,0.018199999,0,0.00255,0,0,0,0,0.002,0,0.0011999999,0.6,0.6,0,0.45,46.3,0,2.7,0.55,0.007,0.007,0,0.004,0.4,0,0.00225,0,0.302,0,0.0375,0,0.45225,0.03755,0.3001,0.1091,0.108399995,0.02985,0.07915,0,0,0,5.00E-05,0,5.00E-05,0,2.00E-04,0,1.00E-04,0.02335,0.0014,2.50E-04,0,0.00905,0.27645,0.013499999,0.07855,0.0298,0,0,0.00245,0.0078,5.00E-04,5.00E-05,0,0,1.00E-04,0,1.50E-04,0.0013,3.50E-04,1.00E-04,0,0,0,0,6.00E-04,6.00E-04,0.0055,4.50E-04,0.0016499999,0.0034,10.15,4,6.1499996,0.1,0.4,0.65,0.1,0.35,0.35,0,0.25,0.25,1.55,0.15,0,0.5,1.6,2.05,0.4,0.85,0.6,0,0.1,0.5,0.74999994
2,8,246068,새우튀김샐러드_HS,0611620100a,피망: 붉은것,15,4.2,1.041,0.0135,0.0135,0,0.1755,0.1755,0,0.3,0.09,0.21,0.453,0,0.153,0.3,0,0,0,13.68,0.09,11.475,22.95,0,137.7,0,0,0,0.558,0.54255,0.5295,0.0225,0,0,0.006,0,0,0,0,0,0,9.012,0.0147,0.0237,0.13995,0.16575,0.01575,0.1242,0,7.2,7.2,0,0,0.04395,0,9.00E-04,1.35,1.35,0,4.2,0.15,0,38.55,1.95,0.0525,0.0525,0,0.015,9.75,0,0.012,0,0.1095,0,0.597,0,0.02235,0.0045,6.00E-04,0.01725,0.0075000003,0.00435,0.0129,0,0,0,0,0,3.00E-04,0,6.00E-04,0,0,0.00255,1.50E-04,0,0,7.50E-04,1.50E-04,3.00E-04,0.00315,0.00435,0.00975,0,1.50E-04,0,0,0,0,0,0,0,0,1.50E-04,0,0,0,0,0,0,0,0,0,0,0,0,156.6,52.95,103.65,4.5,7.65,8.25,1.35,5.7,7.95,1.5,5.85,3.45,6.75,3.6,3.3,6,41.4,27.75,5.4,4.35,11.85,0,4.65,10.8,18
2,8,246068,새우튀김샐러드_HS,0610851400a,상추: 양상추,15,2.7,0.69,0,0,0,0.09,0.09,0,0.225,0.09,0.135,0,0,0,0,0,0,0,14.175,0.045,0.975,1.95,0,11.7,0,0,0,0,0,0,0,0,0,0,0,0,0,0,0,0,0,0.0285,0.003,0.045,0,0,0,0,0,0,0,0,0,0,0,2.25,2.25,0,2.55,0.3,0,26.85,0,0.06,0.06,0,0,0,0,0,0,0,0,0,0,0,0,0,0,0,0,0,0,0,0,0,0,0,0,0,0,0,0,0,0,0,0,0,0,0,0,0,0,0,0,0,0,0,0,0,0,0,0,0,0,0,0,0,0,0,0,0,0,0,0,0,0,0,0,0,0,0,0,0,0,0,0,0,0,0,0,0,0,0,0,0,0,0,0,0
2,11,246082,쇠고기죽_HS,1610180001a,소금: 식염,1,0,0,0,0,0,0,0,0,0,0,0,0,0,0,0,0,0,0,0.003,0.997,0,0,0,0,0,0,0,0,0,0,0,0,0,0,0,0,0,0,0,0,0,0,0,0,0,0,0,0,0,0,0,0,0,0,0,0.4,0.4,0,0,335.97,0,1.35,0.24,0.002,0.002,0,0,0,0,0,0,0,0,0,0,0,0,0,0,0,0,0,0,0,0,0,0,0,0,0,0,0,0,0,0,0,0,0,0,0,0,0,0,0,0,0,0,0,0,0,0,0,0,0,0,0,0,0,0,0,0,0,0,0,0,0,0,0,0,0,0,0,0,0,0,0,0,0,0,0,0,0,0,0,0,0,0,0,0,0
2,11,246082,쇠고기죽_HS,0120010500a,멥쌀: 논벼: 백미 (국내산): 일반형: 일품,45,158.85,35.325,0.045,0.045,0,2.565,2.565,0,0.432,0,0,0,0,0,0,0,0,0,6.93,0.135,0.14985,0.30015,0,1.8,0,0,0,0,0,0,0,0,0,0,0,0,0,0,0,0,0,0.063,0.009,0.405,0,0,0,0,0,0,0,0,0,0,0,2.7,2.7,0,34.65,2.25,0,41.4,0,0.63,0.63,0,0,0,0,0,0,0,0,0,0,0,0,0,0,0,0,0,0,0,0,0,0,0,0,0,0,0,0,0,0,0,0,0,0,0,0,0,0,0,0,0,0,0,0,0,0,0,0,0,0,0,0,0,0,0,0,0,0,0,0,0,0,0,0,0,0,0,0,0,0,0,0,0,0,0,0,0,0,0,0,0,0,0,0,0
2,11,246082,쇠고기죽_HS,1420140000a,참기름,5,45.85,0.007,4.9795,4.9795,0,0,0,0,0,0,0,0,0,0,0,0,0,0,0.01,0.0035,0.045849998,0.09165,0,0.55,0,0,0,2.126,0.28884998,0.087,0,2.0094998,0.029499998,0,0,0,0,0.456,0.45599994,0,0,0,0.0035,0,0,0,0,0,0,0,0,0,0,0.1915,7.50E-04,2.15,2.15,0,4.95,0.8,0,2.8,1.75,0.0875,0.0875,0,0.0245,4.2,0,0.0078,0,0,0,0,0,4.7785,0.73235,1.90845,2.12315,2.10775,0.0267,2.09645,0,0,0,0,0,0,0,0,0,0,0.43465,0.00655,0.0034,0,0.2569,1.8501,0.04415,2.08105,0.0267,0.0154,0,0.0289,0.00765,0,0,0,0,0,0,0,0.0045,0,0,0,0,0,0,0.004,0,0.0145499995,0,0.0145499995,0,2.05,0.6999999,1.3499999,0.1,0.35,0,0.05,0,0.05,0,0.15,0,0,0,0.1,0.15,0.05,0.25,0.1,0.6,0.1,0,0.15,0,0.6
2,11,246082,쇠고기죽_HS,0910020028a,쇠고기: 한우: 양지  생것 ,40,101.2,0,7.436,0,7.436,7.432,0,7.432,0,0,0,0,0,0,0,0,0,0,24.4,0.332,4.8,4.8,4.8,0,0,0,0,0.064,0.064,0.064,0,0,0,0,0,0,0,0,0,0,0.372,0.0036,0.098,0.9204,2.1256,0,0.9204001,0,0,0,0,0.548,0.042,1.04,0.0056000007,2,0,2,65.2,22,0,106,7.2,0.768,0,0.768,1.928,14,0,0,0.244,9.516,0,0.248,26.196,5.6208,2.3036,2.9816,0.1584,0.11760001,0.0084,0.1496,0,0,0,0.0036,0,0.0084,8.00E-04,0.2296,0.0812,0.0176,1.516,0.3588,0.033600003,0,0.4896,2.3764,0.14680001,0.1116,0.006,0.0052,0,0.0028,0.0176,0.0024,0,0.0108,0,0.0196,0,8.00E-04,8.00E-04,0.0012,0,0.0024,0,0,4.00E-04,4.00E-04,0,0.1772,0.12640001,0.0392,0.011600001,6689.6006,3306.0002,3383.6,281.6,582.4,620,166,291.6,310,72.4,311.2,253.6,417.2,256,77.6,420.4,631.2,1055.2,361.2,305.2,276.8,0,243.6,620,1175.2001
1,7,246033,숙주나물_HS,0610930000a,숙주나물: 생것,50,6.5,1.17,0.025,0.025,0,0.865,0.865,0,0.85,0.1,0.75,0,0,0,0,0,0,0,47.8,0.14,0.20850001,0.4165,0,2.5,0,0,0,0.06,0.015,0.01,0,0.05,0,0,0,0,0,3.7705,3.7705,0,3.62,0.035,0.029,0.2535,0.41050002,0.023000002,0.2305,0,27,27,0,0,0,0,0,6.5,6.5,0,13.5,2,0,42,4,0.11,0.11,0,0.105,30.5,0,0.0315,0.62,1.43,0,14.675,0,0.0395,0.014,0.0025,0.0225,0.009,0.0045,0.018,0,0,0,0,0,0,0,0,0,0,0.0105,0,0,0,0.0015,0.002,5.00E-04,0.0045,0.0045,0.0135,0,5.00E-04,0,0,0,0,0,0,0,0,5.00E-04,0,0,0,0,0,0,0.001,0,0,0,0,0,673.50006,308.00003,365.50003,30.5,39.5,44,7,36,24,9.5,40.5,24,53,20,6.5,19.5,214,48,16,16.5,25,0,13.5,65.5,110.5
1,7,246033,숙주나물_HS,0611570300a,파: 소파(실파),3,0.48,0.096,0.003,0.003,0,0.045,0.045,0,0.0534,0,0,0,0,0,0,0,0,0,2.829,0.027,1.8,3.6,0,21.6,0,0,0,0,0,0,0,0,0,0,0,0,0,0,0,0,0.72,0.0015,0.0024,0.012,0,0,0,0,0,0,0,0,0,0,0,2.25,2.25,0,1.17,0.06,0,8.13,0.39087,0.024,0.024,0,0.01782,0,0,0,0,0,0,0,0,0.00282,7.80E-04,1.20E-04,0.00192,9.90E-04,0,0.00192,0,0,0,0,0,0,0,3.00E-05,0,0,6.60E-04,0,0,0,9.00E-05,1.20E-04,0,9.90E-04,0,9.30E-04,0,0,0,0,0,0,0,0,0,0,0,0,0,0,0,0,0,0,0,0,0,0,0,0,0,0,0,0,0,0,0,0,0,0,0,0,0,0,0,0,0,0,0,0,0,0,0,0
1,7,246033,숙주나물_HS,0610500100a,마늘: 국내산: 생것,1,1.28,0.2642,0.0016,0.0016,0,0.0745,0.0745,0,0.038,0.016,0.023,0.0023,0,0.0023,0,0,0,0,0.648,0.0121,0,0,0,0,0,0,0,0.002,0.002,0.002,0,0,0,0,0,0,0,0,0,0,0.0845,0.00145,0.00161,0.00498,0.00795,0.00468,3.00E-04,0,0.92,0.92,0,0,0.01084,0.0384,0.0010800001,0.12,0.12,0,1.56,0.03,0,5.31,0.24,0.0078,0.0078,0,0.0066,0.35,0,0.00251,0.0111,0.0346,0,0.1079,0,0.00148,5.50E-04,1.80E-04,7.60E-04,7.60E-04,0,7.60E-04,0,0,0,0,0,0,0,2.00E-05,0,0,4.90E-04,0,0,0,2.00E-05,1.70E-04,0,7.60E-04,0,0,0,0,0,0,0,0,0,0,0,0,1.00E-05,0,0,0,0,0,0,1.00E-05,0,0,0,0,0,52.74,26.55,26.19,1,1.96,2.07,0.46,1.68,1.39,0.18,1.71,0.93,15.17,1.18,1.08,1.46,7.43,10.67,1.5,1.12,1.75,0,1.54,3.04,4.67
1,7,246033,숙주나물_HS,1420150000a,콩기름,0.5,4.575,0.0033,0.49655,0.49655,0,0,0,0,0,0,0,0,0,0,0,0,0,0,0,1.50E-04,0,0,0,0,0,0,0,0.24635,0.047975,0.030050002,0.00405,0.1362,0.07605,0,0,0,0,0.5258,0.5258,0,0,0,0,0,0,0,0,0,0,0,0,0,0,0,0,0,0,0,0,0,0,0,0,0,0,0,0,0,0,0,0.0132,0.02945,0,0,0,0.474935,0.073085,0.10855,0.28642,0.28642,0.03279,0.253635,0,0,0,0,0,0,0,3.90E-04,0,0,0.05107,3.95E-04,4.05E-04,0,0.017375,0.09748,0.00703,0.253635,0.03279,0,0,0.0015,0.003645,0,0,0,0,0,0,0,0.001725,0,0,0,0,0,0,6.20E-04,0,0.0068800002,1.50E-04,0.003385,0.003345,0,0,0,0,0,0,0,0,0,0,0,0,0,0,0,0,0,0,0,0,0,0,0,0,0
1,7,246033,숙주나물_HS,1610180001a,소금: 식염,1,0,0,0,0,0,0,0,0,0,0,0,0,0,0,0,0,0,0,0.003,0.997,0,0,0,0,0,0,0,0,0,0,0,0,0,0,0,0,0,0,0,0,0,0,0,0,0,0,0,0,0,0,0,0,0,0,0,0.4,0.4,0,0,335.97,0,1.35,0.24,0.002,0.002,0,0,0,0,0,0,0,0,0,0,0,0,0,0,0,0,0,0,0,0,0,0,0,0,0,0,0,0,0,0,0,0,0,0,0,0,0,0,0,0,0,0,0,0,0,0,0,0,0,0,0,0,0,0,0,0,0,0,0,0,0,0,0,0,0,0,0,0,0,0,0,0,0,0,0,0,0,0,0,0,0,0,0,0,0
1,13,246086,숭늉_HS,0120010500a,멥쌀: 논벼: 백미 (국내산): 일반형: 일품,30,105.9,23.55,0.03,0.03,0,1.71,1.71,0,0.288,0,0,0,0,0,0,0,0,0,4.62,0.09,0.0999,0.2001,0,1.2,0,0,0,0,0,0,0,0,0,0,0,0,0,0,0,0,0,0.042,0.006,0.27,0,0,0,0,0,0,0,0,0,0,0,1.8,1.8,0,23.1,1.5,0,27.6,0,0.42,0.42,0,0,0,0,0,0,0,0,0,0,0,0,0,0,0,0,0,0,0,0,0,0,0,0,0,0,0,0,0,0,0,0,0,0,0,0,0,0,0,0,0,0,0,0,0,0,0,0,0,0,0,0,0,0,0,0,0,0,0,0,0,0,0,0,0,0,0,0,0,0,0,0,0,0,0,0,0,0,0,0,0,0,0,0,0
3,4,246040,스크램블에그_HS,1610180001a,소금: 식염,1,0,0,0,0,0,0,0,0,0,0,0,0,0,0,0,0,0,0,0.003,0.997,0,0,0,0,0,0,0,0,0,0,0,0,0,0,0,0,0,0,0,0,0,0,0,0,0,0,0,0,0,0,0,0,0,0,0,0.4,0.4,0,0,335.97,0,1.35,0.24,0.002,0.002,0,0,0,0,0,0,0,0,0,0,0,0,0,0,0,0,0,0,0,0,0,0,0,0,0,0,0,0,0,0,0,0,0,0,0,0,0,0,0,0,0,0,0,0,0,0,0,0,0,0,0,0,0,0,0,0,0,0,0,0,0,0,0,0,0,0,0,0,0,0,0,0,0,0,0,0,0,0,0,0,0,0,0,0,0
3,4,246040,스크램블에그_HS,1010010001a,달걀: 전란: 생것,60,81.6,0.474,4.95,0,4.95,7.746,0,7.746,0,0,0,0.066,0,0.066,0,0,0,0,46.26,0.57,72.7002,72.7998,72.6,1.2,0.624,0,0.62399995,1.182,0.83940005,0.79200006,0,0.348,0,0.042,0,0,0,6.348,0,6.348,0,0.0414,0.1932,0.0216,1.4478,0,0.021599999,0.0672,33.6,33.6,0,0.708,0.9192,14.286,0.015000001,28.2,0,28.2,103.8,83.4,0,76.2,7.2,1.152,0,1.152,0.72,25.2,0,0.0186,17.922,19.746,0,2.844,181.986,4.3656,1.5486,2.0604,0.7368,0.636,0.0468,0.69,0,0,0,6.00E-04,0,6.00E-04,0,0.0168,0.0036,0.003,1.0908,0.129,0.015000001,0,0.3624,1.8162,0.0972,0.6228,0.0132,6.00E-04,0,0.0012,0.0114,0.0066,0,0.0084,0,0.051,0,0.0024,6.00E-04,0,0,0.003,0,0.03,0.0546,0.0012,0.0024,0.0198,0.0102,0.0048,0.0048,7482,3810.6,3671.4,425.4,669,603.6,243.6,385.2,334.2,85.8,450,166.8,447,315,112.2,434.4,763.2,972.6,258,271.8,535.2,9,355.8,786,1544.4
3,4,246040,스크램블에그_HS,1310010100a,우유: 보통우유,10,6.5,0.553,0.332,0,0.332,0.308,0,0.308,0,0,0,0.412,0,0,0,0.412,0,0,8.74,0.067,5.5,5.5,5.5,0,0,0,0,0,0,0,0,0,0,0,0,0,0,0,0,0,0.079,0.0021,0.0162,0.0301,0.081,0.0233,0.0068000006,0,0.2,0.2,0,0.034,0.0295,0.225,0,11.3,0,11.3,8.4,3.6,0,14.3,1,0.005,0,0.005,0.036,0,0,0,0.608,0.496,0,0.21,0.969,0.3148,0.2169,0.0737,0.0099,0.0081,0.001,0.0088,0.0089,0.0061,0.0033,0.0072,0,0.0132,2.00E-04,0.0355,0.0024,0.0028000001,0.0948,0.0055,0.0017000001,0,0.042,0.0638,0.0015,0.0074,8.00E-04,0,0,7.00E-04,3.00E-04,1.00E-04,0,6.00E-04,0,7.00E-04,1.00E-04,0,3.00E-04,3.00E-04,1.00E-04,2.00E-04,0,0,0,2.00E-04,0,0.014300001,0.0109,0.0024,9.00E-04,303.3,138.1,165.2,12,33.3,23.2,7.2,13.5,12.9,3.1,15.8,7.3,9.8,13.6,3.5,9.6,22.4,62.8,5.5,31,16.8,0,10.7,30.2,61.1
3,4,246040,스크램블에그_HS,1410030000a,버터,5,38.05,0.0905,4.102,0,4.102,0.0295,0,0.0295,0,0,0,0.033,0,0,0,0.033,0,0,0.765,0.013,26.19585,26.2917,26.1,1.15,0,0,0,0.04,0.03715,0.0365,0,0.0019999999,0,0.0015,0,0,0,0,0,0,0,0,0.0023,0,0.00125,0,0,0,0,0,0,0.0025,0,0,0,0.8,0,0.8,0.95,0.5,0,1.45,0,0.0015,0,0.0015,0.0035,0.2,0,0,0.2095,0,0,0.0645,11.606,3.44675,2.4023,0.798,0.09195,0.0849,0.0103,0.0817,0.1129,0.0706,0.043,0.091,0,0.15915,0.0034000003,0.39975,0.03065,0.030849999,1.0175,0.0499,0.019499999,0,0.4252,0.6981,0.0144,0.07615,0.00875,0,0,0.00605,0.00245,0,0,0.00555,0,0,0,0.013850001,0.0019,0.0025,0,0.00155,0,0,0.0075499997,0,0,0.1545,0.11575,0.029800002,0.009000001,25.85,12.1,13.75,1.15,2.55,2,0.9,1.2,1.2,0.1,1.4,0.75,0.85,1.05,0.4,0.8,1.9,4.95,0.55,2.45,1.65,0,1.3,2.35,5.1
2,2,246022,시금치국_HS,0610500100a,마늘: 국내산: 생것,1,1.28,0.2642,0.0016,0.0016,0,0.0745,0.0745,0,0.038,0.016,0.023,0.0023,0,0.0023,0,0,0,0,0.648,0.0121,0,0,0,0,0,0,0,0.002,0.002,0.002,0,0,0,0,0,0,0,0,0,0,0.0845,0.00145,0.00161,0.00498,0.00795,0.00468,3.00E-04,0,0.92,0.92,0,0,0.01084,0.0384,0.0010800001,0.12,0.12,0,1.56,0.03,0,5.31,0.24,0.0078,0.0078,0,0.0066,0.35,0,0.00251,0.0111,0.0346,0,0.1079,0,0.00148,5.50E-04,1.80E-04,7.60E-04,7.60E-04,0,7.60E-04,0,0,0,0,0,0,0,2.00E-05,0,0,4.90E-04,0,0,0,2.00E-05,1.70E-04,0,7.60E-04,0,0,0,0,0,0,0,0,0,0,0,0,1.00E-05,0,0,0,0,0,0,1.00E-05,0,0,0,0,0,52.74,26.55,26.19,1,1.96,2.07,0.46,1.68,1.39,0.18,1.71,0.93,15.17,1.18,1.08,1.46,7.43,10.67,1.5,1.12,1.75,0,1.54,3.04,4.67
2,2,246022,시금치국_HS,1610280002b,분말조미료: 멸치,1,2.11,0.3237,0.0281,0,0.0281,0.1412,0,0.1412,0,0,0,0.045100003,0,0.045100003,0,0,0,0,0.041,0.4665,0.0016699999,0.00333,0,0.02,0,0,0,0.012,0.0047999998,0.004,0,0.008,0,0,0,0,0,0,0,0,0,0.0064,0.00458,0.01242,0.13569,0.00662,0.0058,0.00123,1.87,1.87,0,0.0153,0.05381,0.0935,1.80E-04,2.35,0,2.35,2.58,144.04,0,8.8,1.9,0.0172,0,0.0172,0.0111,0.48,0,0.00405,1.2733,0.8955,0,0.0812,0.4335,0.0199,0.00753,0.008,0.00412,0.00232,0.00205,0.00204,0,0,0,0,0,1.10E-04,1.00E-05,0.00116,0,1.10E-04,0.00476,9.80E-04,1.20E-04,0,9.30E-04,0.00598,5.40E-04,0.00175,5.70E-04,1.60E-04,0,1.50E-04,3.60E-04,1.30E-04,0,0,0,0,5.90E-04,1.00E-05,5.00E-05,3.00E-05,3.00E-05,6.00E-05,0,8.30E-04,7.00E-05,6.00E-05,1.10E-04,2.50E-04,5.00E-05,7.00E-05,1.30E-04,130.21,34.96,95.25,2.67,4.81,5.02,1.45,2.44,2.76,7.4,3.33,1.7,3.38,1.14,1.57,4.86,6.47,70.23,4.29,3.16,2.83,0.7,3.02,10.98,10.81
2,2,246022,시금치국_HS,0610960100a,시금치: 노지: 생것,45,13.05,1.98,0.1935,0.1935,0,1.8675,1.8675,0,1.44,0.225,1.215,0,0,0,0,0,0,0,40.095,0.8775,264.41235,528.825,0,3172.95,0,0,0,0.7335,0.61605,0.594,0,0.099,0,0.0405,0,0,0,202.307,202.3065,0,22.698,0.07245,0.1062,0.34965,0.5571,0.21104999,0.13859999,0,122.4,122.399994,0,0,0.6885,0,0.022499999,26.55,26.55,0,43.65,9,0,355.5,37.8,1.2285,1.2285,0,0.9045,57.6,0,0.4149,0,0.8595,0,4.284,0,0.31905,0.0405,0.0288,0.24975,0.11384999,0.0927,0.15705,0,0,0,0,0,0,0,4.50E-04,0,0,0.02655,0,0,0,0.0018,0.00495,0.023400001,0.02115,0.0927,0.1359,0,0,9.00E-04,0,0,0,0,0,0,0.0013499999,9.00E-04,0,0,0,0,0,0.008099999,0.0018,0,0,0,0,0,1434.1499,653.4,780.75,54.9,116.55,97.65,25.2,72.9,69.3,12.6,75.6,33.75,94.95,46.8,27,82.8,153,245.25,79.2,69.75,76.95,0,52.2,132.3,247.04999
2,2,246022,시금치국_HS,1610100003a,된장: 재래된장,12,17.04,0.8712,0.8268,0.8268,0,1.632,1.632,0,0.576,0.06,0.516,0.0492,0,0.0264,0.0228,0,0,0,6.984,1.6884,0.06996,0.14004,0,0.84,0,0,0,0.8952,0.0972,0.036000002,0,0.5052,0.354,0,0,0,0,1.1016,1.1016,0,0,0.05328,0.02208,0.0816,0.33876,0.06708,0.01464,0.01212,3.6,3.6,0,0.0204,0.1746,0.882,0.00396,13.68,13.68,0,24.96,618.24,0,56.76,23.04,0.39,0.39,0,0.2292,55.8,0,0.15192,0.3204,5.1456,0,25.1592,0,0.7512,0.12096,0.15636,0.4716,0.47076002,0.06864,0.40296,0,0,0,0,0,0,0,7.20E-04,0,0,0.08544,7.20E-04,9.60E-04,0,0.02652,0.14304,0.01116,0.40212,0.06864,0,0,0.0024,0.00132,4.80E-04,0,0,0,3.60E-04,0,2.40E-04,0.00348,0,0,0,0,0,0,0.0012,0,0.00228,4.80E-04,8.40E-04,9.60E-04,1303.32,562.32,741,56.16,112.08,85.08,20.16,71.52,55.08,15.48,65.64,30.24,50.88,46.2,21,83.52,151.8,228.12,65.04,70.2,75.12,0,41.16,133.2,233.88
2,2,246022,시금치국_HS,0611570300a,파: 소파(실파),3,0.48,0.096,0.003,0.003,0,0.045,0.045,0,0.0534,0,0,0,0,0,0,0,0,0,2.829,0.027,1.8,3.6,0,21.6,0,0,0,0,0,0,0,0,0,0,0,0,0,0,0,0,0.72,0.0015,0.0024,0.012,0,0,0,0,0,0,0,0,0,0,0,2.25,2.25,0,1.17,0.06,0,8.13,0.39087,0.024,0.024,0,0.01782,0,0,0,0,0,0,0,0,0.00282,7.80E-04,1.20E-04,0.00192,9.90E-04,0,0.00192,0,0,0,0,0,0,0,3.00E-05,0,0,6.60E-04,0,0,0,9.00E-05,1.20E-04,0,9.90E-04,0,9.30E-04,0,0,0,0,0,0,0,0,0,0,0,0,0,0,0,0,0,0,0,0,0,0,0,0,0,0,0,0,0,0,0,0,0,0,0,0,0,0,0,0,0,0,0,0,0,0,0,0
2,2,246022,시금치국_HS,1610050001i,고추장,3,6.51,1.29,0.072,0.072,0,0.177,0.177,0,0.126,0,0,0,0,0,0,0,0,0,1.155,0.246,6.32001,12.64,0,75.84,0,0,0,0,0,0,0,0,0,0,0,0,0,0.222,0,0,0,0.0063,0.0075,0.081,0,0,0,0.0081,0.648,0,0,0,0.00297,0,0,1.65,1.65,0,4.35,75.3,0,12.18,0,0.057,0.057,0,0.0057,4.5,0,0.024,0,0,0,0,0,0,0,0,0,0,0,0,0,0,0,0,0,0,0,0,0,0,0,0,0,0,0,0,0,0,0,0,0,0,0,0,0,0,0,0,0,0,0,0,0,0,0,0,0,0,0,0,0,0,0,0,0,0,0,0,0,0,0,0,0,0,0,0,0,0,0,0,0,0,0,0,0,0,0,0
3,11,246022,시금치국_HS,0610960100a,시금치: 노지: 생것,45,13.05,1.98,0.1935,0.1935,0,1.8675,1.8675,0,1.44,0.225,1.215,0,0,0,0,0,0,0,40.095,0.8775,264.41235,528.825,0,3172.95,0,0,0,0.7335,0.61605,0.59400004,0,0.099,0,0.0405,0,0,0,202.307,202.3065,0,22.698,0.07245,0.1062,0.34965,0.5571,0.21105,0.13859999,0,122.4,122.4,0,0,0.6885,0,0.0225,26.55,26.55,0,43.65,9,0,355.5,37.8,1.2285,1.2285,0,0.9045,57.6,0,0.4149,0,0.8595,0,4.284,0,0.31905,0.0405,0.0288,0.24975,0.11385,0.0927,0.15705,0,0,0,0,0,0,0,4.50E-04,0,0,0.02655,0,0,0,0.0018,0.00495,0.023400001,0.02115,0.0927,0.1359,0,0,9.00E-04,0,0,0,0,0,0,0.00135,9.00E-04,0,0,0,0,0,0.008099999,0.0018,0,0,0,0,0,1434.15,653.4,780.75,54.9,116.55,97.65,25.2,72.9,69.3,12.6,75.6,33.75,94.95,46.8,27,82.8,153,245.25,79.2,69.75,76.95,0,52.2,132.3,247.05
3,11,246022,시금치국_HS,1610100003a,된장: 재래된장,12,17.04,0.8712,0.8268,0.8268,0,1.632,1.632,0,0.576,0.06,0.516,0.0492,0,0.0264,0.0228,0,0,0,6.984,1.6884,0.06996,0.14004,0,0.84,0,0,0,0.8952,0.0972,0.036000002,0,0.5052,0.354,0,0,0,0,1.1016,1.1016,0,0,0.05328,0.02208,0.0816,0.33876,0.06708,0.01464,0.01212,3.6,3.6,0,0.0204,0.1746,0.882,0.00396,13.68,13.68,0,24.96,618.24,0,56.76,23.04,0.39,0.39,0,0.2292,55.8,0,0.15192,0.3204,5.1456,0,25.1592,0,0.7512,0.12096,0.15636,0.4716,0.47076002,0.06864,0.40296,0,0,0,0,0,0,0,7.20E-04,0,0,0.08544,7.20E-04,9.60E-04,0,0.02652,0.14304,0.01116,0.40212,0.06864,0,0,0.0024,0.00132,4.80E-04,0,0,0,3.60E-04,0,2.40E-04,0.00348,0,0,0,0,0,0,0.0012,0,0.00228,4.80E-04,8.40E-04,9.60E-04,1303.32,562.32,741,56.16,112.08,85.08,20.16,71.52,55.08,15.48,65.64,30.24,50.88,46.2,21,83.52,151.8,228.12,65.04,70.2,75.12,0,41.16,133.2,233.88
3,11,246022,시금치국_HS,0611570300a,파: 소파(실파),3,0.48,0.096,0.003,0.003,0,0.045,0.045,0,0.0534,0,0,0,0,0,0,0,0,0,2.829,0.027,1.8,3.6,0,21.6,0,0,0,0,0,0,0,0,0,0,0,0,0,0,0,0,0.72,0.0015,0.0024,0.012,0,0,0,0,0,0,0,0,0,0,0,2.25,2.25,0,1.17,0.06,0,8.13,0.39087,0.024,0.024,0,0.01782,0,0,0,0,0,0,0,0,0.00282,7.80E-04,1.20E-04,0.00192,9.90E-04,0,0.00192,0,0,0,0,0,0,0,3.00E-05,0,0,6.60E-04,0,0,0,9.00E-05,1.20E-04,0,9.90E-04,0,9.30E-04,0,0,0,0,0,0,0,0,0,0,0,0,0,0,0,0,0,0,0,0,0,0,0,0,0,0,0,0,0,0,0,0,0,0,0,0,0,0,0,0,0,0,0,0,0,0,0,0
3,11,246022,시금치국_HS,1610050001i,고추장,3,6.51,1.29,0.072,0.072,0,0.177,0.177,0,0.126,0,0,0,0,0,0,0,0,0,1.155,0.246,6.32001,12.64,0,75.84,0,0,0,0,0,0,0,0,0,0,0,0,0,0.222,0,0,0,0.0063,0.0075,0.081,0,0,0,0.0081,0.648,0,0,0,0.00297,0,0,1.65,1.65,0,4.35,75.3,0,12.18,0,0.057,0.057,0,0.0057,4.5,0,0.024,0,0,0,0,0,0,0,0,0,0,0,0,0,0,0,0,0,0,0,0,0,0,0,0,0,0,0,0,0,0,0,0,0,0,0,0,0,0,0,0,0,0,0,0,0,0,0,0,0,0,0,0,0,0,0,0,0,0,0,0,0,0,0,0,0,0,0,0,0,0,0,0,0,0,0,0,0,0,0,0
3,11,246022,시금치국_HS,0610500100a,마늘: 국내산: 생것,1,1.28,0.2642,0.0016,0.0016,0,0.0745,0.0745,0,0.038,0.016,0.023,0.0023,0,0.0023,0,0,0,0,0.648,0.0121,0,0,0,0,0,0,0,0.002,0.002,0.002,0,0,0,0,0,0,0,0,0,0,0.0845,0.00145,0.00161,0.00498,0.00795,0.00468,3.00E-04,0,0.92,0.92,0,0,0.01084,0.0384,0.0010800001,0.12,0.12,0,1.56,0.03,0,5.31,0.24,0.0078,0.0078,0,0.0066,0.35,0,0.00251,0.0111,0.0346,0,0.1079,0,0.00148,5.50E-04,1.80E-04,7.60E-04,7.60E-04,0,7.60E-04,0,0,0,0,0,0,0,2.00E-05,0,0,4.90E-04,0,0,0,2.00E-05,1.70E-04,0,7.60E-04,0,0,0,0,0,0,0,0,0,0,0,0,1.00E-05,0,0,0,0,0,0,1.00E-05,0,0,0,0,0,52.74,26.55,26.19,1,1.96,2.07,0.46,1.68,1.39,0.18,1.71,0.93,15.17,1.18,1.08,1.46,7.43,10.67,1.5,1.12,1.75,0,1.54,3.04,4.67
3,11,246022,시금치국_HS,1610280002b,분말조미료: 멸치,1,2.11,0.3237,0.0281,0,0.0281,0.1412,0,0.1412,0,0,0,0.045100003,0,0.045100003,0,0,0,0,0.041,0.4665,0.0016699999,0.00333,0,0.02,0,0,0,0.012,0.0047999998,0.004,0,0.008,0,0,0,0,0,0,0,0,0,0.0064,0.00458,0.01242,0.13569,0.00662,0.0058,0.00123,1.87,1.87,0,0.0153,0.05381,0.0935,1.80E-04,2.35,0,2.35,2.58,144.04,0,8.8,1.9,0.0172,0,0.0172,0.0111,0.48,0,0.00405,1.2733,0.8955,0,0.0812,0.4335,0.0199,0.00753,0.008,0.00412,0.00232,0.00205,0.00204,0,0,0,0,0,1.10E-04,1.00E-05,0.00116,0,1.10E-04,0.00476,9.80E-04,1.20E-04,0,9.30E-04,0.00598,5.40E-04,0.00175,5.70E-04,1.60E-04,0,1.50E-04,3.60E-04,1.30E-04,0,0,0,0,5.90E-04,1.00E-05,5.00E-05,3.00E-05,3.00E-05,6.00E-05,0,8.30E-04,7.00E-05,6.00E-05,1.10E-04,2.50E-04,5.00E-05,7.00E-05,1.30E-04,130.21,34.96,95.25,2.67,4.81,5.02,1.45,2.44,2.76,7.4,3.33,1.7,3.38,1.14,1.57,4.86,6.47,70.23,4.29,3.16,2.83,0.7,3.02,10.98,10.81
3,11,246081,시금치죽_HS,0610960000a,시금치: 생것,50,14.5,2.43,0.195,0.195,0,1.675,1.675,0,1.55,0.3,1.25,0.2,0,0.1,0.1,0,0,0,44.8,0.895,215.1665,430.333,0,2582,0,0,0,0.55,0.4845,0.475,0,0.065,0,0.01,0,0,0,194.91,194.91,0,25.56,0.0625,0.0955,0.3535,0.5095,0.24,0.1135,0,85,85,0,0,0.4735,0,0.011,33,33,0,37.5,11.5,0,345.5,38.5,1.245,1.245,0,0.62,47.5,0,0.3135,0.52,1.05,0,3.08,0,0.2605,0.043,0.031,0.187,0.112,0.0885,0.098,0,0,0,0,0,0,0,5.00E-04,0,0,0.026,0,0,0,0.0015,0.007,0.023,0.023,0.0885,0.075,0,0,0.001,0,0,0,0,0,0,0.0015,0.001,0,0,0,0,0,0.0105,0.0015,0,0,0,0,0,1339,617,722,53,111.5,94,24,68.5,66.5,9.5,72,34,84,47.5,24.5,77,143.5,219,75.5,65,70,0,48.5,125.5,236.5
3,11,246081,시금치죽_HS,1610400001b,후추: 분말,0.1,0.306,0.056,0.0041,0.0041,0,0.0113,0.0113,0,0.02458,0,0,0,0,0,0,0,0,0,0.0151,0.0038,0.011,0.022,0,0.132,0,0,0,0,0,0,0,0,0,0,0,0,0,0.1637,0,0,0,1.10E-04,2.20E-04,0.0011,0,0,0,3.40E-04,0.01,0,0,0,0,0,0,0.281,0.281,0,0.167,0.046,0,1.103,0,0.0195,0.0195,0,0.00142,1.1,0,0.00563,0.0082,0.0031,0,0,0,0,0,0,0,0,0,0,0,0,0,0,0,0,0,0,0,0,0,0,0,0,0,0,0,0,0,0,0,0,0,0,0,0,0,0,0,0,0,0,0,0,0,0,0,0,0,0,0,0,0,0,0,0,0,0,0,0,0,0,0,0,0,0,0,0,0,0,0,0,0,0,0,0,0,0
3,11,246081,시금치죽_HS,0120010500a,멥쌀: 논벼: 백미 (국내산): 일반형: 일품,45,158.85,35.325,0.045,0.045,0,2.565,2.565,0,0.432,0,0,0,0,0,0,0,0,0,6.93,0.135,0.14985,0.30015,0,1.8,0,0,0,0,0,0,0,0,0,0,0,0,0,0,0,0,0,0.063,0.009,0.405,0,0,0,0,0,0,0,0,0,0,0,2.7,2.7,0,34.65,2.25,0,41.4,0,0.63,0.63,0,0,0,0,0,0,0,0,0,0,0,0,0,0,0,0,0,0,0,0,0,0,0,0,0,0,0,0,0,0,0,0,0,0,0,0,0,0,0,0,0,0,0,0,0,0,0,0,0,0,0,0,0,0,0,0,0,0,0,0,0,0,0,0,0,0,0,0,0,0,0,0,0,0,0,0,0,0,0,0,0,0,0,0,0
3,11,246081,시금치죽_HS,1610180001a,소금: 식염,1,0,0,0,0,0,0,0,0,0,0,0,0,0,0,0,0,0,0,0.003,0.997,0,0,0,0,0,0,0,0,0,0,0,0,0,0,0,0,0,0,0,0,0,0,0,0,0,0,0,0,0,0,0,0,0,0,0,0.4,0.4,0,0,335.97,0,1.35,0.24,0.002,0.002,0,0,0,0,0,0,0,0,0,0,0,0,0,0,0,0,0,0,0,0,0,0,0,0,0,0,0,0,0,0,0,0,0,0,0,0,0,0,0,0,0,0,0,0,0,0,0,0,0,0,0,0,0,0,0,0,0,0,0,0,0,0,0,0,0,0,0,0,0,0,0,0,0,0,0,0,0,0,0,0,0,0,0,0,0
1,13,11003,쌀밥,0120010500a,멥쌀: 논벼: 백미 (국내산): 일반형: 일품,90,317.7,70.65,0.09,0.09,0,5.13,5.13,0,0.864,0,0,0,0,0,0,0,0,0,13.86,0.27,0.2997,0.6003,0,3.6,0,0,0,0,0,0,0,0,0,0,0,0,0,0,0,0,0,0.126,0.018,0.81,0,0,0,0,0,0,0,0,0,0,0,5.4,5.4,0,69.3,4.5,0,82.8,0,1.26,1.26,0,0,0,0,0,0,0,0,0,0,0,0,0,0,0,0,0,0,0,0,0,0,0,0,0,0,0,0,0,0,0,0,0,0,0,0,0,0,0,0,0,0,0,0,0,0,0,0,0,0,0,0,0,0,0,0,0,0,0,0,0,0,0,0,0,0,0,0,0,0,0,0,0,0,0,0,0,0,0,0,0,0,0,0,0
3,7,246070,쌈무_HS,0610571700g,쌈무: 초절임,30,4.5,0.93,0.009,0.009,0,0.162,0.162,0,0.69,0.33,0.36,0.43800002,0.027,0.23099999,0.18,0,0,0,28.5,0.399,0,0,0,0,0,0,0,0.003,9.00E-04,0,0,0,0,0.003,0,0,0,0,0,0,0.417,0.0114,0,0.0882,0.17040001,0.0855,0.0026999998,0,2.1,2.1,0,0,0,0,0.0021000002,4.8,4.8,0,3,120,0,41.4,1.5,0.048,0.048,0,0.024,1.2,0,0.0111,0,0.321,0,0.162,0,0.0096,0.0039,0.0012,0.0045,0.0045,0.0027,0.0015,0,0,0,0,0,0,0,0,0,0,0.003,0,0,0,9.00E-04,3.00E-04,6.00E-04,0.0015,0.0027,0,0,0,0,0,0,0,0,0,0,0,0,0,0,0,0,0,0,0,3.00E-04,0,0,0,0,111.6,37.8,73.8,3.6,4.8,3,0,3.9,4.5,4.8,4.2,1.5,7.5,3.3,1.2,3.9,10.5,42,8.7,0,4.2,0,1.2,12,12.6
2,6,132004,양상추샐러드,0611190100a,오이: 개량종: 생것,30,4.2,0.915,0.006,0.006,0,0.366,0.366,0,0.21,0.18,0.03,0.414,0,0.207,0.207,0,0,0,28.56,0.153,1.5249001,3.0501,0,18.3,0,0,0,0.015,0.0096,0.009,0,0.006,0,0,0,0,0,6.057,6.057,0,3.375,6.00E-04,0.0102,0.0273,0.0768,0,0.0273,0,3,3,0,0,0.1005,0.489,0.0021000002,5.4,5.4,0,11.7,0.9,0,58.8,4.2,0.06,0.06,0,0.072,6.6,0,0.1749,0.147,0.099,0,0.432,0,0.0069,0.0024,0,0.0045,0.0045,0.0021,0.0024,0,0,0,0,0,0,0,0,0,0,0.0024,0,0,0,0,0,0,0.0024,0.0021,0,0,0,0,0,0,0,0,0,0,0,0,0,0,0,0,0,0,0,0,0,0,0,0,199.8,64.2,135.6,6.6,11.1,4.5,2.4,6.6,8.1,3,7.8,3.3,10.8,5.1,1.8,8.4,13.5,85.8,7.2,3.6,10.2,0,4.2,14.7,25.5
2,6,132004,양상추샐러드,0610851400a,상추: 양상추,30,5.4,1.38,0,0,0,0.18,0.18,0,0.45,0.18,0.27,0,0,0,0,0,0,0,28.35,0.09,1.95,3.9,0,23.4,0,0,0,0,0,0,0,0,0,0,0,0,0,0,0,0,0,0.057,0.006,0.09,0,0,0,0,0,0,0,0,0,0,0,4.5,4.5,0,5.1,0.6,0,53.7,0,0.12,0.12,0,0,0,0,0,0,0,0,0,0,0,0,0,0,0,0,0,0,0,0,0,0,0,0,0,0,0,0,0,0,0,0,0,0,0,0,0,0,0,0,0,0,0,0,0,0,0,0,0,0,0,0,0,0,0,0,0,0,0,0,0,0,0,0,0,0,0,0,0,0,0,0,0,0,0,0,0,0,0,0,0,0,0,0,0
2,6,132004,양상추샐러드,1610130001i,마요네즈,13,85.28,0.299,9.789,0,9.789,0.247,0,0.247,0,0,0,0.195,0,0,0,0,0,0,3.081,0.156,2.535,2.6,2.47,0.78,0,0,0,0,0,0,0,0,0,0,0,0,0,5.486,0,0,0,0.0026,0.0039,0.013,0,0,0,0.0052,0.806,0,0,0.0338,0.0286,0.026,0,2.73,0,2.73,4.29,71.63,0,2.73,0,0.104,0,0.104,0.0208,2.6,0.00117,0,0,0.221,0,0,7.8,9.38119,1.43819,2.06466,5.87847,5.3027,0.63531,5.24316,0,0,0,0,0,0,0,0.00884,0,0,0.94406,0.00884,0,0,0.4147,2.03814,0,4.66739,0.63531,0.57577,0,0.03523,0.01768,0,0,0,0,0,0,0,0.03523,0,0,0,0,0,0,0,0,0,0,0,0,0,0,0,0,0,0,0,0,0,0,0,0,0,0,0,0,0,0,0,0,0,0,0,0,0
2,6,132004,양상추샐러드,0611620200a,피망: 푸른것,5,1.1,0.268,0.002,0.002,0,0.045,0.045,0,0.135,0.025,0.11,0.0675,0,0.031,0.0365,0,0,0,4.66,0.025,0.825,1.65,0,9.9,0,0,0,0.006,0.006,0.006,0,0,0,0,0,0,0,1.047,1.047,0,1.076,6.50E-04,0.002,0.0461,0,0.0027,0.043399997,0,1.35,1.35,0,0,0,0.234,3.50E-04,0.7,0.7,0,1.25,0.05,0,9.35,0.6,0.025,0.025,0,0.0035,1.85,0,0.003,0,0.0165,0,0.4235,0,0.0039,9.00E-04,1.00E-04,0.0029,8.00E-04,2.00E-04,0.0027,0,0,0,0,0,0,0,0,0,0,5.50E-04,0,0,0,2.00E-04,5.00E-05,5.00E-05,6.00E-04,2.00E-04,0.0021,0,5.00E-05,0,0,0,0,0,0,0,0,5.00E-05,0,0,0,0,0,0,0,0,0,0,0,0,33.35,12.2,21.15,1.15,2.1,2.1,0.45,1.25,1.6,0,1.3,0.65,1.6,1,0.7,1.7,5.55,7.6,1.5,1.1,2,0,1.15,2.25,4.55
2,6,132004,양상추샐러드,0610400000a,당근: 생것,5,1.55,0.3515,0.0065,0.0065,0,0.051,0.051,0,0.155,0.035,0.12,0.3115,0.136,0.094,0.0815,0,0,0,4.555,0.036,22.983349,45.9667,0,275.8,0,0,0,0.0365,0.03405,0.033,0,0,0,0.0035,0,0,0,0.723,0.723,0,0.151,0.00185,0.0031,0.0441,0.04995,0.0441,0,0,1.1,1.1,0,0,0.0093,0.0445,6.00E-04,1.2,1.2,0,2.1,1.15,0,14.95,0.7,0.014,0.014,0,0.0055,0.9,0,0.0025,0,0.137,0,0.1145,0,0.0064,0.0016,2.50E-04,0.00455,0.0045499997,4.00E-04,0.00415,0,0,0,0,0,0,0,0,0,0,0.0014,0,0,0,1.00E-04,1.50E-04,1.00E-04,0.00415,4.00E-04,0,0,5.00E-05,0,0,0,0,0,0,0,0,5.00E-05,0,0,0,0,0,0,5.00E-05,0,0,0,0,0,40.05,12.35,27.7,1.3,1.8,1.55,0.4,1.35,1.5,0.35,1.75,0.65,1.7,1.05,0.35,4.75,6.65,10.45,1.15,1.2,2.1,0,0.75,2.75,4.85
2,6,132004,양상추샐러드,1610360002i,토마토케첩,3,4.05,0.9519,0.0024,0.0024,0,0.0534,0.0534,0,0.12,0.069,0.051,0.6228,0.1311,0.1131,0.17969999,0,0.1986,0,1.878,0.1143,1.14999,2.30001,0,13.8,0,0,0,0.0237,0.0237,0.0237,0,0,0,0,0,0,0,0,0,0,0.2724,7.80E-04,0.00408,0.0102,0.01353,9.00E-04,0.0093,0,0.57,0.57,0,0,0.01122,0.1494,5.70E-04,0.6,0.6,0,1.08,31.89,0,14.31,0.6,0.0039,0.0039,0,0.0054,2.4,0,0.00426,0,0.1587,0,0.1866,0,0.00315,0.00105,1.50E-04,0.00195,0.0015,0,0.00195,0,0,0,0,0,0,0,0,0,0,9.00E-04,0,0,0,1.50E-04,1.50E-04,0,0.0015,0,4.50E-04,0,0,0,0,0,0,0,0,0,0,0,0,0,0,0,0,0,0,0,0,0,0,0,35.19,7.14,28.05,0.63,1.08,0.42,0.12,1.23,1.05,0.21,0.69,0.78,0.93,0.33,0.21,1.59,4.92,18.84,0.72,0.42,1.02,0,0.33,1.77,2.4
1,10,246074,얼갈이나물_HS,0611570300a,파: 소파(실파),0.6,0.096,0.0192,6.00E-04,6.00E-04,0,0.009,0.009,0,0.01068,0,0,0,0,0,0,0,0,0,0.5658,0.0054,0.36,0.72,0,4.32,0,0,0,0,0,0,0,0,0,0,0,0,0,0,0,0,0.144,3.00E-04,4.80E-04,0.0024,0,0,0,0,0,0,0,0,0,0,0,0.45,0.45,0,0.234,0.012,0,1.626,0.078174,0.0048,0.0048,0,0.003564,0,0,0,0,0,0,0,0,5.64E-04,1.56E-04,2.40E-05,3.84E-04,1.98E-04,0,3.84E-04,0,0,0,0,0,0,0,6.00E-06,0,0,1.32E-04,0,0,0,1.80E-05,2.40E-05,0,1.98E-04,0,1.86E-04,0,0,0,0,0,0,0,0,0,0,0,0,0,0,0,0,0,0,0,0,0,0,0,0,0,0,0,0,0,0,0,0,0,0,0,0,0,0,0,0,0,0,0,0,0,0,0,0
1,10,246074,얼갈이나물_HS,0610710800a,배추: 얼갈이: 생것,45,6.3,1.251,0.036,0.036,0,0.549,0.549,0,1.125,0.36,0.765,0.2475,0,0.17999999,0.0675,0,0,0,42.75,0.414,55.94985,111.9,0,671.4,0,0,0,0.144,0.144,0.144,0,0,0,0,0,0,0,61.1235,61.1235,0,9.828,0.03105,0.04905,0.2007,0.22365,0,0.2007,0,17.55,17.55,0,0,0.1152,0,0.014400001,85.5,85.5,0,20.7,24.3,0,71.55,16.2,0.171,0.171,0,0.2025,15.75,0,0.05445,1.647,0.279,0,6.6645,0,0.05715,0.01125,0.0054,0.0405,0.022499999,0.01935,0.0216,0,0,0,0,0,0,0,0,0,0,0.00765,0,0,0,0.0036,9.00E-04,0.0045,0.00315,0.01935,0.01845,0,0,0,0,0,0,0,0,0,0,0,0,0,0,0,0,0,0,0,0,0,0,0,388.8,176.4,212.4,16.2,34.2,13.95,0,24.75,20.25,1.35,22.05,10.35,33.3,0.9,0,23.85,41.85,94.95,19.8,10.8,20.25,0,0,27,72.45
1,10,246074,얼갈이나물_HS,1610060001i,깨소금 가루: 볶은것 ,0.3,1.914,0.0411,0.1701,0.1701,0,0.0543,0.0543,0,0.05379,0,0,0,0,0,0,0,0,0,0.0207,0.0138,0,0,0,0,0,0,0,0,0,0,0,0,0,0,0,0,0,0,0,0,0,0.00153,4.20E-04,0,0,0,0,0,0,0,0,0,0,0,0,3.669,3.669,0,1.92,0,0,0,1.059,0.057,0.057,0,0.01533,0,0,0,0,0,0,0,0,0.168852,0.022263,0.068586,0.078,0.077226,0,0.078,0,0,0,0,0,0,0,0,0,0,0.014412,0,0,0,0.007851,0.068586,0,0.077226,0,7.74E-04,0,0,0,0,0,0,0,0,0,0,0,0,0,0,0,0,0,0,0,0,0,0,0,0,0,0,0,0,0,0,0,0,0,0,0,0,0,0,0,0,0,0,0,0,0,0,0,0
1,10,246074,얼갈이나물_HS,1420140000a,참기름,0.6,5.502,8.40E-04,0.59754,0.59754,0,0,0,0,0,0,0,0,0,0,0,0,0,0,0.0012,4.20E-04,0.0055019995,0.010998,0,0.066,0,0,0,0.25512,0.034662,0.01044,0,0.24114,0.00354,0,0,0,0,0.05472,0.05472,0,0,0,4.20E-04,0,0,0,0,0,0,0,0,0,0,0.02298,9.00E-05,0.258,0.258,0,0.594,0.096,0,0.336,0.21,0.0105,0.0105,0,0.00294,0.504,0,9.36E-04,0,0,0,0,0,0.57342,0.087882,0.229014,0.254778,0.25293,0.003204,0.251574,0,0,0,0,0,0,0,0,0,0,0.052158,7.86E-04,4.08E-04,0,0.030828,0.222012,0.005298,0.249726,0.003204,0.001848,0,0.003468,9.18E-04,0,0,0,0,0,0,0,5.40E-04,0,0,0,0,0,0,4.80E-04,0,0.001746,0,0.001746,0,0.24599999,0.084,0.162,0.012,0.042,0,0.006,0,0.006,0,0.018,0,0,0,0.012,0.018,0.006,0.03,0.012,0.072,0.012,0,0.018,0,0.072
1,10,246074,얼갈이나물_HS,1610180001a,소금: 식염,0.6,0,0,0,0,0,0,0,0,0,0,0,0,0,0,0,0,0,0,0.0018,0.5982,0,0,0,0,0,0,0,0,0,0,0,0,0,0,0,0,0,0,0,0,0,0,0,0,0,0,0,0,0,0,0,0,0,0,0,0.24,0.24,0,0,201.582,0,0.81,0.144,0.0012,0.0012,0,0,0,0,0,0,0,0,0,0,0,0,0,0,0,0,0,0,0,0,0,0,0,0,0,0,0,0,0,0,0,0,0,0,0,0,0,0,0,0,0,0,0,0,0,0,0,0,0,0,0,0,0,0,0,0,0,0,0,0,0,0,0,0,0,0,0,0,0,0,0,0,0,0,0,0,0,0,0,0,0,0,0,0,0
1,10,246074,얼갈이나물_HS,0610500100a,마늘: 국내산: 생것,0.6,0.768,0.15852,9.60E-04,9.60E-04,0,0.0447,0.0447,0,0.0228,0.0096,0.0138,0.00138,0,0.00138,0,0,0,0,0.3888,0.00726,0,0,0,0,0,0,0,0.0012,0.0012,0.0012,0,0,0,0,0,0,0,0,0,0,0.0507,8.70E-04,9.66E-04,0.002988,0.0047700005,0.0028080002,1.80E-04,0,0.552,0.552,0,0,0.006504,0.02304,6.48E-04,0.072,0.072,0,0.936,0.018,0,3.186,0.144,0.00468,0.00468,0,0.00396,0.21,0,0.001506,0.00666,0.02076,0,0.06474,0,8.88E-04,3.30E-04,1.08E-04,4.56E-04,4.56E-04,0,4.56E-04,0,0,0,0,0,0,0,1.20E-05,0,0,2.94E-04,0,0,0,1.20E-05,1.02E-04,0,4.56E-04,0,0,0,0,0,0,0,0,0,0,0,0,6.00E-06,0,0,0,0,0,0,6.00E-06,0,0,0,0,0,31.644003,15.93,15.714001,0.6,1.176,1.242,0.276,1.008,0.834,0.108,1.026,0.558,9.102,0.708,0.648,0.876,4.458,6.402,0.9,0.672,1.05,0,0.924,1.824,2.802
2,6,246053,연근검은깨강정_HS,1420150000a,콩기름,8,73.2,0.0528,7.9448,7.9448,0,0,0,0,0,0,0,0,0,0,0,0,0,0,0,0.0024,0,0,0,0,0,0,0,3.9416,0.7676,0.48080003,0.0648,2.1792,1.2168,0,0,0,0,8.4128,8.4128,0,0,0,0,0,0,0,0,0,0,0,0,0,0,0,0,0,0,0,0,0,0,0,0,0,0,0,0,0,0,0,0.2112,0.4712,0,0,0,7.59896,1.16936,1.7368,4.58272,4.58272,0.52464,4.05816,0,0,0,0,0,0,0,0.00624,0,0,0.81712,0.00632,0.00648,0,0.278,1.55968,0.11248,4.05816,0.52464,0,0,0.024,0.05832,0,0,0,0,0,0,0,0.0276,0,0,0,0,0,0,0.00992,0,0.110080004,0.0023999999,0.05416,0.05352,0,0,0,0,0,0,0,0,0,0,0,0,0,0,0,0,0,0,0,0,0,0,0,0,0
2,6,246053,연근검은깨강정_HS,1610180001a,소금: 식염,1,0,0,0,0,0,0,0,0,0,0,0,0,0,0,0,0,0,0,0.003,0.997,0,0,0,0,0,0,0,0,0,0,0,0,0,0,0,0,0,0,0,0,0,0,0,0,0,0,0,0,0,0,0,0,0,0,0,0.4,0.4,0,0,335.97,0,1.35,0.24,0.002,0.002,0,0,0,0,0,0,0,0,0,0,0,0,0,0,0,0,0,0,0,0,0,0,0,0,0,0,0,0,0,0,0,0,0,0,0,0,0,0,0,0,0,0,0,0,0,0,0,0,0,0,0,0,0,0,0,0,0,0,0,0,0,0,0,0,0,0,0,0,0,0,0,0,0,0,0,0,0,0,0,0,0,0,0,0,0
2,6,246053,연근검은깨강정_HS,0611150000a,연근: 생것,35,26.25,6.048,0.0245,0.0245,0,0.5705,0.5705,0,1.155,0.315,0.84,0.6335,0.56700003,0,0.0665,0,0,0,28,0.357,0,0,0,0,0,0,0,0.119,0.119,0.119,0,0,0,0,0,0,0,0,0,0,9.9225,0.03045,0.0434,0.0476,0.1358,0,0.0476,0,2.45,2.45,0,0,0.1169,1.2285,0.0049,9.8,9.8,0,26.25,7.35,0,167.3,8.05,0.28,0.28,0,0.084,45.15,0,0.6629,3.654,0.175,0,0.9625,0,0.02625,0.007,0.0028,0.0168,0.0139999995,0.0021,0.0147,0,0,0,0,0,0,0,0,0,0,0.0063,0,0,0,7.00E-04,0.00245,3.50E-04,0.0119,0.0021,0.0028,0,0,0,0,0,0,0,0,0,0,0,0,0,0,0,0,0,0,0,0,0,0,0,488.6,156.45,332.15,11.9,16.8,15.75,6.3,16.1,16.45,5.25,16.45,11.9,39.55,10.15,7.7,17.5,200.55,54.25,11.2,11.55,19.25,0,14,31.5,45.15
2,6,246053,연근검은깨강정_HS,1010010001a,달걀: 전란: 생것,20,27.2,0.158,1.65,0,1.65,2.582,0,2.582,0,0,0,0.022,0,0.022,0,0,0,0,15.42,0.19,24.2334,24.2666,24.2,0.4,0.208,0,0.20799999,0.394,0.2798,0.264,0,0.116,0,0.014,0,0,0,2.116,0,2.116,0,0.0138,0.0644,0.0072,0.48260003,0,0.0072,0.0224,11.2,11.2,0,0.236,0.3064,4.762,0.005,9.4,0,9.4,34.6,27.8,0,25.4,2.4,0.384,0,0.384,0.24,8.4,0,0.0062,5.974,6.582,0,0.948,60.662,1.4552,0.5162,0.6868,0.2456,0.21199998,0.0156,0.23,0,0,0,2.00E-04,0,2.00E-04,0,0.0056,0.0012,1.00E-03,0.3636,0.043,0.005,0,0.1208,0.6054,0.0324,0.2076,0.0044,2.00E-04,0,4.00E-04,0.0038,0.0022,0,0.0028,0,0.017,0,8.00E-04,2.00E-04,0,0,0.001,0,0.01,0.018199999,4.00E-04,8.00E-04,0.0066,0.0034000003,0.0016000001,0.0016000001,2494,1270.2,1223.8,141.8,223,201.2,81.2,128.4,111.4,28.6,150,55.6,149,105,37.4,144.8,254.4,324.2,86,90.6,178.4,3,118.6,262,514.8
2,6,246053,연근검은깨강정_HS,0110061000a,밀가루: 튀김가루,10,36.7,7.841,0.08,0.08,0,0.722,0.722,0,0.22,0.06,0.16,0,0,0,0,0,0,0,1.07,0.287,0,0,0,0,0,0,0,0.106,0.028600002,0.018000001,0.01,0,0,0.007,0.070999995,0,0,0,0,0,0,0.0128,0.0062,0.0292,0.0884,0.0131,0.0161,0,2.3,2.3,0,0.135,0,0,7.00E-04,7.2,7.2,0,33,87.6,0,13.7,1.8,0.089,0.089,0,0.097,7.1,0,0.0618,0,1.628,0,0.717,0,0.0798,0.0216,0.0085,0.0495,0.0458,0.0027,0.0468,0,0,0,0,0,0,0,2.00E-04,0,1.00E-04,0.0195,0,0,0,0.0016,0.0073,7.00E-04,0.0431,0.0027,0.0037,0,0,2.00E-04,0,0,0,0,0,0,0,0,0,0,0,0,0,0,2.00E-04,2.00E-04,2.00E-04,0,2.00E-04,0,706.3,239.3,467,22.7,53.9,19.2,11.8,35.3,21.4,3.6,29.6,15.8,26,21.3,15.9,24,47.1,227.9,25.3,69.6,35.9,0,27.7,60.2,106.2
3,10,246088,열무겉절이_HS,0520010004e,참깨: 흰깨: 볶은것,0.5,2.785,0.10915,0.22555,0.22555,0,0.1298,0.1298,0,0.0705,0.0085,0.062,0,0,0,0,0,0,0,0.013,0.0225,0.0054149996,0.010835,0,0.065,0,0,0,0.1149,0.01193,6.00E-04,0,0.1129,0.0014,0,0,0,0,0,0,0,0,0.001725,0.01466,0.018735,0.047420003,0.017339999,0.001395,0,0.75,0.75,0,0,0.00314,0,0,4.27,4.27,0,3.51,0.01,0,2.295,1.765,0.03195,0.03195,0,0.02555,5.515,0,0.00652,0,0.01655,0,0.1929,0,0.216495,0.03549,0.08835,0.09238,0.091515,8.60E-04,0.09152,0,0,0,0,0,0,0,4.50E-05,0,0,0.020855,3.05E-04,1.65E-04,0,0.01255,0.08561,0.00202,0.090655,8.60E-04,7.45E-04,0,0.00138,3.90E-04,1.20E-04,0,0,0,0,0,0,2.80E-04,0,0,0,0,0,4.50E-05,1.75E-04,2.50E-05,2.75E-04,1.00E-04,1.30E-04,4.50E-05,107.985,50.605,57.38,3.885,7.74,3.07,2.86,5.065,4.025,1.725,4.93,2.82,14.485,3.795,2.24,5.385,9.31,21.775,5.82,3.825,5.23,0,5.1,10.585,16.555
3,10,246088,열무겉절이_HS,0610571200a,무: 열무,25,3.5,0.4975,0.0525,0.0525,0,0.52,0.52,0,0.325,0.025,0.3,0,0,0,0,0,0,0,23.625,0.305,56.20825,112.417,0,674.5,0,0,0,0.0775,0.0775,0.0775,0,0,0,0,0,0,0,86.404,86.404,0,1.8125,0.011,0.024,0.08975,0.09,0.00925,0.08075,0,17.75,17.75,0,0,0.06425,0.035,0.0025,39,39,0,11,12,0,81.5,11.5,0.425,0.425,0,0.0825,7,0,0.04175,3.6975,0.2425,0,4.2825,0,0.062,0.00925,0.00725,0.04575,0.0325,0.028,0.01775,0,0,0,0,0,0,0,2.50E-04,0,0,0.007,0,0,0,7.50E-04,0.001,0.006,0.0045,0.028,0.013,0,0,0,0,0,0,0,2.50E-04,0,7.50E-04,0,0,0,0,0,0,0,5.00E-04,2.50E-04,0,0,0,0,206.5,102.25,104.25,11,16,16.75,5.75,9.25,9.25,0,15.25,5,14,1.5,4.5,16.5,19.25,28,13.25,11.25,10,0,10.25,10.75,42.25
3,10,246088,열무겉절이_HS,0611190100a,오이: 개량종: 생것,20,2.8,0.61,0.004,0.004,0,0.244,0.244,0,0.14,0.12,0.02,0.276,0,0.138,0.138,0,0,0,19.04,0.102,1.0166,2.0334,0,12.2,0,0,0,0.01,0.0064000003,0.006,0,0.0039999997,0,0,0,0,0,4.038,4.038,0,2.25,4.00E-04,0.0068,0.0182,0.051200002,0,0.018199999,0,2,2,0,0,0.067,0.326,0.0014000001,3.6,3.6,0,7.8,0.6,0,39.2,2.8,0.04,0.04,0,0.048,4.4,0,0.1166,0.098,0.066,0,0.288,0,0.0046,0.0016,0,0.003,0.003,0.0014,0.0016,0,0,0,0,0,0,0,0,0,0,0.0016,0,0,0,0,0,0,0.0016,0.0014,0,0,0,0,0,0,0,0,0,0,0,0,0,0,0,0,0,0,0,0,0,0,0,0,133.2,42.8,90.4,4.4,7.4,3,1.6,4.4,5.4,2,5.2,2.2,7.2,3.4,1.2,5.6,9,57.2,4.8,2.4,6.8,0,2.8,9.8,17
3,10,246088,열무겉절이_HS,0611100100a,양파: 국내산: 생것,10,2.9,0.667,0.004,0.004,0,0.095,0.095,0,0.17,0,0.17,0.574,0.065,0.27899998,0.22999999,0,0,0,9.2,0.033,0.0167,0.0333,0,0.2,0,0,0,0,0,0,0,0,0,0,0,0,0,0,0,0,0.588,0.0035,0.0011,0.0099,0.028600002,0.0095,4.00E-04,0,1.1,1.1,0,0,0.0106,0.057,0.0011,1.5,1.5,0,2.7,0.3,0,14.5,0.8,0.02,0.02,0,0.015,0.7,0,0.0176,0,0.117,0,0.053,0,0.0038,0.0011,6.00E-04,0.0021,0.0018,1.00E-04,0.002,0,0,0,0,0,0,0,0,0,0,9.00E-04,0,0,0,1.00E-04,6.00E-04,0,0.0017,1.00E-04,2.00E-04,0,0,0,0,0,0,0,0,0,0,0,0,0,0,0,0,0,2.00E-04,0,0,0,0,0,74,36.8,37.2,1.9,3.7,4.5,0.6,3,2.1,1.1,2.4,1.3,16.2,1.5,0.9,1.8,7.5,20.2,2,1.4,1.9,0,1.5,5.6,8
3,10,246088,열무겉절이_HS,0611010000a,쑥갓: 생것,10,1.5,0.235,0.017,0.017,0,0.193,0.193,0,0.24,0.08,0.16,0,0,0,0,0,0,0,9.46,0.095,20.6,41.2,0,247.2,0,0,0,0.012,0.0075000003,0.007,0,0.005,0,0,0,0,0,19.137,19.137,0,1.04,0.0029,0.0088,0.0155,0,0.0154,1.00E-04,0,11.5,11.5,0,0,0,0.089,0,9.1,9.1,0,3.6,14.5,0,23.9,1.8,0.079,0.079,0,0.026,7.2,0,0.0114,0,0.114,0,0.69,0,0.0217,0.0037,4.00E-04,0.0176,0.012399999,0.0084,0.0092,0,0,0,0,0,0,0,0,0,0,0.0031,1.00E-04,0,0,2.00E-04,2.00E-04,2.00E-04,0.004,0.0084,0.0051,0,1.00E-04,0,0,0,0,0,0,0,0,1.00E-04,0,0,0,0,0,0,2.00E-04,0,0,0,0,0,134.1,68.1,66,8.5,9.4,8.2,3.3,9.5,5.5,0,11.5,2.7,9.5,1.5,1.4,6.9,21.2,16.9,5.9,6.4,5.8,0,4.7,11,29.4
3,10,246088,열무겉절이_HS,1610010004i,간장: 재래간장,10,3.4,0.247,0.003,0.003,0,0.592,0.592,0,0.04,0.04,0,0.029,0,0.012,0.017,0,0,0,7.06,2.101,0,0,0,0,0,0,0,0,0,0,0,0,0,0,0,0,0,0,0,0,0,0.0141,0.0109,0.0866,0.2107,0.063599996,0.023,0.0026,3.2,3.2,0,0.029,0.0615,0.545,6.00E-04,3.9,3.9,0,12.1,799.9,0,65.7,20.8,0.066,0.066,0,0.039,0,0,0.0373,0.211,4.906,0,3.56,0,0.0011,3.00E-04,2.00E-04,4.00E-04,4.00E-04,0,4.00E-04,0,0,0,0,0,0,0,0,0,0,2.00E-04,0,0,0,1.00E-04,2.00E-04,0,4.00E-04,0,0,0,0,0,0,0,0,0,0,0,0,0,0,0,0,0,0,0,0,0,1.00E-04,0,0,1.00E-04,405.2,143.2,262,14.5,21.2,30.2,7.3,14.4,14.3,7.4,18,8.4,7.5,6.6,2.6,38.1,65.5,90,18.9,23.1,17.2,0,9.9,28.4,53.7
3,10,246088,열무겉절이_HS,0611570400a,파: 중파,3,0.63,0.1272,0.0042,0.0042,0,0.0519,0.0519,0,0.033,0,0.033,0.035099998,0,0.013499999,0.0177,0,6.00E-04,0.0033,2.79,0.0267,2.1975,4.395,0,26.37,0,0,0,0.0156,0.01134,0.0108,0,0.0033,6.00E-04,6.00E-04,0,3.00E-04,0,3.9585,3.9585,0,0.4107,9.00E-04,0.00441,0.00348,0.0060300003,9.90E-04,0.0024899999,0,1.74,1.74,0,0,0.02211,0,6.00E-04,2.16,2.16,0,1.29,0,0,9.72,0.48,0.0795,0.0795,0,0.0219,0.84,0,0.03903,0,0.0207,0,0.0981,0,0.00489,0.00126,1.20E-04,0.00348,0.00264,0.00129,0.00219,0,0,0,0,0,0,0,3.00E-05,0,0,9.30E-04,0,0,0,9.00E-05,1.20E-04,0,0.00135,0.00129,8.40E-04,0,3.00E-05,0,0,0,0,0,0,0,3.00E-05,6.00E-05,0,0,0,0,0,0,9.00E-05,0,0,0,0,0,33.24,13.05,20.19,1.71,2.16,1.74,0.3,1.26,1.95,0.15,1.44,0.78,1.56,1.2,0.3,1.35,4.08,8.28,1.53,1.14,2.31,0,0.6,2.61,5.31
3,10,246088,열무겉절이_HS,0610500100a,마늘: 국내산: 생것,2,2.56,0.5284,0.0032,0.0032,0,0.149,0.149,0,0.076,0.032,0.046,0.0046,0,0.0046,0,0,0,0,1.296,0.0242,0,0,0,0,0,0,0,0.004,0.004,0.004,0,0,0,0,0,0,0,0,0,0,0.169,0.0029,0.00322,0.00996,0.0159,0.00936,6.00E-04,0,1.84,1.84,0,0,0.02168,0.0768,0.0021600001,0.24,0.24,0,3.12,0.06,0,10.62,0.48,0.0156,0.0156,0,0.0132,0.7,0,0.00502,0.0222,0.0692,0,0.2158,0,0.00296,0.0011,3.60E-04,0.00152,0.0015199999,0,0.00152,0,0,0,0,0,0,0,4.00E-05,0,0,9.80E-04,0,0,0,4.00E-05,3.40E-04,0,0.00152,0,0,0,0,0,0,0,0,0,0,0,0,2.00E-05,0,0,0,0,0,0,2.00E-05,0,0,0,0,0,105.48,53.1,52.38,2,3.92,4.14,0.92,3.36,2.78,0.36,3.42,1.86,30.34,2.36,2.16,2.92,14.86,21.34,3,2.24,3.5,0,3.08,6.08,9.34
3,10,246088,열무겉절이_HS,1610040001b,고추가루,2,6.38,1.2124,0.168,0.168,0,0.2658,0.2658,0,0.754,0.126,0.628,0.349,0,0.1288,0.2202,0,0,0,0.25,0.1038,12.27166,24.5433,0,147.26,0,0,0,0.7332,0.5515,0.5282,0.014199999,0.1498,0.040999997,0,0,0,0,1.38104,1.3810401,0,0,0.00854,0.04318,0.16866,0.19129999,0.01674,0.15192,0,1.9,1.9,0,0,0.00488,1.5044,0.00114,1.58,1.58,0,6.84,0.26,0,50.82,3.1,0.0978,0.0978,0,0.054,13.88,0,0.0293,0.2084,0.0784,0,0.372,0,0.16076,0.02956,0.01838,0.11186,0.11158,0.0072,0.10466,0,0,0,0,0,5.00E-04,0,0.00178,0,6.00E-05,0.02202,0.00112,2.40E-04,0,0.00372,0.01468,0.0023999999,0.10438,0.0072,2.00E-04,0,5.00E-04,1.60E-04,1.00E-04,0,0,0,0,0,2.00E-05,3.80E-04,0,0,0,0,0,0,3.40E-04,0,9.80E-04,4.00E-05,8.40E-04,1.00E-04,212.46,78.9,133.56,7.1,14.12,9.48,2.58,8.2,8.66,1.36,9.76,3.76,13.88,6.26,5,10.78,45.26,33.96,10.92,14.92,6.46,0,7.58,15.82,30.98
3,10,246088,열무겉절이_HS,0310050003a,설탕: 백설탕,1,3.87,0.9996,1.00E-04,1.00E-04,0,0,0,0,0,0,0,0.997,0.997,0,0,0,0,0,0,3.00E-04,0,0,0,0,0,0,0,0,0,0,0,0,0,0,0,0,0,0,0,0,0,0,0.00594,0,0,0,0,0,0,0,0,0,0.0011,0,0,0.04,0.04,0,0,0.01,0,0.01,0.01,0.0013,0.0013,0,0,0,0,0,0,0.0171,0,0.0503,0,8.00E-05,8.00E-05,0,0,0,0,0,0,0,0,0,0,0,0,6.00E-05,0,0,2.00E-05,0,0,0,1.00E-05,0,0,0,0,0,0,0,0,0,0,0,0,0,0,0,0,0,0,0,0,0,0,0,0,0,0,0,0,0.02,0,0.02,0,0,0,0,0,0,0,0,0,0,0,0.02,0,0,0,0,0,0,0,0.02,0,0
3,10,246088,열무겉절이_HS,1420140000a,참기름,1,9.17,0.0014,0.9959,0.9959,0,0,0,0,0,0,0,0,0,0,0,0,0,0,0.002,7.00E-04,0.0091699995,0.01833,0,0.11,0,0,0,0.4252,0.05777,0.0174,0,0.4019,0.0058999998,0,0,0,0,0.0912,0.0912,0,0,0,7.00E-04,0,0,0,0,0,0,0,0,0,0,0.0383,1.50E-04,0.43,0.43,0,0.99,0.16,0,0.56,0.35,0.0175,0.0175,0,0.0049,0.84,0,0.00156,0,0,0,0,0,0.9557,0.14647,0.38169,0.42463,0.42154998,0.00534,0.41929,0,0,0,0,0,0,0,0,0,0,0.08693,0.00131,6.80E-04,0,0.05138,0.37002,0.00883,0.41621,0.00534,0.00308,0,0.00578,0.00153,0,0,0,0,0,0,0,9.00E-04,0,0,0,0,0,0,8.00E-04,0,0.00291,0,0.00291,0,0.41,0.14,0.27,0.02,0.07,0,0.01,0,0.01,0,0.03,0,0,0,0.02,0.03,0.01,0.05,0.02,0.12,0.02,0,0.03,0,0.12
2,13,246083,오이상추무침_HS,1420140000a,참기름,3,27.51,0.0042,2.9877,2.9877,0,0,0,0,0,0,0,0,0,0,0,0,0,0,0.006,0.0021,0.02751,0.05499,0,0.33,0,0,0,1.2756,0.17331,0.0522,0,1.2056999,0.0177,0,0,0,0,0.2736,0.27359998,0,0,0,0.0021,0,0,0,0,0,0,0,0,0,0,0.1149,4.50E-04,1.29,1.29,0,2.97,0.48,0,1.68,1.05,0.0525,0.0525,0,0.0147,2.52,0,0.00468,0,0,0,0,0,2.8671,0.43941,1.14507,1.27389,1.26465,0.01602,1.25787,0,0,0,0,0,0,0,0,0,0,0.26079,0.00393,0.0020400002,0,0.15414,1.11006,0.026490001,1.24863,0.01602,0.00924,0,0.01734,0.00459,0,0,0,0,0,0,0,0.0027,0,0,0,0,0,0,0.0024,0,0.00873,0,0.00873,0,1.23,0.42,0.81,0.06,0.21,0,0.03,0,0.03,0,0.09,0,0,0,0.06,0.09,0.03,0.15,0.06,0.36,0.06,0,0.09,0,0.36
2,13,246083,오이상추무침_HS,0611100100a,양파: 국내산: 생것,10,2.9,0.667,0.004,0.004,0,0.095,0.095,0,0.17,0,0.17,0.574,0.065,0.27899998,0.22999999,0,0,0,9.2,0.033,0.0167,0.0333,0,0.2,0,0,0,0,0,0,0,0,0,0,0,0,0,0,0,0,0.588,0.0035,0.0011,0.0099,0.028600002,0.0095,4.00E-04,0,1.1,1.1,0,0,0.0106,0.057,0.0011,1.5,1.5,0,2.7,0.3,0,14.5,0.8,0.02,0.02,0,0.015,0.7,0,0.0176,0,0.117,0,0.053,0,0.0038,0.0011,6.00E-04,0.0021,0.0018,1.00E-04,0.002,0,0,0,0,0,0,0,0,0,0,9.00E-04,0,0,0,1.00E-04,6.00E-04,0,0.0017,1.00E-04,2.00E-04,0,0,0,0,0,0,0,0,0,0,0,0,0,0,0,0,0,2.00E-04,0,0,0,0,0,74,36.8,37.2,1.9,3.7,4.5,0.6,3,2.1,1.1,2.4,1.3,16.2,1.5,0.9,1.8,7.5,20.2,2,1.4,1.9,0,1.5,5.6,8
2,13,246083,오이상추무침_HS,0610851201a,상추: 로메인: 생것,10,2.9,0.64,0.02,0.02,0,0.18,0.18,0,0,0,0,0,0,0,0,0,0,0,9.06,0.1,9.125,18.25,0,109.5,0,0,0,0,0,0,0,0,0,0,0,0,0,0,0,0,4.5,0.023,0.016,0.04,0,0,0,0,0,0,0,0,0,0,0,8.4,8.4,0,3.3,16.1,0,22.2,0,0.87,0.87,0,0,0,0,0,0,0,0,0,0,0,0,0,0,0,0,0,0,0,0,0,0,0,0,0,0,0,0,0,0,0,0,0,0,0,0,0,0,0,0,0,0,0,0,0,0,0,0,0,0,0,0,0,0,0,0,0,0,0,0,0,0,0,0,0,0,0,0,0,0,0,0,0,0,0,0,0,0,0,0,0,0,0,0,0
2,13,246083,오이상추무침_HS,1610180001a,소금: 식염,1.8,0,0,0,0,0,0,0,0,0,0,0,0,0,0,0,0,0,0,0.0054,1.7946,0,0,0,0,0,0,0,0,0,0,0,0,0,0,0,0,0,0,0,0,0,0,0,0,0,0,0,0,0,0,0,0,0,0,0,0.72,0.72,0,0,604.746,0,2.43,0.432,0.0036,0.0036,0,0,0,0,0,0,0,0,0,0,0,0,0,0,0,0,0,0,0,0,0,0,0,0,0,0,0,0,0,0,0,0,0,0,0,0,0,0,0,0,0,0,0,0,0,0,0,0,0,0,0,0,0,0,0,0,0,0,0,0,0,0,0,0,0,0,0,0,0,0,0,0,0,0,0,0,0,0,0,0,0,0,0,0,0
2,13,246083,오이상추무침_HS,1610050001i,고추장,5,10.85,2.15,0.12,0.12,0,0.295,0.295,0,0.21,0,0,0,0,0,0,0,0,0,1.925,0.41,10.53335,21.0667,0,126.4,0,0,0,0,0,0,0,0,0,0,0,0,0,0.37,0,0,0,0.0105,0.0125,0.135,0,0,0,0.0135,1.08,0,0,0,0.00495,0,0,2.75,2.75,0,7.25,125.5,0,20.3,0,0.095,0.095,0,0.0095,7.5,0,0.04,0,0,0,0,0,0,0,0,0,0,0,0,0,0,0,0,0,0,0,0,0,0,0,0,0,0,0,0,0,0,0,0,0,0,0,0,0,0,0,0,0,0,0,0,0,0,0,0,0,0,0,0,0,0,0,0,0,0,0,0,0,0,0,0,0,0,0,0,0,0,0,0,0,0,0,0,0,0,0,0
2,13,246083,오이상추무침_HS,0611190100a,오이: 개량종: 생것,45,6.3,1.3725,0.009,0.009,0,0.549,0.549,0,0.315,0.27,0.045,0.621,0,0.3105,0.3105,0,0,0,42.84,0.2295,2.28735,4.57515,0,27.45,0,0,0,0.0225,0.014400001,0.0135,0,0.009,0,0,0,0,0,9.0855,9.085501,0,5.0625,9.00E-04,0.0153,0.04095,0.115200005,0,0.040949997,0,4.5,4.5,0,0,0.15075,0.7335,0.0031500002,8.1,8.1,0,17.55,1.35,0,88.2,6.3,0.09,0.09,0,0.108,9.9,0,0.26235,0.2205,0.1485,0,0.648,0,0.01035,0.0036,0,0.00675,0.00675,0.00315,0.0036,0,0,0,0,0,0,0,0,0,0,0.0036,0,0,0,0,0,0,0.0036,0.00315,0,0,0,0,0,0,0,0,0,0,0,0,0,0,0,0,0,0,0,0,0,0,0,0,299.69998,96.299995,203.40001,9.9,16.65,6.75,3.6,9.9,12.15,4.5,11.7,4.95,16.2,7.65,2.7,12.6,20.25,128.7,10.8,5.4,15.3,0,6.3,22.05,38.25
2,13,246083,오이상추무침_HS,1610040001b,고추가루,2,6.38,1.2124,0.168,0.168,0,0.2658,0.2658,0,0.754,0.126,0.628,0.34900004,0,0.1288,0.22020002,0,0,0,0.25,0.1038,12.271661,24.5433,0,147.26,0,0,0,0.7332,0.5515,0.52820003,0.0142,0.1498,0.041,0,0,0,0,1.38104,1.3810402,0,0,0.00854,0.04318,0.16866,0.1913,0.016740002,0.15192,0,1.9,1.9,0,0,0.00488,1.5044,0.0011400001,1.58,1.58,0,6.84,0.26,0,50.82,3.1,0.0978,0.0978,0,0.054,13.88,0,0.0293,0.2084,0.0784,0,0.372,0,0.16076,0.02956,0.01838,0.11186,0.11158001,0.0072,0.10466,0,0,0,0,0,5.00E-04,0,0.00178,0,6.00E-05,0.02202,0.00112,2.40E-04,0,0.00372,0.01468,0.0024,0.10438,0.0072,2.00E-04,0,5.00E-04,1.60E-04,1.00E-04,0,0,0,0,0,2.00E-05,3.80E-04,0,0,0,0,0,0,3.40E-04,0,9.80E-04,4.00E-05,8.40E-04,1.00E-04,212.46,78.9,133.56,7.1,14.12,9.48,2.58,8.2,8.66,1.36,9.76,3.76,13.88,6.26,5,10.78,45.26,33.96,10.92,14.92,6.46,0,7.58,15.82,30.980001
2,13,246083,오이상추무침_HS,0610500100a,마늘: 국내산: 생것,3,3.84,0.7926,0.0048,0.0048,0,0.2235,0.2235,0,0.114,0.048,0.069,0.0069000004,0,0.0069000004,0,0,0,0,1.944,0.0363,0,0,0,0,0,0,0,0.006,0.006,0.006,0,0,0,0,0,0,0,0,0,0,0.2535,0.00435,0.00483,0.01494,0.023850001,0.014039999,9.00E-04,0,2.76,2.76,0,0,0.03252,0.1152,0.0032400002,0.36,0.36,0,4.68,0.09,0,15.93,0.72,0.0234,0.0234,0,0.0198,1.05,0,0.00753,0.0333,0.1038,0,0.3237,0,0.00444,0.00165,5.40E-04,0.00228,0.00228,0,0.00228,0,0,0,0,0,0,0,6.00E-05,0,0,0.00147,0,0,0,6.00E-05,5.10E-04,0,0.00228,0,0,0,0,0,0,0,0,0,0,0,0,3.00E-05,0,0,0,0,0,0,3.00E-05,0,0,0,0,0,158.22,79.649994,78.57,3,5.88,6.21,1.38,5.04,4.17,0.54,5.13,2.79,45.51,3.54,3.24,4.38,22.29,32.01,4.5,3.36,5.25,0,4.62,9.12,14.01
2,13,246083,오이상추무침_HS,0310050003a,설탕: 백설탕,2,7.74,1.9992,2.00E-04,2.00E-04,0,0,0,0,0,0,0,1.994,1.994,0,0,0,0,0,0,6.00E-04,0,0,0,0,0,0,0,0,0,0,0,0,0,0,0,0,0,0,0,0,0,0,0.01188,0,0,0,0,0,0,0,0,0,0.0022,0,0,0.08,0.08,0,0,0.02,0,0.02,0.02,0.0026,0.0026,0,0,0,0,0,0,0.0342,0,0.1006,0,1.60E-04,1.60E-04,0,0,0,0,0,0,0,0,0,0,0,0,1.20E-04,0,0,4.00E-05,0,0,0,2.00E-05,0,0,0,0,0,0,0,0,0,0,0,0,0,0,0,0,0,0,0,0,0,0,0,0,0,0,0,0,0.04,0,0.04,0,0,0,0,0,0,0,0,0,0,0,0.04,0,0,0,0,0,0,0,0.04,0,0
1,2,131030,오이지무침,0611190500g,오이: 오이지,55,5.5,1.155,0.066,0.066,0,0.3465,0.3465,0,0.715,0.165,0.55,0.5885,0,0.28599998,0.3025,0,0,0,50.875,2.5575,0.32065,0.64185,0,3.85,0,0,0,0,0,0,0,0,0,0,0,0,0,13.992,13.992001,0,0,0.0132,0.0022,0.0088,0.10615,0,0.0088,0,0,0,0,0,0,0,0.00605,23.1,23.1,0,4.4,905.85,0,30.25,1.65,0.2145,0.2145,0,0.176,15.95,0,0.01375,4.5705,1.4575,0,0.7205,0,0.06875,0.022,0.00165,0.0451,0.0451,0.0286,0.0165,0,0,0,0,0,0,0,0.0011,0,0,0.01815,0,0,0,0.00275,0.00165,0,0.0165,0.0286,0,0,0,0,0,0,0,0,0,0,0,0,0,0,0,0,0,0,0,0,0,0,0,0,255.75,124.85,130.9,13.75,23.1,11,4.95,14.3,13.75,6.05,15.95,6.05,15.95,11,3.85,14.3,24.2,42.35,13.2,7.15,14.85,0,8.8,31.35,52.8
1,2,131030,오이지무침,0611570300a,파: 소파(실파),2,0.32,0.064,0.002,0.002,0,0.03,0.03,0,0.0356,0,0,0,0,0,0,0,0,0,1.886,0.018,1.2,2.4,0,14.4,0,0,0,0,0,0,0,0,0,0,0,0,0,0,0,0,0.48,0.001,0.0016,0.008,0,0,0,0,0,0,0,0,0,0,0,1.5,1.5,0,0.78,0.04,0,5.42,0.26058,0.016,0.016,0,0.01188,0,0,0,0,0,0,0,0,0.00188,5.20E-04,8.00E-05,0.00128,6.60E-04,0,0.00128,0,0,0,0,0,0,0,2.00E-05,0,0,4.40E-04,0,0,0,6.00E-05,8.00E-05,0,6.60E-04,0,6.20E-04,0,0,0,0,0,0,0,0,0,0,0,0,0,0,0,0,0,0,0,0,0,0,0,0,0,0,0,0,0,0,0,0,0,0,0,0,0,0,0,0,0,0,0,0,0,0,0,0
1,2,131030,오이지무침,0310050003a,설탕: 백설탕,2,7.74,1.9992,2.00E-04,2.00E-04,0,0,0,0,0,0,0,1.994,1.994,0,0,0,0,0,0,6.00E-04,0,0,0,0,0,0,0,0,0,0,0,0,0,0,0,0,0,0,0,0,0,0,0.01188,0,0,0,0,0,0,0,0,0,0.0022,0,0,0.08,0.08,0,0,0.02,0,0.02,0.02,0.0026,0.0026,0,0,0,0,0,0,0.0342,0,0.1006,0,1.60E-04,1.60E-04,0,0,0,0,0,0,0,0,0,0,0,0,1.20E-04,0,0,4.00E-05,0,0,0,2.00E-05,0,0,0,0,0,0,0,0,0,0,0,0,0,0,0,0,0,0,0,0,0,0,0,0,0,0,0,0,0.04,0,0.04,0,0,0,0,0,0,0,0,0,0,0,0.04,0,0,0,0,0,0,0,0.04,0,0
1,2,131030,오이지무침,1610040001b,고추가루,2,6.38,1.2124,0.168,0.168,0,0.2658,0.2658,0,0.754,0.126,0.628,0.349,0,0.1288,0.2202,0,0,0,0.25,0.1038,12.27166,24.5433,0,147.26,0,0,0,0.7332,0.5515,0.5282,0.014199999,0.1498,0.040999997,0,0,0,0,1.38104,1.3810401,0,0,0.00854,0.04318,0.16866,0.19129999,0.01674,0.15192,0,1.9,1.9,0,0,0.00488,1.5044,0.00114,1.58,1.58,0,6.84,0.26,0,50.82,3.1,0.0978,0.0978,0,0.054,13.88,0,0.0293,0.2084,0.0784,0,0.372,0,0.16076,0.02956,0.01838,0.11186,0.11158,0.0072,0.10466,0,0,0,0,0,5.00E-04,0,0.00178,0,6.00E-05,0.02202,0.00112,2.40E-04,0,0.00372,0.01468,0.0023999999,0.10438,0.0072,2.00E-04,0,5.00E-04,1.60E-04,1.00E-04,0,0,0,0,0,2.00E-05,3.80E-04,0,0,0,0,0,0,3.40E-04,0,9.80E-04,4.00E-05,8.40E-04,1.00E-04,212.46,78.9,133.56,7.1,14.12,9.48,2.58,8.2,8.66,1.36,9.76,3.76,13.88,6.26,5,10.78,45.26,33.96,10.92,14.92,6.46,0,7.58,15.82,30.98
1,2,131030,오이지무침,0610500100a,마늘: 국내산: 생것,1,1.28,0.2642,0.0016,0.0016,0,0.0745,0.0745,0,0.038,0.016,0.023,0.0023,0,0.0023,0,0,0,0,0.648,0.0121,0,0,0,0,0,0,0,0.002,0.002,0.002,0,0,0,0,0,0,0,0,0,0,0.0845,0.00145,0.00161,0.00498,0.00795,0.00468,3.00E-04,0,0.92,0.92,0,0,0.01084,0.0384,0.0010800001,0.12,0.12,0,1.56,0.03,0,5.31,0.24,0.0078,0.0078,0,0.0066,0.35,0,0.00251,0.0111,0.0346,0,0.1079,0,0.00148,5.50E-04,1.80E-04,7.60E-04,7.60E-04,0,7.60E-04,0,0,0,0,0,0,0,2.00E-05,0,0,4.90E-04,0,0,0,2.00E-05,1.70E-04,0,7.60E-04,0,0,0,0,0,0,0,0,0,0,0,0,1.00E-05,0,0,0,0,0,0,1.00E-05,0,0,0,0,0,52.74,26.55,26.19,1,1.96,2.07,0.46,1.68,1.39,0.18,1.71,0.93,15.17,1.18,1.08,1.46,7.43,10.67,1.5,1.12,1.75,0,1.54,3.04,4.67
1,2,131030,오이지무침,1420140000a,참기름,1,9.17,0.0014,0.9959,0.9959,0,0,0,0,0,0,0,0,0,0,0,0,0,0,0.002,7.00E-04,0.0091699995,0.01833,0,0.11,0,0,0,0.4252,0.05777,0.0174,0,0.4019,0.0058999998,0,0,0,0,0.0912,0.0912,0,0,0,7.00E-04,0,0,0,0,0,0,0,0,0,0,0.0383,1.50E-04,0.43,0.43,0,0.99,0.16,0,0.56,0.35,0.0175,0.0175,0,0.0049,0.84,0,0.00156,0,0,0,0,0,0.9557,0.14647,0.38169,0.42463,0.42154998,0.00534,0.41929,0,0,0,0,0,0,0,0,0,0,0.08693,0.00131,6.80E-04,0,0.05138,0.37002,0.00883,0.41621,0.00534,0.00308,0,0.00578,0.00153,0,0,0,0,0,0,0,9.00E-04,0,0,0,0,0,0,8.00E-04,0,0.00291,0,0.00291,0,0.41,0.14,0.27,0.02,0.07,0,0.01,0,0.01,0,0.03,0,0,0,0.02,0.03,0.01,0.05,0.02,0.12,0.02,0,0.03,0,0.12
1,2,131030,오이지무침,1610060001i,깨소금 가루: 볶은것 ,0.5,3.19,0.0685,0.2835,0.2835,0,0.0905,0.0905,0,0.08965,0,0,0,0,0,0,0,0,0,0.0345,0.023,0,0,0,0,0,0,0,0,0,0,0,0,0,0,0,0,0,0,0,0,0,0.00255,7.00E-04,0,0,0,0,0,0,0,0,0,0,0,0,6.115,6.115,0,3.2,0,0,0,1.765,0.095,0.095,0,0.02555,0,0,0,0,0,0,0,0,0.28142,0.037105,0.11431,0.13,0.12871,0,0.13,0,0,0,0,0,0,0,0,0,0,0.02402,0,0,0,0.013085,0.11431,0,0.12871,0,0.00129,0,0,0,0,0,0,0,0,0,0,0,0,0,0,0,0,0,0,0,0,0,0,0,0,0,0,0,0,0,0,0,0,0,0,0,0,0,0,0,0,0,0,0,0,0,0,0,0
1,5,246032,우민찌곤약조림_HS,0310050003a,설탕: 백설탕,3,11.61,2.9988,3.00E-04,3.00E-04,0,0,0,0,0,0,0,2.991,2.991,0,0,0,0,0,0,9.00E-04,0,0,0,0,0,0,0,0,0,0,0,0,0,0,0,0,0,0,0,0,0,0,0.01782,0,0,0,0,0,0,0,0,0,0.0033,0,0,0.12,0.12,0,0,0.03,0,0.03,0.03,0.0039,0.0039,0,0,0,0,0,0,0.0513,0,0.1509,0,2.40E-04,2.40E-04,0,0,0,0,0,0,0,0,0,0,0,0,1.80E-04,0,0,6.00E-05,0,0,0,3.00E-05,0,0,0,0,0,0,0,0,0,0,0,0,0,0,0,0,0,0,0,0,0,0,0,0,0,0,0,0,0.06,0,0.06,0,0,0,0,0,0,0,0,0,0,0,0.06,0,0,0,0,0,0,0,0.06,0,0
1,5,246032,우민찌곤약조림_HS,0611570300a,파: 소파(실파),2,0.32,0.064,0.002,0.002,0,0.03,0.03,0,0.0356,0,0,0,0,0,0,0,0,0,1.886,0.018,1.2,2.4,0,14.4,0,0,0,0,0,0,0,0,0,0,0,0,0,0,0,0,0.48,0.001,0.0016,0.008,0,0,0,0,0,0,0,0,0,0,0,1.5,1.5,0,0.78,0.04,0,5.42,0.26058,0.016,0.016,0,0.01188,0,0,0,0,0,0,0,0,0.00188,5.20E-04,8.00E-05,0.00128,6.60E-04,0,0.00128,0,0,0,0,0,0,0,2.00E-05,0,0,4.40E-04,0,0,0,6.00E-05,8.00E-05,0,6.60E-04,0,6.20E-04,0,0,0,0,0,0,0,0,0,0,0,0,0,0,0,0,0,0,0,0,0,0,0,0,0,0,0,0,0,0,0,0,0,0,0,0,0,0,0,0,0,0,0,0,0,0,0,0
1,5,246032,우민찌곤약조림_HS,1420150000a,콩기름,2,18.3,0.0132,1.9862,1.9862,0,0,0,0,0,0,0,0,0,0,0,0,0,0,0,6.00E-04,0,0,0,0,0,0,0,0.9854,0.1919,0.12020001,0.0162,0.5448,0.3042,0,0,0,0,2.1032,2.1032,0,0,0,0,0,0,0,0,0,0,0,0,0,0,0,0,0,0,0,0,0,0,0,0,0,0,0,0,0,0,0,0.0528,0.1178,0,0,0,1.89974,0.29234,0.4342,1.14568,1.14568,0.13116,1.01454,0,0,0,0,0,0,0,0.00156,0,0,0.20428,0.00158,0.00162,0,0.0695,0.38992,0.02812,1.01454,0.13116,0,0,0.006,0.01458,0,0,0,0,0,0,0,0.0069,0,0,0,0,0,0,0.00248,0,0.027520001,6.00E-04,0.01354,0.01338,0,0,0,0,0,0,0,0,0,0,0,0,0,0,0,0,0,0,0,0,0,0,0,0,0
1,5,246032,우민찌곤약조림_HS,0610500100a,마늘: 국내산: 생것,1,1.28,0.2642,0.0016,0.0016,0,0.0745,0.0745,0,0.038,0.016,0.023,0.0023,0,0.0023,0,0,0,0,0.648,0.0121,0,0,0,0,0,0,0,0.002,0.002,0.002,0,0,0,0,0,0,0,0,0,0,0.0845,0.00145,0.00161,0.00498,0.00795,0.00468,3.00E-04,0,0.92,0.92,0,0,0.01084,0.0384,0.0010800001,0.12,0.12,0,1.56,0.03,0,5.31,0.24,0.0078,0.0078,0,0.0066,0.35,0,0.00251,0.0111,0.0346,0,0.1079,0,0.00148,5.50E-04,1.80E-04,7.60E-04,7.60E-04,0,7.60E-04,0,0,0,0,0,0,0,2.00E-05,0,0,4.90E-04,0,0,0,2.00E-05,1.70E-04,0,7.60E-04,0,0,0,0,0,0,0,0,0,0,0,0,1.00E-05,0,0,0,0,0,0,1.00E-05,0,0,0,0,0,52.74,26.55,26.19,1,1.96,2.07,0.46,1.68,1.39,0.18,1.71,0.93,15.17,1.18,1.08,1.46,7.43,10.67,1.5,1.12,1.75,0,1.54,3.04,4.67
1,5,246032,우민찌곤약조림_HS,1610060001i,깨소금 가루: 볶은것 ,1,6.38,0.137,0.567,0.567,0,0.181,0.181,0,0.1793,0,0,0,0,0,0,0,0,0,0.069,0.046,0,0,0,0,0,0,0,0,0,0,0,0,0,0,0,0,0,0,0,0,0,0.0051,0.0014,0,0,0,0,0,0,0,0,0,0,0,0,12.23,12.23,0,6.4,0,0,0,3.53,0.19,0.19,0,0.0511,0,0,0,0,0,0,0,0,0.56284,0.07421,0.22862,0.26,0.25742,0,0.26,0,0,0,0,0,0,0,0,0,0,0.04804,0,0,0,0.02617,0.22862,0,0.25742,0,0.00258,0,0,0,0,0,0,0,0,0,0,0,0,0,0,0,0,0,0,0,0,0,0,0,0,0,0,0,0,0,0,0,0,0,0,0,0,0,0,0,0,0,0,0,0,0,0,0,0
1,5,246032,우민찌곤약조림_HS,0910020068a,소고기: 한우(1등급): 앞다리(앞다리살): 생것,35,62.65,0,3.283,0,3.283,7.5355,0,7.5355,0,0,0,0,0,0,0,0,0,0,23.73,0.3185,1.05,1.05,1.05,0,0,0,0,0.126,0.10079999,0.094500005,0.0034999999,0.0139999995,0,0.0105,0,0.0034999999,0,0,0,0,0.3185,0.0259,0.07525,0.7168,1.9599999,0,0.71680003,0,1.05,1.05,0,0.7525,1.1396,0.5005,0.0168,1.4,0,1.4,68.95,18.9,0,112,7.35,0.98,0,0.98,1.7675,20.3,0,0.0056,0,7.6475,0,0.154,21.98,3.136,1.3622,1.59215,0.1099,0.09555,0.0049,0.105,0,0,0,0.00175,0,0.0042,0,0.11935,0.03395,0.0105,0.8351,0.1694,0.03395,0,0.32725,1.30585,0.07385,0.0924,0.00315,0,0,0.0021,0.00875,0.0021,0,0.01015,0,3.50E-04,0,0.00805,3.50E-04,3.50E-04,0,0.00175,0,0,0.0196,3.50E-04,0,0.07175,0.046550002,0.01715,0.0084,7079.45,3402.35,3677.1,340.2,548.45,558.6,157.85,298.55,348.25,74.55,359.8,278.95,437.15,276.15,73.15,429.1,714.35,1233.4,339.85,303.8,307.3,0,231,649.25,1248.45
1,5,246032,우민찌곤약조림_HS,0230020000a,감자이외의 서류: 곤약,15,0,0,0,0,0,0,0,0,0.435,0,0,0,0,0,0,0,0,0,14.565,0,0,0,0,0,0,0,0,0,0,0,0,0,0,0,0,0,0,11.385,0,0,0,0,0,0,0,0,0,0.003,0.3,0,0,0,0,0,0,0,0,0,0,0.75,0,0,0,0,0,0,0.03,3,0,0.0045,0,0,0,0,0,0,0,0,0,0,0,0,0,0,0,0,0,0,0,0,0,0,0,0,0,0,0,0,0,0,0,0,0,0,0,0,0,0,0,0,0,0,0,0,0,0,0,0,0,0,0,0,0,0,0,0,0,0,0,0,0,0,0,0,0,0,0,0,0,0,0,0,0,0,0,0,0,0,0,0
1,5,246032,우민찌곤약조림_HS,1610010001i,간장: 왜간장(개량간장),6,3.24,0.3354,0.0114,0.0114,0,0.4446,0.4446,0,0.054,0.042,0.006,0.16679999,0.042,0.0588,0.065400004,0,0,0,4.32,0.8916,0,0,0,0,0,0,0,0,0,0,0,0,0,0,0,0,0,0,0,0,0,0.01158,0.03216,0.18756,0.21443999,0.10494,0.082619995,0,1.8,1.8,0,0,0.03552,0.1572,0,1.5,1.5,0,7.62,328.56,0,25.32,2.82,0.0654,0.0654,0,0.0228,0,0,0.03828,0.0708,1.8402,0,1.2162,0,3.60E-04,1.80E-04,6.00E-05,6.00E-05,6.00E-05,0,6.00E-05,0,0,0,0,0,0,0,0,0,0,6.00E-05,0,0,0,6.00E-05,6.00E-05,0,6.00E-05,0,0,0,0,0,0,0,0,0,0,0,0,0,0,0,0,0,0,0,0,0,6.00E-05,0,0,6.00E-05,310.44,135.6,174.84,14.58,25.38,9.12,3.3,13.38,12.18,1.62,13.86,6.54,35.64,5.64,3.72,20.4,25.14,73.8,27.9,0,18.24,0,7.02,20.64,53.82
1,5,246032,우민찌곤약조림_HS,0320060001a,물엿,3,9.63,2.4909,0,0,0,6.00E-04,6.00E-04,0,0,0,0,0.66179997,0,0,0,0,0.66179997,0,0.507,0.0015,0,0,0,0,0,0,0,0,0,0,0,0,0,0,0,0,0,0,0,0,0,2.10E-04,0,0,0,0,0,0,0,0,0,0,0,0,0,0,0,0,0,0,0,0,0,0,0,0,0,0,0,0,0,0.0111,0,0,0,0,0,0,0,0,0,0,0,0,0,0,0,0,0,0,0,0,0,0,0,0,0,0,0,0,0,0,0,0,0,0,0,0,0,0,0,0,0,0,0,0,0,0,0,0,0,0,0,0,0,0.42,0.03,0.39,0,0,0,0,0,0.03,0,0,0,0,0,0,0,0.09,0.12,0.09,0,0.09,0,0,0,0
1,4,246065,유채국_HS,1110630101b,멸치: 대멸치: 자건,2,6.04,0,0.109,0,0.109,1.1862,0,1.1862,0,0,0,0,0,0,0,0,0,0,0.384,0.3342,0,0,0,0,0.0256,0,0.0216,0.002,0.00162,0.0016,0,2.00E-04,0,0,0,2.00E-04,0,0,0,0,0,0.0024,0.0022,0,0,0,0,0,1.96,1.96,0,0.5088,0.0089,1.5992,0.00574,41.76,0,41.76,34.52,43.6,0,20.9,4.52,0.2452,0,0.2452,0.1252,4.4,0,0.0266,0,0.0136,0,0,13.3596,0.0794,0.03562,0.01342,0.02946,0.00132,0.02782,0.00144,0,0,0,0,0,1.00E-04,6.00E-05,0.00566,0,6.20E-04,0.01826,0.0046,9.80E-04,0,0.00592,0.00564,0.0018000001,9.20E-04,4.00E-04,4.00E-04,0,0.0019,3.80E-04,0,6.00E-05,8.00E-05,0,6.00E-05,0.00602,8.00E-05,2.80E-04,8.00E-05,2.00E-04,5.40E-04,0,0.0208,0.00104,7.20E-04,9.20E-04,9.00E-04,2.20E-04,2.00E-04,4.80E-04,755.42,362.42,393,37.76,54.38,40.44,29.32,42.56,34.98,12.32,33.22,26.76,50.68,31.38,14.08,46.5,67.2,87,41.08,49.14,30.56,26.06,43.4,86.26,125.36
1,4,246065,유채국_HS,0610500100a,마늘: 국내산: 생것,1,1.28,0.2642,0.0016,0.0016,0,0.0745,0.0745,0,0.038,0.016,0.023,0.0023,0,0.0023,0,0,0,0,0.648,0.0121,0,0,0,0,0,0,0,0.002,0.002,0.002,0,0,0,0,0,0,0,0,0,0,0.0845,0.00145,0.00161,0.00498,0.00795,0.00468,3.00E-04,0,0.92,0.92,0,0,0.01084,0.0384,0.0010800001,0.12,0.12,0,1.56,0.03,0,5.31,0.24,0.0078,0.0078,0,0.0066,0.35,0,0.00251,0.0111,0.0346,0,0.1079,0,0.00148,5.50E-04,1.80E-04,7.60E-04,7.60E-04,0,7.60E-04,0,0,0,0,0,0,0,2.00E-05,0,0,4.90E-04,0,0,0,2.00E-05,1.70E-04,0,7.60E-04,0,0,0,0,0,0,0,0,0,0,0,0,1.00E-05,0,0,0,0,0,0,1.00E-05,0,0,0,0,0,52.74,26.55,26.19,1,1.96,2.07,0.46,1.68,1.39,0.18,1.71,0.93,15.17,1.18,1.08,1.46,7.43,10.67,1.5,1.12,1.75,0,1.54,3.04,4.67
1,4,246065,유채국_HS,0611280100a,유채: 꽃대: 생것,45,15.75,2.7,0.18,0.18,0,1.845,1.845,0,1.89,0,0,0,0,0,0,0,0,0,39.735,0.495,97.50015,195,0,1170,0,0,0,0,0,0,0,0,0,0,0,0,0,112.5,0,0,49.5,0.0495,0.108,0.585,0,0,0,0.117,153,0,0,0,0,0,0,43.65,43.65,0,35.1,5.4,0,184.5,0,0.405,0.405,0,0.315,94.5,0,0.144,0,0,0,0,0,0,0,0,0,0,0,0,0,0,0,0,0,0,0,0,0,0,0,0,0,0,0,0,0,0,0,0,0,0,0,0,0,0,0,0,0,0,0,0,0,0,0,0,0,0,0,0,0,0,0,0,0,0,0,0,0,0,0,0,0,0,0,0,0,0,0,0,0,0,0,0,0,0,0,0
1,4,246065,유채국_HS,1610100003a,된장: 재래된장,15,21.3,1.089,1.0335,1.0335,0,2.04,2.04,0,0.72,0.075,0.645,0.061499998,0,0.033,0.0285,0,0,0,8.73,2.1105,0.08745,0.17505,0,1.05,0,0,0,1.119,0.1215,0.045,0,0.6315,0.4425,0,0,0,0,1.377,1.3770001,0,0,0.0666,0.0276,0.102,0.42345,0.083850004,0.0183,0.01515,4.5,4.5,0,0.0255,0.21825,1.1025,0.00495,17.1,17.1,0,31.2,772.8,0,70.95,28.8,0.4875,0.4875,0,0.2865,69.75,0,0.1899,0.4005,6.432,0,31.449,0,0.939,0.1512,0.19545,0.5895,0.58845,0.0858,0.5037,0,0,0,0,0,0,0,9.00E-04,0,0,0.1068,9.00E-04,0.0012,0,0.03315,0.1788,0.0139500005,0.50265,0.0858,0,0,0.003,0.00165,6.00E-04,0,0,0,4.50E-04,0,3.00E-04,0.00435,0,0,0,0,0,0,0.0015,0,0.0028499998,6.00E-04,0.0010500001,0.0012,1629.15,702.9,926.25,70.2,140.1,106.35,25.2,89.4,68.85,19.35,82.05,37.8,63.6,57.75,26.25,104.4,189.75,285.15,81.3,87.75,93.9,0,51.45,166.5,292.35
1,4,246065,유채국_HS,0611570300a,파: 소파(실파),6,0.96,0.192,0.006,0.006,0,0.09,0.09,0,0.1068,0,0,0,0,0,0,0,0,0,5.658,0.054,3.6,7.2,0,43.2,0,0,0,0,0,0,0,0,0,0,0,0,0,0,0,0,1.44,0.003,0.0048,0.024,0,0,0,0,0,0,0,0,0,0,0,4.5,4.5,0,2.34,0.12,0,16.26,0.78174,0.048,0.048,0,0.03564,0,0,0,0,0,0,0,0,0.00564,0.00156,2.40E-04,0.00384,0.00198,0,0.00384,0,0,0,0,0,0,0,6.00E-05,0,0,0.00132,0,0,0,1.80E-04,2.40E-04,0,0.00198,0,0.00186,0,0,0,0,0,0,0,0,0,0,0,0,0,0,0,0,0,0,0,0,0,0,0,0,0,0,0,0,0,0,0,0,0,0,0,0,0,0,0,0,0,0,0,0,0,0,0,0
1,7,246067,유채죽_HS,0120010500a,멥쌀: 논벼: 백미 (국내산): 일반형: 일품,40,141.2,31.4,0.04,0.04,0,2.28,2.28,0,0.384,0,0,0,0,0,0,0,0,0,6.16,0.12,0.1332,0.2668,0,1.6,0,0,0,0,0,0,0,0,0,0,0,0,0,0,0,0,0,0.056,0.008,0.36,0,0,0,0,0,0,0,0,0,0,0,2.4,2.4,0,30.8,2,0,36.8,0,0.56,0.56,0,0,0,0,0,0,0,0,0,0,0,0,0,0,0,0,0,0,0,0,0,0,0,0,0,0,0,0,0,0,0,0,0,0,0,0,0,0,0,0,0,0,0,0,0,0,0,0,0,0,0,0,0,0,0,0,0,0,0,0,0,0,0,0,0,0,0,0,0,0,0,0,0,0,0,0,0,0,0,0,0,0,0,0,0
1,7,246067,유채죽_HS,0611280100a,유채: 꽃대: 생것,50,17.5,3,0.2,0.2,0,2.05,2.05,0,2.1,0,0,0,0,0,0,0,0,0,44.15,0.55,108.3335,216.667,0,1300,0,0,0,0,0,0,0,0,0,0,0,0,0,125,0,0,55,0.055,0.12,0.65,0,0,0,0.13,170,0,0,0,0,0,0,48.5,48.5,0,39,6,0,205,0,0.45,0.45,0,0.35,105,0,0.16,0,0,0,0,0,0,0,0,0,0,0,0,0,0,0,0,0,0,0,0,0,0,0,0,0,0,0,0,0,0,0,0,0,0,0,0,0,0,0,0,0,0,0,0,0,0,0,0,0,0,0,0,0,0,0,0,0,0,0,0,0,0,0,0,0,0,0,0,0,0,0,0,0,0,0,0,0,0,0,0
1,7,246067,유채죽_HS,1610180001a,소금: 식염,1,0,0,0,0,0,0,0,0,0,0,0,0,0,0,0,0,0,0,0.003,0.997,0,0,0,0,0,0,0,0,0,0,0,0,0,0,0,0,0,0,0,0,0,0,0,0,0,0,0,0,0,0,0,0,0,0,0,0.4,0.4,0,0,335.97,0,1.35,0.24,0.002,0.002,0,0,0,0,0,0,0,0,0,0,0,0,0,0,0,0,0,0,0,0,0,0,0,0,0,0,0,0,0,0,0,0,0,0,0,0,0,0,0,0,0,0,0,0,0,0,0,0,0,0,0,0,0,0,0,0,0,0,0,0,0,0,0,0,0,0,0,0,0,0,0,0,0,0,0,0,0,0,0,0,0,0,0,0,0
2,1,31056,잔치국수,1420140000a,참기름,2,18.34,0.0028,1.9918,1.9918,0,0,0,0,0,0,0,0,0,0,0,0,0,0,0.004,0.0014,0.018339999,0.03666,0,0.22,0,0,0,0.8504,0.11554,0.0348,0,0.8038,0.0117999995,0,0,0,0,0.1824,0.1824,0,0,0,0.0014,0,0,0,0,0,0,0,0,0,0,0.0766,3.00E-04,0.86,0.86,0,1.98,0.32,0,1.12,0.7,0.035,0.035,0,0.0098,1.68,0,0.00312,0,0,0,0,0,1.9114,0.29294,0.76338,0.84926,0.84309995,0.01068,0.83858,0,0,0,0,0,0,0,0,0,0,0.17386,0.00262,0.0013600001,0,0.10276,0.74004,0.01766,0.83242,0.01068,0.00616,0,0.01156,0.00306,0,0,0,0,0,0,0,0.0018,0,0,0,0,0,0,0.0016,0,0.00582,0,0.00582,0,0.82,0.28,0.54,0.04,0.14,0,0.02,0,0.02,0,0.06,0,0,0,0.04,0.06,0.02,0.1,0.04,0.24,0.04,0,0.06,0,0.24
2,1,31056,잔치국수,1610040001b,고추가루,2,6.38,1.2124,0.168,0.168,0,0.2658,0.2658,0,0.754,0.126,0.628,0.349,0,0.1288,0.2202,0,0,0,0.25,0.1038,12.27166,24.5433,0,147.26,0,0,0,0.7332,0.5515,0.5282,0.014199999,0.1498,0.040999997,0,0,0,0,1.38104,1.3810401,0,0,0.00854,0.04318,0.16866,0.19129999,0.01674,0.15192,0,1.9,1.9,0,0,0.00488,1.5044,0.00114,1.58,1.58,0,6.84,0.26,0,50.82,3.1,0.0978,0.0978,0,0.054,13.88,0,0.0293,0.2084,0.0784,0,0.372,0,0.16076,0.02956,0.01838,0.11186,0.11158,0.0072,0.10466,0,0,0,0,0,5.00E-04,0,0.00178,0,6.00E-05,0.02202,0.00112,2.40E-04,0,0.00372,0.01468,0.0023999999,0.10438,0.0072,2.00E-04,0,5.00E-04,1.60E-04,1.00E-04,0,0,0,0,0,2.00E-05,3.80E-04,0,0,0,0,0,0,3.40E-04,0,9.80E-04,4.00E-05,8.40E-04,1.00E-04,212.46,78.9,133.56,7.1,14.12,9.48,2.58,8.2,8.66,1.36,9.76,3.76,13.88,6.26,5,10.78,45.26,33.96,10.92,14.92,6.46,0,7.58,15.82,30.98
2,1,31056,잔치국수,0610500100a,마늘: 국내산: 생것,1,1.28,0.2642,0.0016,0.0016,0,0.0745,0.0745,0,0.038,0.016,0.023,0.0023,0,0.0023,0,0,0,0,0.648,0.0121,0,0,0,0,0,0,0,0.002,0.002,0.002,0,0,0,0,0,0,0,0,0,0,0.0845,0.00145,0.00161,0.00498,0.00795,0.00468,3.00E-04,0,0.92,0.92,0,0,0.01084,0.0384,0.0010800001,0.12,0.12,0,1.56,0.03,0,5.31,0.24,0.0078,0.0078,0,0.0066,0.35,0,0.00251,0.0111,0.0346,0,0.1079,0,0.00148,5.50E-04,1.80E-04,7.60E-04,7.60E-04,0,7.60E-04,0,0,0,0,0,0,0,2.00E-05,0,0,4.90E-04,0,0,0,2.00E-05,1.70E-04,0,7.60E-04,0,0,0,0,0,0,0,0,0,0,0,0,1.00E-05,0,0,0,0,0,0,1.00E-05,0,0,0,0,0,52.74,26.55,26.19,1,1.96,2.07,0.46,1.68,1.39,0.18,1.71,0.93,15.17,1.18,1.08,1.46,7.43,10.67,1.5,1.12,1.75,0,1.54,3.04,4.67
2,1,31056,잔치국수,0611570200a,파: 대파,2.5,0.575,0.12,0.00375,0.00375,0,0.0445,0.0445,0,0.04,0.005,0.035,0.06575,1.00E-03,0.03075,0.03125,0,0,0.00275,2.32,0.01175,0.577075,1.15418,0,6.925,0,0,0,0,0,0,0,0,0,0,0,0,0,2.1885,2.1885,0,0.08875,0.00165,0.00235,0.003575,0.0058,0.0018750001,0.0017000001,0,0.5,0.5,0,0,0.020925,0,3.50E-04,0.6,0.6,0,0.75,0,0,4.525,0.25,0.0205,0.0205,0,0.01975,0.5,0,0.018825,0.2345,0,0,0.04775,0,0.003625,0.001625,2.00E-04,0.0018,0.0017999999,6.25E-04,0.001175,0,0,0,0,0,5.00E-05,0,2.50E-05,0,0,9.25E-04,0,0,0,5.25E-04,2.00E-04,0,0.001175,6.25E-04,0,0,2.50E-05,0,0,0,0,0,0,0,2.50E-05,5.00E-05,0,0,0,0,0,0,0,0,0,0,0,0,27.05,10.2,16.849998,0.875,1.775,1.25,0.3,1.125,1.55,0.125,1.175,0.6,1.425,0.825,0.275,1.2,3.575,7.35,0.975,0.625,2.025,0,0.575,2.075,3.8249998
2,1,31056,잔치국수,0130010201b,국수: 소면: 말린것,45,166.5,33.696,0.5715,0.5715,0,4.662,4.662,0,0.855,0.36,0.54,0.8685,0,0,0,0,0.8685,0,4.5,1.5795,0,0,0,0,0,0,0,0.2835,0.0477,0.018,0.036,0,0,0,0.2295,0,0,0,0,0,0.153,0.05175,0.03555,0.153,0.72675,0.0756,0.0774,0,8.55,8.55,0,0,0.09675,0,0.014400001,8.55,8.55,0,43.2,573.3,0,56.25,11.25,0.369,0.369,0,0.198,40.5,0,0.2394,0,41.85,0,10.0125,0,0.5445,0.153,0.07065,0.31905,0.31904998,0.0162,0.30285,0,0,0,0,0,4.50E-04,0,0.00135,0,9.00E-04,0.13815,4.50E-04,9.00E-04,0,0.0081,0.05985,0.0045,0.30285,0.0162,0,0,9.00E-04,0.00225,0,0,0,0,0,0,0,0.00135,0,0,0,0,0,0,0.00135,0.0036,0.0018000001,0,0.0018000001,0,4358.25,1383.3,2974.95,138.15,303.75,100.35,58.05,212.85,122.85,34.65,164.7,89.55,158.4,127.8,99,130.95,179.55,1583.55,158.4,485.1,210.6,0,157.05,375.3,606.6
2,1,31056,잔치국수,1010010001a,달걀: 전란: 생것,50,68,0.395,4.125,0,4.125,6.455,0,6.455,0,0,0,0.055,0,0.055,0,0,0,0,38.55,0.475,60.5835,60.6665,60.5,1,0.52,0,0.52,0.985,0.6995,0.66,0,0.29,0,0.035,0,0,0,5.29,0,5.29,0,0.0345,0.161,0.018,1.2065,0,0.018,0.056,28,28,0,0.59,0.766,11.905,0.0125,23.5,0,23.5,86.5,69.5,0,63.5,6,0.96,0,0.96,0.6,21,0,0.0155,14.935,16.455,0,2.37,151.655,3.638,1.2905,1.717,0.614,0.53,0.039,0.575,0,0,0,5.00E-04,0,5.00E-04,0,0.014,0.003,0.0025,0.909,0.1075,0.0125,0,0.302,1.5135,0.081,0.519,0.011,5.00E-04,0,0.001,0.0095,0.0055,0,0.007,0,0.0425,0,0.002,5.00E-04,0,0,0.0025,0,0.025,0.0455,0.001,0.002,0.0165,0.0085,0.004,0.004,6235,3175.5,3059.5,354.5,557.5,503,203,321,278.5,71.5,375,139,372.5,262.5,93.5,362,636,810.5,215,226.5,446,7.5,296.5,655,1287
2,1,31056,잔치국수,0611630600a,호박: 애호박: 생것,25,5.5,1.285,0.0225,0.0225,0,0.2675,0.2675,0,0.55,0.175,0.375,0.6075,0,0.2375,0.37,0,0,0,23.275,0.15,5.625,11.25,0,67.5,0,0,0,0.0275,0.0275,0.0275,0,0,0,0,0,0,0,0,0,0,0.7775,0.0095,0.02,0.087,0.1625,0.0065,0.08050001,0,8.25,8.25,0,0,0.131,0,0.00225,3.75,3.75,0,9.5,0,0,56,3.25,0.0575,0.0575,0,0.03,8,0,0.01325,0.2225,0.075,0,2.335,0,0.03225,0.00675,5.00E-04,0.025,0.01475,0.011,0.014,0,0,0,0,0,0,0,0,0,0,0.006,0,0,0,5.00E-04,5.00E-04,0,0.004,0.011,0.01025,0,0,0,0,0,0,0,0,0,0,2.50E-04,0,0,0,0,0,0,0,0,0,0,0,0,195,78.25,116.75,7.25,11.5,9,2.5,9.5,9.75,4.5,9.5,5.25,9.5,7.5,1.25,10.75,34.5,40.25,6.25,7.25,9,0,3.75,21.5,28.25
2,1,31056,잔치국수,1110630003i,멸치: 육수,100,0,0,0,0,0,0.1,0,0.1,0,0,0,0,0,0,0,0,0,0,99.8,0.1,0,0,0,0,0,0,0,0,0,0,0,0,0,0,0,0,0,0,0,0,0,0.01,0,0.4,0,0,0,0,0,0,0,0,0,0,0,3,0,3,4,19,0,16,2,0.1,0,0.1,0,0,0,0,0,0,0,0,0,0,0,0,0,0,0,0,0,0,0,0,0,0,0,0,0,0,0,0,0,0,0,0,0,0,0,0,0,0,0,0,0,0,0,0,0,0,0,0,0,0,0,0,0,0,0,0,0,0,0,0,0,0,0,0,0,0,0,0,0,0,0,0,0,0,0,0,0,0,0,0,0,0,0,0
2,1,31056,잔치국수,1610180001a,소금: 식염,0.15,0,0,0,0,0,0,0,0,0,0,0,0,0,0,0,0,0,0,4.50E-04,0.14955,0,0,0,0,0,0,0,0,0,0,0,0,0,0,0,0,0,0,0,0,0,0,0,0,0,0,0,0,0,0,0,0,0,0,0,0.06,0.06,0,0,50.3955,0,0.2025,0.036,3.00E-04,3.00E-04,0,0,0,0,0,0,0,0,0,0,0,0,0,0,0,0,0,0,0,0,0,0,0,0,0,0,0,0,0,0,0,0,0,0,0,0,0,0,0,0,0,0,0,0,0,0,0,0,0,0,0,0,0,0,0,0,0,0,0,0,0,0,0,0,0,0,0,0,0,0,0,0,0,0,0,0,0,0,0,0,0,0,0,0,0
2,1,31056,잔치국수,1210050010i,다시마 가공(기타): 육수 ,100,1,0.3,0,0,0,0.1,0.1,0,0,0,0,0,0,0,0,0,0,0,99.4,0.2,0,0,0,0,0,0,0,0,0,0,0,0,0,0,0,0,0,0,0,0,0,0.05,0.09,0.5,0,0,0,0,0,0,0,0,0,0,0,2,2,0,3,31,0,86,4,0,0,0,0,0,0,0,0,0,0,0,0,0,0,0,0,0,0,0,0,0,0,0,0,0,0,0,0,0,0,0,0,0,0,0,0,0,0,0,0,0,0,0,0,0,0,0,0,0,0,0,0,0,0,0,0,0,0,0,0,0,0,0,0,0,0,0,0,0,0,0,0,0,0,0,0,0,0,0,0,0,0,0,0,0,0,0
2,1,31056,잔치국수,1610010004i,간장: 재래간장,2.5,0.85,0.06175,7.50E-04,7.50E-04,0,0.148,0.148,0,0.01,0.01,0,0.00725,0,0.003,0.00425,0,0,0,1.765,0.52525,0,0,0,0,0,0,0,0,0,0,0,0,0,0,0,0,0,0,0,0,0,0.003525,0.002725,0.02165,0.052675,0.015899999,0.00575,6.50E-04,0.8,0.8,0,0.00725,0.015375,0.13625,1.50E-04,0.975,0.975,0,3.025,199.975,0,16.425,5.2,0.0165,0.0165,0,0.00975,0,0,0.009325,0.05275,1.2265,0,0.89,0,2.75E-04,7.50E-05,5.00E-05,1.00E-04,1.00E-04,0,1.00E-04,0,0,0,0,0,0,0,0,0,0,5.00E-05,0,0,0,2.50E-05,5.00E-05,0,1.00E-04,0,0,0,0,0,0,0,0,0,0,0,0,0,0,0,0,0,0,0,0,0,2.50E-05,0,0,2.50E-05,101.3,35.8,65.5,3.625,5.3,7.55,1.825,3.6,3.575,1.85,4.5,2.1,1.875,1.65,0.65,9.525,16.375,22.5,4.725,5.775,4.3,0,2.475,7.1,13.425
2,1,31056,잔치국수,0520010004e,참깨: 흰깨: 볶은것,1,5.57,0.2183,0.4511,0.4511,0,0.2596,0.2596,0,0.141,0.017,0.124,0,0,0,0,0,0,0,0.026,0.045,0.010829999,0.02167,0,0.13,0,0,0,0.2298,0.02386,0.0011999999,0,0.2258,0.0028,0,0,0,0,0,0,0,0,0.00345,0.02932,0.03747,0.094840005,0.034679998,0.00279,0,1.5,1.5,0,0,0.00628,0,0,8.54,8.54,0,7.02,0.02,0,4.59,3.53,0.0639,0.0639,0,0.0511,11.03,0,0.01304,0,0.0331,0,0.3858,0,0.43299,0.07098,0.1767,0.18476,0.18303,0.00172,0.18304,0,0,0,0,0,0,0,9.00E-05,0,0,0.04171,6.10E-04,3.30E-04,0,0.0251,0.17122,0.00404,0.18131,0.00172,0.00149,0,0.00276,7.80E-04,2.40E-04,0,0,0,0,0,0,5.60E-04,0,0,0,0,0,9.00E-05,3.50E-04,5.00E-05,5.50E-04,2.00E-04,2.60E-04,9.00E-05,215.97,101.21,114.76,7.77,15.48,6.14,5.72,10.13,8.05,3.45,9.86,5.64,28.97,7.59,4.48,10.77,18.62,43.55,11.64,7.65,10.46,0,10.2,21.17,33.11
2,10,12011,잡곡밥,0120010500a,멥쌀: 논벼: 백미 (국내산): 일반형: 일품,60,211.8,47.1,0.06,0.06,0,3.42,3.42,0,0.576,0,0,0,0,0,0,0,0,0,9.24,0.18,0.1998,0.4002,0,2.4,0,0,0,0,0,0,0,0,0,0,0,0,0,0,0,0,0,0.084,0.012,0.54,0,0,0,0,0,0,0,0,0,0,0,3.6,3.6,0,46.2,3,0,55.2,0,0.84,0.84,0,0,0,0,0,0,0,0,0,0,0,0,0,0,0,0,0,0,0,0,0,0,0,0,0,0,0,0,0,0,0,0,0,0,0,0,0,0,0,0,0,0,0,0,0,0,0,0,0,0,0,0,0,0,0,0,0,0,0,0,0,0,0,0,0,0,0,0,0,0,0,0,0,0,0,0,0,0,0,0,0,0,0,0,0
2,10,12011,잡곡밥,0420010004b,팥: 붉은팥: 말린것: 국내산,10,33.5,5.856,0.107,0.107,0,2.182,2.182,0,1.56,0.12,1.44,0.044999998,0.036000002,0,0,0.005,0.003,0,1.52,0.335,0.0167,0.0333,0,0.2,0,0,0,0.697,0.0429,0.006,0.006,0.191,0.49400002,0,0,0,0,0,0,0,0.429,0.0424,0.0165,0.2503,0.48000002,0.0946,0.1558,0.0369,17.3,17.3,0,0,0.1018,0.067,0.0043,6.4,6.4,0,40,0.2,0,126.3,13.6,0.512,0.512,0,0.239,60.5,0,0.1998,0.119,0.364,0,37.445,0,0.0721,0.025,0.0047,0.0415,0.04,0.0126,0.0289,0,0,0,0,0,0,0,1.00E-04,0,0,0.0198,1.00E-04,3.00E-04,0,0.0026,0.0032,0.0014000001,0.0274,0.0126,0.0011,0,3.00E-04,0,0,0,1.00E-04,0,4.00E-04,0,0,0.0011,0,0,0,0,0,0,6.00E-04,0,9.00E-04,1.00E-04,5.00E-04,2.00E-04,1593,781,812,71.6,133.2,118.2,16.4,99.8,65.9,13.8,92.1,57,113,21,9.5,73,176.4,284,68.9,84,94.9,0.3,25.9,134.6,296.9
2,10,12011,잡곡밥,0110120800a,조: 차조: 도정: 생것,10,37,7.193,0.38,0.38,0,1.09,1.09,0,0.89,0.08,0.81,0.088,0.08,0.007999999,0,0,0,0,1.17,0.171,0.11670001,0.2333,0,1.4,0,0,0,0.369,0.1297,0.103,0,0.252,0,0.005,0,0.009000001,0,0,0,0,0.004,0.0929,0.0102,0.1338,0.3737,0.0911,0.0427,0.0145,7.2,7.2,0,0,0.1049,0.395,0.0034000003,2.5,2.5,0,33.6,0.4,0,33.6,14.1,0.364,0.364,0,0.353,44.6,0,0.1229,0.151,0.267,0,5.069,0,0.3574,0.0578,0.0426,0.2558,0.24630001,0.0122,0.2436,0,0,0,0,0,0,0,1.00E-04,0,3.00E-04,0.0339,2.00E-04,3.00E-04,0,0.0148,0.0397,0.0015,0.2341,0.0122,0.0089,0,0.0046,0.0011,3.00E-04,0,0,0,4.00E-04,0,4.00E-04,0.0024,0,0,0,0,0,1.00E-04,9.00E-04,1.00E-04,0.0012,0,3.00E-04,9.00E-04,895.5,402.5,493,41.2,117.5,20.4,21.9,49.7,32,14.4,53.7,21.5,30.2,11.4,11.8,73.3,66.1,192.6,27.9,69.5,40.4,0,33.7,75.5,212.4
2,10,12011,잡곡밥,0110080200a,수수: 도정: 생것(도정곡),10,37.4,7.363,0.301,0.301,0,1.167,1.167,0,0.474,0,0,0.046,0.038999997,0.007,0,0,0,0,1.02,0.151,0,0,0,0,0,0,0,0.101,0.045199998,0.038999997,0,0.062,0,0,0,0,0,0,0,0,0.034,0.0429,0.0026,0.1595,0.41939998,0.1258,0.0337,0.039,3.1,3.1,0,0,0.0314,0,0.0057,0.8,0.8,0,30.2,0.6,0,36.7,12.3,0.284,0.284,0,0.128,19.7,0,0.1324,1.308,0.17,0,7.994,0,0.2303,0.0436,0.1004,0.0859,0.0858,0.0057,0.0802,0,0,0,0,0,0,0,1.00E-04,0,0,0.0379,0.0011,2.00E-04,0,0.0039,0.0945,0.0037999998,0.0801,0.0057,0,0,7.00E-04,7.00E-04,0,0,0,0,1.00E-04,0,0,3.00E-04,0,0,0,0,0,0,5.00E-04,4.00E-04,4.00E-04,0,1.00E-04,2.00E-04,1057.2,465.8,591.4,48.6,149.8,23.2,11.9,61.9,31.8,15.6,63.8,27.1,32.1,11.8,7.2,101.3,72.7,229.7,29.9,95.9,42.9,0,19.1,89.3,262.2
2,15,246084,잡곡죽_HS,0120010500a,멥쌀: 논벼: 백미 (국내산): 일반형: 일품,45,158.85,35.325,0.045,0.045,0,2.565,2.565,0,0.432,0,0,0,0,0,0,0,0,0,6.93,0.135,0.14985,0.30015,0,1.8,0,0,0,0,0,0,0,0,0,0,0,0,0,0,0,0,0,0.063,0.009,0.405,0,0,0,0,0,0,0,0,0,0,0,2.7,2.7,0,34.65,2.25,0,41.4,0,0.63,0.63,0,0,0,0,0,0,0,0,0,0,0,0,0,0,0,0,0,0,0,0,0,0,0,0,0,0,0,0,0,0,0,0,0,0,0,0,0,0,0,0,0,0,0,0,0,0,0,0,0,0,0,0,0,0,0,0,0,0,0,0,0,0,0,0,0,0,0,0,0,0,0,0,0,0,0,0,0,0,0,0,0,0,0,0,0
2,15,246084,잡곡죽_HS,0420010004b,팥: 붉은팥: 말린것: 국내산,10,33.5,5.856,0.107,0.107,0,2.182,2.182,0,1.56,0.12,1.44,0.044999998,0.036000002,0,0,0.005,0.003,0,1.52,0.335,0.0167,0.0333,0,0.2,0,0,0,0.697,0.0429,0.006,0.006,0.191,0.49400002,0,0,0,0,0,0,0,0.429,0.0424,0.0165,0.2503,0.48000002,0.0946,0.1558,0.0369,17.3,17.3,0,0,0.1018,0.067,0.0043,6.4,6.4,0,40,0.2,0,126.3,13.6,0.512,0.512,0,0.239,60.5,0,0.1998,0.119,0.364,0,37.445,0,0.0721,0.025,0.0047,0.0415,0.04,0.0126,0.0289,0,0,0,0,0,0,0,1.00E-04,0,0,0.0198,1.00E-04,3.00E-04,0,0.0026,0.0032,0.0014000001,0.0274,0.0126,0.0011,0,3.00E-04,0,0,0,1.00E-04,0,4.00E-04,0,0,0.0011,0,0,0,0,0,0,6.00E-04,0,9.00E-04,1.00E-04,5.00E-04,2.00E-04,1593,781,812,71.6,133.2,118.2,16.4,99.8,65.9,13.8,92.1,57,113,21,9.5,73,176.4,284,68.9,84,94.9,0.3,25.9,134.6,296.9
2,15,246084,잡곡죽_HS,0110120800a,조: 차조: 도정: 생것,10,37,7.193,0.38,0.38,0,1.09,1.09,0,0.89,0.08,0.81,0.088,0.08,0.007999999,0,0,0,0,1.17,0.171,0.11670001,0.2333,0,1.4,0,0,0,0.369,0.1297,0.103,0,0.252,0,0.005,0,0.009000001,0,0,0,0,0.004,0.0929,0.0102,0.1338,0.3737,0.0911,0.0427,0.0145,7.2,7.2,0,0,0.1049,0.395,0.0034000003,2.5,2.5,0,33.6,0.4,0,33.6,14.1,0.364,0.364,0,0.353,44.6,0,0.1229,0.151,0.267,0,5.069,0,0.3574,0.0578,0.0426,0.2558,0.24630001,0.0122,0.2436,0,0,0,0,0,0,0,1.00E-04,0,3.00E-04,0.0339,2.00E-04,3.00E-04,0,0.0148,0.0397,0.0015,0.2341,0.0122,0.0089,0,0.0046,0.0011,3.00E-04,0,0,0,4.00E-04,0,4.00E-04,0.0024,0,0,0,0,0,1.00E-04,9.00E-04,1.00E-04,0.0012,0,3.00E-04,9.00E-04,895.5,402.5,493,41.2,117.5,20.4,21.9,49.7,32,14.4,53.7,21.5,30.2,11.4,11.8,73.3,66.1,192.6,27.9,69.5,40.4,0,33.7,75.5,212.4
2,15,246084,잡곡죽_HS,0110080200a,수수: 도정: 생것(도정곡),10,37.4,7.363,0.301,0.301,0,1.167,1.167,0,0.474,0,0,0.046,0.038999997,0.007,0,0,0,0,1.02,0.151,0,0,0,0,0,0,0,0.101,0.045199998,0.038999997,0,0.062,0,0,0,0,0,0,0,0,0.034,0.0429,0.0026,0.1595,0.41939998,0.1258,0.0337,0.039,3.1,3.1,0,0,0.0314,0,0.0057,0.8,0.8,0,30.2,0.6,0,36.7,12.3,0.284,0.284,0,0.128,19.7,0,0.1324,1.308,0.17,0,7.994,0,0.2303,0.0436,0.1004,0.0859,0.0858,0.0057,0.0802,0,0,0,0,0,0,0,1.00E-04,0,0,0.0379,0.0011,2.00E-04,0,0.0039,0.0945,0.0037999998,0.0801,0.0057,0,0,7.00E-04,7.00E-04,0,0,0,0,1.00E-04,0,0,3.00E-04,0,0,0,0,0,0,5.00E-04,4.00E-04,4.00E-04,0,1.00E-04,2.00E-04,1057.2,465.8,591.4,48.6,149.8,23.2,11.9,61.9,31.8,15.6,63.8,27.1,32.1,11.8,7.2,101.3,72.7,229.7,29.9,95.9,42.9,0,19.1,89.3,262.2
1,1,41013,죽:흰죽,0120022000a,멥쌀가공: 죽: 백미: 논벼,300,159,34.35,0.45,0.45,0,2.97,2.97,0,0.18,0,0,0,0,0,0,0,0,0,262.2,0.12,0,0,0,0,0,0,0,0.48,0.342,0.32999998,0,0.03,0,0.03,0,0.089999996,0,0,0,0,0,0.06,0,0.036,0.231,0.036,0,0.051,18,18,0,0,0.441,0,0.03,0,0,0,27,0,0,18,3,0,0,0,0.75,57,0,0.285,0,0.54,0,25.5,0,0.33,0.15,0.066,0.108,0.107999995,0.003,0.102,0,0,0,0.003,0,0.003,0,0.006,0,0,0.123,0,0,0,0.012,0.06,0.003,0.102,0.003,0,0,0,0,0,0,0,0,0,0,0,0,0,0,0,0,0,0,0,0.003,0.006,0,0.003,0.003,1827,627,1200,15,144,33,9,63,60,12,63,27,201,42,54,144,207,411,108,96,138,0,63,117,222
1,1,41013,죽:흰죽,0120022000a,멥쌀가공: 죽: 백미: 논벼,300,159,34.35,0.45,0.45,0,2.97,2.97,0,0.18,0,0,0,0,0,0,0,0,0,262.2,0.12,0,0,0,0,0,0,0,0.48,0.342,0.32999998,0,0.03,0,0.03,0,0.089999996,0,0,0,0,0,0.06,0,0.036,0.231,0.036,0,0.051,18,18,0,0,0.441,0,0.03,0,0,0,27,0,0,18,3,0,0,0,0.75,57,0,0.285,0,0.54,0,25.5,0,0.33,0.15,0.066,0.108,0.107999995,0.003,0.102,0,0,0,0.003,0,0.003,0,0.006,0,0,0.123,0,0,0,0.012,0.06,0.003,0.102,0.003,0,0,0,0,0,0,0,0,0,0,0,0,0,0,0,0,0,0,0,0.003,0.006,0,0.003,0.003,1827,627,1200,15,144,33,9,63,60,12,63,27,201,42,54,144,207,411,108,96,138,0,63,117,222
1,5,246066,참치무조림_HS,1111621000a,다랑어: 후레쉬참치: 동원산업,20,22.2,0.08,0.54,0,0.54,4.28,0,4.28,0,0,0,0,0,0,0,0,0,0,14.76,0.38,0,0,0,0,1.18,0,0,0,0,0,0,0,0,0,0,0,0,8.8,0,0,0,0.01,0.026,2.4,0,0,0,0.086,2.14,0,0,0.44,0.074,0,0,0.6,0,0.6,35.2,86,0,0,0,0.72,0,0.72,0.092,14.2,0,0,0,15.2,0,0,11,0,0,0,0,0,0,0,0,0,0,0,0,0,0,0,0,0,0,0,0,0,0,0,0,0,0,0,0,0,0,0,0,0,0,0,0,0,0,0,0,0,0,0,0,0,0,0,0,0,0,3797.6,2169.4,1628.2,191.6,330.8,351.6,102.4,155.4,159.4,56.6,225.2,365.8,230.6,13.8,32.8,289.4,343.4,489.4,190.8,180.4,88.2,0,135.2,225.8,747.6
1,5,246066,참치무조림_HS,0610571500a,무: 조선무: 뿌리,45,9,1.953,0.054,0.054,0,0.3015,0.3015,0,0.495,0.225,0.315,0.8055,0.022499999,0.3285,0.44550002,0,0,0.009,42.435,0.2475,0.07515,0.14985,0,0.9,0,0,0,0,0,0,0,0,0,0,0,0,0,0,0,0,3.8925,0.02655,0.00945,0.09495,0.15165001,0,0.09495,0.03195,14.85,14.85,0,0,0.0738,0,0.00945,10.35,10.35,0,15.3,4.05,0,117.45,3.6,0.072,0.072,0,0.1845,54.45,0,0.09495,0,0.1575,0,1.656,0,0.03645,0.00945,0.0072,0.0198,0.01215,0.00495,0.01485,0,0,0,0,0,0,0,0,0,0,0.0072,4.50E-04,0,0,0.00225,0.00585,9.00E-04,0.0072,0.00495,0.00765,0,0,0,0,0,0,0,0,0,0,0,0,0,0,0,0,0,0,0,0,0,0,0,224.54999,86.399994,138.15,8.55,12.6,13.95,3.15,8.1,8.55,3.6,13.5,4.5,9.9,2.7,2.25,13.05,21.6,61.65,9,16.65,11.25,0,5.4,14.4,34.65
1,5,246066,참치무조림_HS,0611570300a,파: 소파(실파),5,0.8,0.16,0.005,0.005,0,0.075,0.075,0,0.089,0,0,0,0,0,0,0,0,0,4.715,0.045,3,6,0,36,0,0,0,0,0,0,0,0,0,0,0,0,0,0,0,0,1.2,0.0025,0.004,0.02,0,0,0,0,0,0,0,0,0,0,0,3.75,3.75,0,1.95,0.1,0,13.55,0.65145,0.04,0.04,0,0.0297,0,0,0,0,0,0,0,0,0.0047,0.0013,2.00E-04,0.0032,0.00165,0,0.0032,0,0,0,0,0,0,0,5.00E-05,0,0,0.0011,0,0,0,1.50E-04,2.00E-04,0,0.00165,0,0.00155,0,0,0,0,0,0,0,0,0,0,0,0,0,0,0,0,0,0,0,0,0,0,0,0,0,0,0,0,0,0,0,0,0,0,0,0,0,0,0,0,0,0,0,0,0,0,0,0
1,5,246066,참치무조림_HS,1610010001i,간장: 왜간장(개량간장),5,2.7,0.2795,0.0095,0.0095,0,0.3705,0.3705,0,0.045,0.035,0.005,0.139,0.035,0.049000002,0.054500002,0,0,0,3.6,0.743,0,0,0,0,0,0,0,0,0,0,0,0,0,0,0,0,0,0,0,0,0,0.00965,0.0268,0.1563,0.1787,0.08745,0.068849996,0,1.5,1.5,0,0,0.0296,0.131,0,1.25,1.25,0,6.35,273.8,0,21.1,2.35,0.0545,0.0545,0,0.019,0,0,0.0319,0.059,1.5335,0,1.0135,0,3.00E-04,1.50E-04,5.00E-05,5.00E-05,5.00E-05,0,5.00E-05,0,0,0,0,0,0,0,0,0,0,5.00E-05,0,0,0,5.00E-05,5.00E-05,0,5.00E-05,0,0,0,0,0,0,0,0,0,0,0,0,0,0,0,0,0,0,0,0,0,5.00E-05,0,0,5.00E-05,258.7,113,145.7,12.15,21.15,7.6,2.75,11.15,10.15,1.35,11.55,5.45,29.7,4.7,3.1,17,20.95,61.5,23.25,0,15.2,0,5.85,17.2,44.85
1,5,246066,참치무조림_HS,1610040001b,고추가루,2,6.38,1.2124,0.168,0.168,0,0.2658,0.2658,0,0.754,0.126,0.628,0.349,0,0.1288,0.2202,0,0,0,0.25,0.1038,12.27166,24.5433,0,147.26,0,0,0,0.7332,0.5515,0.5282,0.014199999,0.1498,0.040999997,0,0,0,0,1.38104,1.3810401,0,0,0.00854,0.04318,0.16866,0.19129999,0.01674,0.15192,0,1.9,1.9,0,0,0.00488,1.5044,0.00114,1.58,1.58,0,6.84,0.26,0,50.82,3.1,0.0978,0.0978,0,0.054,13.88,0,0.0293,0.2084,0.0784,0,0.372,0,0.16076,0.02956,0.01838,0.11186,0.11158,0.0072,0.10466,0,0,0,0,0,5.00E-04,0,0.00178,0,6.00E-05,0.02202,0.00112,2.40E-04,0,0.00372,0.01468,0.0023999999,0.10438,0.0072,2.00E-04,0,5.00E-04,1.60E-04,1.00E-04,0,0,0,0,0,2.00E-05,3.80E-04,0,0,0,0,0,0,3.40E-04,0,9.80E-04,4.00E-05,8.40E-04,1.00E-04,212.46,78.9,133.56,7.1,14.12,9.48,2.58,8.2,8.66,1.36,9.76,3.76,13.88,6.26,5,10.78,45.26,33.96,10.92,14.92,6.46,0,7.58,15.82,30.98
1,5,246066,참치무조림_HS,1610180001a,소금: 식염,1,0,0,0,0,0,0,0,0,0,0,0,0,0,0,0,0,0,0,0.003,0.997,0,0,0,0,0,0,0,0,0,0,0,0,0,0,0,0,0,0,0,0,0,0,0,0,0,0,0,0,0,0,0,0,0,0,0,0.4,0.4,0,0,335.97,0,1.35,0.24,0.002,0.002,0,0,0,0,0,0,0,0,0,0,0,0,0,0,0,0,0,0,0,0,0,0,0,0,0,0,0,0,0,0,0,0,0,0,0,0,0,0,0,0,0,0,0,0,0,0,0,0,0,0,0,0,0,0,0,0,0,0,0,0,0,0,0,0,0,0,0,0,0,0,0,0,0,0,0,0,0,0,0,0,0,0,0,0,0
1,5,246066,참치무조림_HS,1610060001i,깨소금 가루: 볶은것 ,0.7,4.466,0.0959,0.3969,0.3969,0,0.1267,0.1267,0,0.12551,0,0,0,0,0,0,0,0,0,0.0483,0.0322,0,0,0,0,0,0,0,0,0,0,0,0,0,0,0,0,0,0,0,0,0,0.00357,9.80E-04,0,0,0,0,0,0,0,0,0,0,0,0,8.561,8.561,0,4.48,0,0,0,2.471,0.133,0.133,0,0.03577,0,0,0,0,0,0,0,0,0.393988,0.051947,0.160034,0.182,0.180194,0,0.182,0,0,0,0,0,0,0,0,0,0,0.033628,0,0,0,0.018319,0.160034,0,0.180194,0,0.001806,0,0,0,0,0,0,0,0,0,0,0,0,0,0,0,0,0,0,0,0,0,0,0,0,0,0,0,0,0,0,0,0,0,0,0,0,0,0,0,0,0,0,0,0,0,0,0,0
1,5,246066,참치무조림_HS,0310050003a,설탕: 백설탕,0.5,1.935,0.4998,5.00E-05,5.00E-05,0,0,0,0,0,0,0,0.4985,0.4985,0,0,0,0,0,0,1.50E-04,0,0,0,0,0,0,0,0,0,0,0,0,0,0,0,0,0,0,0,0,0,0,0.00297,0,0,0,0,0,0,0,0,0,5.50E-04,0,0,0.02,0.02,0,0,0.005,0,0.005,0.005,6.50E-04,6.50E-04,0,0,0,0,0,0,0.00855,0,0.02515,0,4.00E-05,4.00E-05,0,0,0,0,0,0,0,0,0,0,0,0,3.00E-05,0,0,1.00E-05,0,0,0,5.00E-06,0,0,0,0,0,0,0,0,0,0,0,0,0,0,0,0,0,0,0,0,0,0,0,0,0,0,0,0,0.01,0,0.01,0,0,0,0,0,0,0,0,0,0,0,0.01,0,0,0,0,0,0,0,0.01,0,0
2,9,246026,치커리겉절이_HS,1420140000a,참기름,1,9.17,0.0014,0.9959,0.9959,0,0,0,0,0,0,0,0,0,0,0,0,0,0,0.002,7.00E-04,0.0091699995,0.01833,0,0.11,0,0,0,0.4252,0.05777,0.0174,0,0.4019,0.0058999998,0,0,0,0,0.0912,0.0912,0,0,0,7.00E-04,0,0,0,0,0,0,0,0,0,0,0.0383,1.50E-04,0.43,0.43,0,0.99,0.16,0,0.56,0.35,0.0175,0.0175,0,0.0049,0.84,0,0.00156,0,0,0,0,0,0.9557,0.14647,0.38169,0.42463,0.42154998,0.00534,0.41929,0,0,0,0,0,0,0,0,0,0,0.08693,0.00131,6.80E-04,0,0.05138,0.37002,0.00883,0.41621,0.00534,0.00308,0,0.00578,0.00153,0,0,0,0,0,0,0,9.00E-04,0,0,0,0,0,0,8.00E-04,0,0.00291,0,0.00291,0,0.41,0.14,0.27,0.02,0.07,0,0.01,0,0.01,0,0.03,0,0,0,0.02,0.03,0.01,0.05,0.02,0.12,0.02,0,0.03,0,0.12
2,9,246026,치커리겉절이_HS,1610040001b,고추가루,2,6.38,1.2124,0.168,0.168,0,0.2658,0.2658,0,0.754,0.126,0.628,0.349,0,0.1288,0.2202,0,0,0,0.25,0.1038,12.27166,24.5433,0,147.26,0,0,0,0.7332,0.5515,0.5282,0.014199999,0.1498,0.040999997,0,0,0,0,1.38104,1.3810401,0,0,0.00854,0.04318,0.16866,0.19129999,0.01674,0.15192,0,1.9,1.9,0,0,0.00488,1.5044,0.00114,1.58,1.58,0,6.84,0.26,0,50.82,3.1,0.0978,0.0978,0,0.054,13.88,0,0.0293,0.2084,0.0784,0,0.372,0,0.16076,0.02956,0.01838,0.11186,0.11158,0.0072,0.10466,0,0,0,0,0,5.00E-04,0,0.00178,0,6.00E-05,0.02202,0.00112,2.40E-04,0,0.00372,0.01468,0.0023999999,0.10438,0.0072,2.00E-04,0,5.00E-04,1.60E-04,1.00E-04,0,0,0,0,0,2.00E-05,3.80E-04,0,0,0,0,0,0,3.40E-04,0,9.80E-04,4.00E-05,8.40E-04,1.00E-04,212.46,78.9,133.56,7.1,14.12,9.48,2.58,8.2,8.66,1.36,9.76,3.76,13.88,6.26,5,10.78,45.26,33.96,10.92,14.92,6.46,0,7.58,15.82,30.98
2,9,246026,치커리겉절이_HS,0610500100a,마늘: 국내산: 생것,4,5.12,1.0568,0.0064,0.0064,0,0.298,0.298,0,0.152,0.064,0.092,0.0092,0,0.0092,0,0,0,0,2.592,0.0484,0,0,0,0,0,0,0,0.008,0.008,0.008,0,0,0,0,0,0,0,0,0,0,0.338,0.0058,0.00644,0.01992,0.0318,0.01872,0.0011999999,0,3.68,3.68,0,0,0.04336,0.1536,0.0043200003,0.48,0.48,0,6.24,0.12,0,21.24,0.96,0.0312,0.0312,0,0.0264,1.4,0,0.01004,0.0444,0.1384,0,0.4316,0,0.00592,0.0022,7.20E-04,0.00304,0.0030399999,0,0.00304,0,0,0,0,0,0,0,8.00E-05,0,0,0.00196,0,0,0,8.00E-05,6.80E-04,0,0.00304,0,0,0,0,0,0,0,0,0,0,0,0,4.00E-05,0,0,0,0,0,0,4.00E-05,0,0,0,0,0,210.96,106.2,104.76,4,7.84,8.28,1.84,6.72,5.56,0.72,6.84,3.72,60.68,4.72,4.32,5.84,29.72,42.68,6,4.48,7,0,6.16,12.16,18.68
2,9,246026,치커리겉절이_HS,0611570300a,파: 소파(실파),10,1.6,0.32,0.01,0.01,0,0.15,0.15,0,0.178,0,0,0,0,0,0,0,0,0,9.43,0.09,6,12,0,72,0,0,0,0,0,0,0,0,0,0,0,0,0,0,0,0,2.4,0.005,0.008,0.04,0,0,0,0,0,0,0,0,0,0,0,7.5,7.5,0,3.9,0.2,0,27.1,1.3029,0.08,0.08,0,0.0594,0,0,0,0,0,0,0,0,0.0094,0.0026,4.00E-04,0.0064,0.0033,0,0.0064,0,0,0,0,0,0,0,1.00E-04,0,0,0.0022,0,0,0,3.00E-04,4.00E-04,0,0.0033,0,0.0031,0,0,0,0,0,0,0,0,0,0,0,0,0,0,0,0,0,0,0,0,0,0,0,0,0,0,0,0,0,0,0,0,0,0,0,0,0,0,0,0,0,0,0,0,0,0,0,0
2,9,246026,치커리겉절이_HS,1610010004i,간장: 재래간장,10,3.4,0.247,0.003,0.003,0,0.592,0.592,0,0.04,0.04,0,0.029,0,0.012,0.017,0,0,0,7.06,2.101,0,0,0,0,0,0,0,0,0,0,0,0,0,0,0,0,0,0,0,0,0,0.0141,0.0109,0.0866,0.2107,0.063599996,0.023,0.0026,3.2,3.2,0,0.029,0.0615,0.545,6.00E-04,3.9,3.9,0,12.1,799.9,0,65.7,20.8,0.066,0.066,0,0.039,0,0,0.0373,0.211,4.906,0,3.56,0,0.0011,3.00E-04,2.00E-04,4.00E-04,4.00E-04,0,4.00E-04,0,0,0,0,0,0,0,0,0,0,2.00E-04,0,0,0,1.00E-04,2.00E-04,0,4.00E-04,0,0,0,0,0,0,0,0,0,0,0,0,0,0,0,0,0,0,0,0,0,1.00E-04,0,0,1.00E-04,405.2,143.2,262,14.5,21.2,30.2,7.3,14.4,14.3,7.4,18,8.4,7.5,6.6,2.6,38.1,65.5,90,18.9,23.1,17.2,0,9.9,28.4,53.7
2,9,246026,치커리겉절이_HS,0611100100a,양파: 국내산: 생것,10,2.9,0.667,0.004,0.004,0,0.095,0.095,0,0.17,0,0.17,0.574,0.065,0.27899998,0.22999999,0,0,0,9.2,0.033,0.0167,0.0333,0,0.2,0,0,0,0,0,0,0,0,0,0,0,0,0,0,0,0,0.588,0.0035,0.0011,0.0099,0.028600002,0.0095,4.00E-04,0,1.1,1.1,0,0,0.0106,0.057,0.0011,1.5,1.5,0,2.7,0.3,0,14.5,0.8,0.02,0.02,0,0.015,0.7,0,0.0176,0,0.117,0,0.053,0,0.0038,0.0011,6.00E-04,0.0021,0.0018,1.00E-04,0.002,0,0,0,0,0,0,0,0,0,0,9.00E-04,0,0,0,1.00E-04,6.00E-04,0,0.0017,1.00E-04,2.00E-04,0,0,0,0,0,0,0,0,0,0,0,0,0,0,0,0,0,2.00E-04,0,0,0,0,0,74,36.8,37.2,1.9,3.7,4.5,0.6,3,2.1,1.1,2.4,1.3,16.2,1.5,0.9,1.8,7.5,20.2,2,1.4,1.9,0,1.5,5.6,8
2,9,246026,치커리겉절이_HS,0611010000a,쑥갓: 생것,10,1.5,0.235,0.017,0.017,0,0.193,0.193,0,0.24,0.08,0.16,0,0,0,0,0,0,0,9.46,0.095,20.6,41.2,0,247.2,0,0,0,0.012,0.0075000003,0.007,0,0.005,0,0,0,0,0,19.137,19.137,0,1.04,0.0029,0.0088,0.0155,0,0.0154,1.00E-04,0,11.5,11.5,0,0,0,0.089,0,9.1,9.1,0,3.6,14.5,0,23.9,1.8,0.079,0.079,0,0.026,7.2,0,0.0114,0,0.114,0,0.69,0,0.0217,0.0037,4.00E-04,0.0176,0.012399999,0.0084,0.0092,0,0,0,0,0,0,0,0,0,0,0.0031,1.00E-04,0,0,2.00E-04,2.00E-04,2.00E-04,0.004,0.0084,0.0051,0,1.00E-04,0,0,0,0,0,0,0,0,1.00E-04,0,0,0,0,0,0,2.00E-04,0,0,0,0,0,134.1,68.1,66,8.5,9.4,8.2,3.3,9.5,5.5,0,11.5,2.7,9.5,1.5,1.4,6.9,21.2,16.9,5.9,6.4,5.8,0,4.7,11,29.4
2,9,246026,치커리겉절이_HS,1110630002g,멸치: 액젓: 염절임,15,4.65,0.1695,0.003,0,0.003,0.9795,0,0.9795,0,0,0,0.0165,0,0.0165,0,0,0,0,10.56,3.291,0,0,0,0,0,0,0,0,0,0,0,0,0,0,0,0,0,0,0,0,0,0.0189,0.00495,0.3351,0.38535,0.20339999,0.13170001,0.01665,2.55,2.55,0,0.132,0.1746,0.129,6.00E-04,3,0,3,3.6,1228.2,0,36.3,23.1,0.027,0,0.027,0.024,0,0,4.50E-04,3.5145,7.8315,0,0.0345,0,9.00E-04,4.50E-04,1.50E-04,1.50E-04,1.50E-04,0,1.50E-04,0,0,0,1.50E-04,0,0,0,0,0,0,1.50E-04,0,0,0,0,1.50E-04,0,1.50E-04,0,0,0,0,0,0,0,0,0,0,0,0,0,0,0,0,0,0,0,0,0,1.50E-04,0,0,1.50E-04,611.85,294,317.85,34.5,54.15,56.85,21.75,26.1,25.05,3,42.15,19.05,11.4,6.6,2.25,52.95,52.65,98.25,42,28.5,18.75,15.9,24,35.7,130.8
2,9,246026,치커리겉절이_HS,0611190100a,오이: 개량종: 생것,20,2.8,0.61,0.004,0.004,0,0.244,0.244,0,0.14,0.12,0.02,0.276,0,0.138,0.138,0,0,0,19.04,0.102,1.0166,2.0334,0,12.2,0,0,0,0.01,0.0064000003,0.006,0,0.0039999997,0,0,0,0,0,4.038,4.038,0,2.25,4.00E-04,0.0068,0.0182,0.051200002,0,0.018199999,0,2,2,0,0,0.067,0.326,0.0014000001,3.6,3.6,0,7.8,0.6,0,39.2,2.8,0.04,0.04,0,0.048,4.4,0,0.1166,0.098,0.066,0,0.288,0,0.0046,0.0016,0,0.003,0.003,0.0014,0.0016,0,0,0,0,0,0,0,0,0,0,0.0016,0,0,0,0,0,0,0.0016,0.0014,0,0,0,0,0,0,0,0,0,0,0,0,0,0,0,0,0,0,0,0,0,0,0,0,133.2,42.8,90.4,4.4,7.4,3,1.6,4.4,5.4,2,5.2,2.2,7.2,3.4,1.2,5.6,9,57.2,4.8,2.4,6.8,0,2.8,9.8,17
2,9,246026,치커리겉절이_HS,0611480300a,치커리: 잎: 푸른색: 생것,25,4,0.7375,0.0525,0.0525,0,0.425,0.425,0,0.5,0.075,0.425,0,0,0,0,0,0,0,23.5,0.285,44.85425,89.7083,0,538.25,0,0,0,0.03,0.021,0.02,0,0.01,0,0,0,0,0,62.2533,62.25325,0,0.5275,0.00375,0.0255,0.1505,0.1505,0.142,0.0084999995,0,15.25,15.249999,0,0,0.0135,0,0,23.25,23.25,0,6,34,0,85,5,0.45,0.45,0,0.0675,23.25,0,0.10475,0,0.0925,0,4.4,0,0.04925,0.01125,0.00125,0.03675,0.03675,0.02675,0.00975,0,0,0,0,0,0,0,2.50E-04,0,0,0.009,2.50E-04,0,0,0.001,0.001,2.50E-04,0.00975,0.02675,0,0,2.50E-04,0,0,0,0,0,0,0,0,5.00E-04,0,0,0,0,0,0,5.00E-04,0,0,0,0,0,285.5,118,167.5,13.25,17.5,14.5,3.75,13.25,11.5,0,17.75,8,18.5,2.75,2.5,19.25,46,46.75,16.75,16.5,17,0,6.25,16,48.5
2,9,246026,치커리겉절이_HS,0520010004e,참깨: 흰깨: 볶은것,1,5.57,0.2183,0.4511,0.4511,0,0.2596,0.2596,0,0.141,0.017,0.124,0,0,0,0,0,0,0,0.026,0.045,0.010829999,0.02167,0,0.13,0,0,0,0.2298,0.02386,0.0011999999,0,0.2258,0.0028,0,0,0,0,0,0,0,0,0.00345,0.02932,0.03747,0.094840005,0.034679998,0.00279,0,1.5,1.5,0,0,0.00628,0,0,8.54,8.54,0,7.02,0.02,0,4.59,3.53,0.0639,0.0639,0,0.0511,11.03,0,0.01304,0,0.0331,0,0.3858,0,0.43299,0.07098,0.1767,0.18476,0.18303,0.00172,0.18304,0,0,0,0,0,0,0,9.00E-05,0,0,0.04171,6.10E-04,3.30E-04,0,0.0251,0.17122,0.00404,0.18131,0.00172,0.00149,0,0.00276,7.80E-04,2.40E-04,0,0,0,0,0,0,5.60E-04,0,0,0,0,0,9.00E-05,3.50E-04,5.00E-05,5.50E-04,2.00E-04,2.60E-04,9.00E-05,215.97,101.21,114.76,7.77,15.48,6.14,5.72,10.13,8.05,3.45,9.86,5.64,28.97,7.59,4.48,10.77,18.62,43.55,11.64,7.65,10.46,0,10.2,21.17,33.11
1,7,246026,치커리겉절이_HS,0611010000a,쑥갓: 생것,10,1.5,0.235,0.017,0.017,0,0.193,0.193,0,0.24,0.08,0.16,0,0,0,0,0,0,0,9.46,0.095,20.6,41.2,0,247.2,0,0,0,0.012,0.0075000003,0.007,0,0.005,0,0,0,0,0,19.137,19.137,0,1.04,0.0029,0.0088,0.0155,0,0.0154,1.00E-04,0,11.5,11.5,0,0,0,0.089,0,9.1,9.1,0,3.6,14.5,0,23.9,1.8,0.079,0.079,0,0.026,7.2,0,0.0114,0,0.114,0,0.69,0,0.0217,0.0037,4.00E-04,0.0176,0.012399999,0.0084,0.0092,0,0,0,0,0,0,0,0,0,0,0.0031,1.00E-04,0,0,2.00E-04,2.00E-04,2.00E-04,0.004,0.0084,0.0051,0,1.00E-04,0,0,0,0,0,0,0,0,1.00E-04,0,0,0,0,0,0,2.00E-04,0,0,0,0,0,134.1,68.1,66,8.5,9.4,8.2,3.3,9.5,5.5,0,11.5,2.7,9.5,1.5,1.4,6.9,21.2,16.9,5.9,6.4,5.8,0,4.7,11,29.4
1,7,246026,치커리겉절이_HS,1110630002g,멸치: 액젓: 염절임,15,4.65,0.1695,0.003,0,0.003,0.9795,0,0.9795,0,0,0,0.0165,0,0.0165,0,0,0,0,10.56,3.291,0,0,0,0,0,0,0,0,0,0,0,0,0,0,0,0,0,0,0,0,0,0.0189,0.00495,0.3351,0.38535,0.20339999,0.13170001,0.01665,2.55,2.55,0,0.132,0.1746,0.129,6.00E-04,3,0,3,3.6,1228.2,0,36.3,23.1,0.027,0,0.027,0.024,0,0,4.50E-04,3.5145,7.8315,0,0.0345,0,9.00E-04,4.50E-04,1.50E-04,1.50E-04,1.50E-04,0,1.50E-04,0,0,0,1.50E-04,0,0,0,0,0,0,1.50E-04,0,0,0,0,1.50E-04,0,1.50E-04,0,0,0,0,0,0,0,0,0,0,0,0,0,0,0,0,0,0,0,0,0,1.50E-04,0,0,1.50E-04,611.85,294,317.85,34.5,54.15,56.85,21.75,26.1,25.05,3,42.15,19.05,11.4,6.6,2.25,52.95,52.65,98.25,42,28.5,18.75,15.9,24,35.7,130.8
1,7,246026,치커리겉절이_HS,0611190100a,오이: 개량종: 생것,20,2.8,0.61,0.004,0.004,0,0.244,0.244,0,0.14,0.12,0.02,0.276,0,0.138,0.138,0,0,0,19.04,0.102,1.0166,2.0334,0,12.2,0,0,0,0.01,0.0064000003,0.006,0,0.0039999997,0,0,0,0,0,4.038,4.038,0,2.25,4.00E-04,0.0068,0.0182,0.051200002,0,0.018199999,0,2,2,0,0,0.067,0.326,0.0014000001,3.6,3.6,0,7.8,0.6,0,39.2,2.8,0.04,0.04,0,0.048,4.4,0,0.1166,0.098,0.066,0,0.288,0,0.0046,0.0016,0,0.003,0.003,0.0014,0.0016,0,0,0,0,0,0,0,0,0,0,0.0016,0,0,0,0,0,0,0.0016,0.0014,0,0,0,0,0,0,0,0,0,0,0,0,0,0,0,0,0,0,0,0,0,0,0,0,133.2,42.8,90.4,4.4,7.4,3,1.6,4.4,5.4,2,5.2,2.2,7.2,3.4,1.2,5.6,9,57.2,4.8,2.4,6.8,0,2.8,9.8,17
1,7,246026,치커리겉절이_HS,0611480300a,치커리: 잎: 푸른색: 생것,20,3.2,0.59,0.042,0.042,0,0.34,0.34,0,0.4,0.06,0.34,0,0,0,0,0,0,0,18.8,0.228,35.883404,71.7666,0,430.6,0,0,0,0.024,0.016800001,0.016,0,0.008,0,0,0,0,0,49.8026,49.802605,0,0.422,0.003,0.0204,0.1204,0.120400004,0.11360001,0.0068000006,0,12.2,12.2,0,0,0.0108,0,0,18.6,18.6,0,4.8,27.2,0,68,4,0.36,0.36,0,0.054,18.6,0,0.0838,0,0.074,0,3.52,0,0.0394,0.009,0.001,0.0294,0.029400002,0.0214,0.0078,0,0,0,0,0,0,0,2.00E-04,0,0,0.0072,2.00E-04,0,0,8.00E-04,8.00E-04,2.00E-04,0.0078,0.0214,0,0,2.00E-04,0,0,0,0,0,0,0,0,4.00E-04,0,0,0,0,0,0,4.00E-04,0,0,0,0,0,228.40001,94.40001,134,10.6,14,11.6,3,10.6,9.2,0,14.2,6.4,14.8,2.2,2,15.4,36.8,37.4,13.4,13.2,13.6,0,5,12.8,38.800003
1,7,246026,치커리겉절이_HS,0520010004e,참깨: 흰깨: 볶은것,1,5.57,0.2183,0.4511,0.4511,0,0.2596,0.2596,0,0.141,0.017,0.124,0,0,0,0,0,0,0,0.026,0.045,0.010829999,0.02167,0,0.13,0,0,0,0.2298,0.02386,0.0011999999,0,0.2258,0.0028,0,0,0,0,0,0,0,0,0.00345,0.02932,0.03747,0.094840005,0.034679998,0.00279,0,1.5,1.5,0,0,0.00628,0,0,8.54,8.54,0,7.02,0.02,0,4.59,3.53,0.0639,0.0639,0,0.0511,11.03,0,0.01304,0,0.0331,0,0.3858,0,0.43299,0.07098,0.1767,0.18476,0.18303,0.00172,0.18304,0,0,0,0,0,0,0,9.00E-05,0,0,0.04171,6.10E-04,3.30E-04,0,0.0251,0.17122,0.00404,0.18131,0.00172,0.00149,0,0.00276,7.80E-04,2.40E-04,0,0,0,0,0,0,5.60E-04,0,0,0,0,0,9.00E-05,3.50E-04,5.00E-05,5.50E-04,2.00E-04,2.60E-04,9.00E-05,215.97,101.21,114.76,7.77,15.48,6.14,5.72,10.13,8.05,3.45,9.86,5.64,28.97,7.59,4.48,10.77,18.62,43.55,11.64,7.65,10.46,0,10.2,21.17,33.11
1,7,246026,치커리겉절이_HS,1420140000a,참기름,1,9.17,0.0014,0.9959,0.9959,0,0,0,0,0,0,0,0,0,0,0,0,0,0,0.002,7.00E-04,0.0091699995,0.01833,0,0.11,0,0,0,0.4252,0.05777,0.0174,0,0.4019,0.0058999998,0,0,0,0,0.0912,0.0912,0,0,0,7.00E-04,0,0,0,0,0,0,0,0,0,0,0.0383,1.50E-04,0.43,0.43,0,0.99,0.16,0,0.56,0.35,0.0175,0.0175,0,0.0049,0.84,0,0.00156,0,0,0,0,0,0.9557,0.14647,0.38169,0.42463,0.42154998,0.00534,0.41929,0,0,0,0,0,0,0,0,0,0,0.08693,0.00131,6.80E-04,0,0.05138,0.37002,0.00883,0.41621,0.00534,0.00308,0,0.00578,0.00153,0,0,0,0,0,0,0,9.00E-04,0,0,0,0,0,0,8.00E-04,0,0.00291,0,0.00291,0,0.41,0.14,0.27,0.02,0.07,0,0.01,0,0.01,0,0.03,0,0,0,0.02,0.03,0.01,0.05,0.02,0.12,0.02,0,0.03,0,0.12
1,7,246026,치커리겉절이_HS,1610040001b,고추가루,2,6.38,1.2124,0.168,0.168,0,0.2658,0.2658,0,0.754,0.126,0.628,0.349,0,0.1288,0.2202,0,0,0,0.25,0.1038,12.27166,24.5433,0,147.26,0,0,0,0.7332,0.5515,0.5282,0.014199999,0.1498,0.040999997,0,0,0,0,1.38104,1.3810401,0,0,0.00854,0.04318,0.16866,0.19129999,0.01674,0.15192,0,1.9,1.9,0,0,0.00488,1.5044,0.00114,1.58,1.58,0,6.84,0.26,0,50.82,3.1,0.0978,0.0978,0,0.054,13.88,0,0.0293,0.2084,0.0784,0,0.372,0,0.16076,0.02956,0.01838,0.11186,0.11158,0.0072,0.10466,0,0,0,0,0,5.00E-04,0,0.00178,0,6.00E-05,0.02202,0.00112,2.40E-04,0,0.00372,0.01468,0.0023999999,0.10438,0.0072,2.00E-04,0,5.00E-04,1.60E-04,1.00E-04,0,0,0,0,0,2.00E-05,3.80E-04,0,0,0,0,0,0,3.40E-04,0,9.80E-04,4.00E-05,8.40E-04,1.00E-04,212.46,78.9,133.56,7.1,14.12,9.48,2.58,8.2,8.66,1.36,9.76,3.76,13.88,6.26,5,10.78,45.26,33.96,10.92,14.92,6.46,0,7.58,15.82,30.98
1,7,246026,치커리겉절이_HS,0610500100a,마늘: 국내산: 생것,4,5.12,1.0568,0.0064,0.0064,0,0.298,0.298,0,0.152,0.064,0.092,0.0092,0,0.0092,0,0,0,0,2.592,0.0484,0,0,0,0,0,0,0,0.008,0.008,0.008,0,0,0,0,0,0,0,0,0,0,0.338,0.0058,0.00644,0.01992,0.0318,0.01872,0.0011999999,0,3.68,3.68,0,0,0.04336,0.1536,0.0043200003,0.48,0.48,0,6.24,0.12,0,21.24,0.96,0.0312,0.0312,0,0.0264,1.4,0,0.01004,0.0444,0.1384,0,0.4316,0,0.00592,0.0022,7.20E-04,0.00304,0.0030399999,0,0.00304,0,0,0,0,0,0,0,8.00E-05,0,0,0.00196,0,0,0,8.00E-05,6.80E-04,0,0.00304,0,0,0,0,0,0,0,0,0,0,0,0,4.00E-05,0,0,0,0,0,0,4.00E-05,0,0,0,0,0,210.96,106.2,104.76,4,7.84,8.28,1.84,6.72,5.56,0.72,6.84,3.72,60.68,4.72,4.32,5.84,29.72,42.68,6,4.48,7,0,6.16,12.16,18.68
1,7,246026,치커리겉절이_HS,0611570300a,파: 소파(실파),10,1.6,0.32,0.01,0.01,0,0.15,0.15,0,0.178,0,0,0,0,0,0,0,0,0,9.43,0.09,6,12,0,72,0,0,0,0,0,0,0,0,0,0,0,0,0,0,0,0,2.4,0.005,0.008,0.04,0,0,0,0,0,0,0,0,0,0,0,7.5,7.5,0,3.9,0.2,0,27.1,1.3029,0.08,0.08,0,0.0594,0,0,0,0,0,0,0,0,0.0094,0.0026,4.00E-04,0.0064,0.0033,0,0.0064,0,0,0,0,0,0,0,1.00E-04,0,0,0.0022,0,0,0,3.00E-04,4.00E-04,0,0.0033,0,0.0031,0,0,0,0,0,0,0,0,0,0,0,0,0,0,0,0,0,0,0,0,0,0,0,0,0,0,0,0,0,0,0,0,0,0,0,0,0,0,0,0,0,0,0,0,0,0,0,0
1,7,246026,치커리겉절이_HS,1610010004i,간장: 재래간장,10,3.4,0.247,0.003,0.003,0,0.592,0.592,0,0.04,0.04,0,0.029,0,0.012,0.017,0,0,0,7.06,2.101,0,0,0,0,0,0,0,0,0,0,0,0,0,0,0,0,0,0,0,0,0,0.0141,0.0109,0.0866,0.2107,0.063599996,0.023,0.0026,3.2,3.2,0,0.029,0.0615,0.545,6.00E-04,3.9,3.9,0,12.1,799.9,0,65.7,20.8,0.066,0.066,0,0.039,0,0,0.0373,0.211,4.906,0,3.56,0,0.0011,3.00E-04,2.00E-04,4.00E-04,4.00E-04,0,4.00E-04,0,0,0,0,0,0,0,0,0,0,2.00E-04,0,0,0,1.00E-04,2.00E-04,0,4.00E-04,0,0,0,0,0,0,0,0,0,0,0,0,0,0,0,0,0,0,0,0,0,1.00E-04,0,0,1.00E-04,405.2,143.2,262,14.5,21.2,30.2,7.3,14.4,14.3,7.4,18,8.4,7.5,6.6,2.6,38.1,65.5,90,18.9,23.1,17.2,0,9.9,28.4,53.7
1,7,246026,치커리겉절이_HS,0611100100a,양파: 국내산: 생것,10,2.9,0.667,0.004,0.004,0,0.095,0.095,0,0.17,0,0.17,0.574,0.065,0.27899998,0.22999999,0,0,0,9.2,0.033,0.0167,0.0333,0,0.2,0,0,0,0,0,0,0,0,0,0,0,0,0,0,0,0,0.588,0.0035,0.0011,0.0099,0.028600002,0.0095,4.00E-04,0,1.1,1.1,0,0,0.0106,0.057,0.0011,1.5,1.5,0,2.7,0.3,0,14.5,0.8,0.02,0.02,0,0.015,0.7,0,0.0176,0,0.117,0,0.053,0,0.0038,0.0011,6.00E-04,0.0021,0.0018,1.00E-04,0.002,0,0,0,0,0,0,0,0,0,0,9.00E-04,0,0,0,1.00E-04,6.00E-04,0,0.0017,1.00E-04,2.00E-04,0,0,0,0,0,0,0,0,0,0,0,0,0,0,0,0,0,2.00E-04,0,0,0,0,0,74,36.8,37.2,1.9,3.7,4.5,0.6,3,2.1,1.1,2.4,1.3,16.2,1.5,0.9,1.8,7.5,20.2,2,1.4,1.9,0,1.5,5.6,8
2,4,246023,카레라이스_HS,1610180001a,소금: 식염,3,0,0,0,0,0,0,0,0,0,0,0,0,0,0,0,0,0,0,0.009,2.991,0,0,0,0,0,0,0,0,0,0,0,0,0,0,0,0,0,0,0,0,0,0,0,0,0,0,0,0,0,0,0,0,0,0,0,1.2,1.2,0,0,1007.91,0,4.05,0.72,0.006,0.006,0,0,0,0,0,0,0,0,0,0,0,0,0,0,0,0,0,0,0,0,0,0,0,0,0,0,0,0,0,0,0,0,0,0,0,0,0,0,0,0,0,0,0,0,0,0,0,0,0,0,0,0,0,0,0,0,0,0,0,0,0,0,0,0,0,0,0,0,0,0,0,0,0,0,0,0,0,0,0,0,0,0,0,0,0
2,4,246023,카레라이스_HS,1610400001b,후추: 분말,1,3.06,0.56,0.041,0.041,0,0.113,0.113,0,0.2458,0,0,0,0,0,0,0,0,0,0.151,0.038,0.11,0.22,0,1.32,0,0,0,0,0,0,0,0,0,0,0,0,0,1.637,0,0,0,0.0011,0.0022,0.011,0,0,0,0.0034,0.1,0,0,0,0,0,0,2.81,2.81,0,1.67,0.46,0,11.03,0,0.195,0.195,0,0.0142,11,0,0.0563,0.082,0.031,0,0,0,0,0,0,0,0,0,0,0,0,0,0,0,0,0,0,0,0,0,0,0,0,0,0,0,0,0,0,0,0,0,0,0,0,0,0,0,0,0,0,0,0,0,0,0,0,0,0,0,0,0,0,0,0,0,0,0,0,0,0,0,0,0,0,0,0,0,0,0,0,0,0,0,0,0,0
2,4,246023,카레라이스_HS,1420150000a,콩기름,5,45.75,0.033,4.9655,4.9655,0,0,0,0,0,0,0,0,0,0,0,0,0,0,0,0.0015,0,0,0,0,0,0,0,2.4635,0.47975,0.3005,0.0405,1.362,0.7605,0,0,0,0,5.258,5.2580004,0,0,0,0,0,0,0,0,0,0,0,0,0,0,0,0,0,0,0,0,0,0,0,0,0,0,0,0,0,0,0,0.132,0.2945,0,0,0,4.74935,0.73085,1.0855,2.8642,2.8642,0.3279,2.53635,0,0,0,0,0,0,0,0.0039,0,0,0.5107,0.00395,0.00405,0,0.17375,0.9748,0.0703,2.53635,0.3279,0,0,0.015,0.03645,0,0,0,0,0,0,0,0.01725,0,0,0,0,0,0,0.0062,0,0.0688,0.0015,0.03385,0.03345,0,0,0,0,0,0,0,0,0,0,0,0,0,0,0,0,0,0,0,0,0,0,0,0,0
2,4,246023,카레라이스_HS,1610320001b,카레분말,20,85,11.152,3.738,3.738,0,1.676,1.676,0,6.84,0,0,1.332,1.056,0.20199999,0.074,0,0,0,1.04,2.406,0.6334,1.2666,0,7.6,0,0,0,0.694,0.48260003,0.39200002,0,0,0,0.302,0,0,0,0,0,0,0,0.2318,0.0208,0.2684,0,0.0504,0.21800001,0.0146,10,10,0,0,0.2256,0.182,0.0082,16.8,16.8,0,23.8,811.8,0,102.8,9.8,0.404,0.404,0,0.132,31.8,0,0.2024,1.006,15.816,0,2.558,0.498,3.5786,2.0686,0.8856,0.3246,0.26459998,0.0132,0.3114,0,0,0.0314,0.0246,0,0.1656,6.00E-04,0.1476,0.0026,0.0114,1.0374,0.0138,0.031,0,0.6044,0.837,0.027399998,0.2514,0.0132,0.0574,0,0.0098,0.0036,0.002,0,0,0,6.00E-04,0,0,0.0026,6.00E-04,0,0,0,0,0,0.002,6.00E-04,0.2996,0.2848,0.0148,0,1285.4,354,931.4,42.4,74.8,38.8,6.6,41.8,30,0,54.4,25.4,39.8,5.6,7.6,45,78.4,382.4,296.2,76.8,39.4,0,14.2,47.4,171.6
2,4,246023,카레라이스_HS,0611100100a,양파: 국내산: 생것,30,8.7,2.001,0.012,0.012,0,0.285,0.285,0,0.51,0,0.51,1.7219999,0.195,0.837,0.69,0,0,0,27.6,0.099,0.0501,0.0999,0,0.6,0,0,0,0,0,0,0,0,0,0,0,0,0,0,0,0,1.764,0.0105,0.0033,0.0297,0.08580001,0.0285,0.0012,0,3.3,3.3,0,0,0.0318,0.171,0.0033,4.5,4.5,0,8.1,0.9,0,43.5,2.4,0.06,0.06,0,0.045,2.1,0,0.0528,0,0.351,0,0.159,0,0.0114,0.0033,0.0018,0.0063,0.0053999997,3.00E-04,0.006,0,0,0,0,0,0,0,0,0,0,0.0027,0,0,0,3.00E-04,0.0018,0,0.0051,3.00E-04,6.00E-04,0,0,0,0,0,0,0,0,0,0,0,0,0,0,0,0,0,6.00E-04,0,0,0,0,0,222,110.4,111.6,5.7,11.1,13.5,1.8,9,6.3,3.3,7.2,3.9,48.6,4.5,2.7,5.4,22.5,60.6,6,4.2,5.7,0,4.5,16.8,24
2,4,246023,카레라이스_HS,0610400000a,당근: 생것,20,6.2,1.406,0.026,0.026,0,0.204,0.204,0,0.62,0.14,0.48,1.246,0.544,0.376,0.326,0,0,0,18.22,0.144,91.933395,183.867,0,1103.2,0,0,0,0.146,0.1362,0.132,0,0,0,0.014,0,0,0,2.892,2.892,0,0.604,0.0074,0.0124,0.1764,0.1998,0.1764,0,0,4.4,4.4,0,0,0.0372,0.178,0.0024,4.8,4.8,0,8.4,4.6,0,59.8,2.8,0.056,0.056,0,0.022,3.6,0,0.01,0,0.548,0,0.458,0,0.0256,0.0064,0.001,0.0182,0.018199999,0.0016,0.0166,0,0,0,0,0,0,0,0,0,0,0.0056,0,0,0,4.00E-04,6.00E-04,4.00E-04,0.0166,0.0016,0,0,2.00E-04,0,0,0,0,0,0,0,0,2.00E-04,0,0,0,0,0,0,2.00E-04,0,0,0,0,0,160.2,49.4,110.8,5.2,7.2,6.2,1.6,5.4,6,1.4,7,2.6,6.8,4.2,1.4,19,26.6,41.8,4.6,4.8,8.4,0,3,11,19.4
2,4,246023,카레라이스_HS,0210010000a,감자: 생것,30,18.9,4.17,0,0,0,0.72,0.72,0,0.21,0,0.21,0,0,0,0,0,0,0,24.81,0.3,0.075,0.15,0,0.9,0,0,0,0,0,0,0,0,0,0,0,0,0,0.57,0,0,2.4,0.078,0.012,0.12,0,0,0,0.039,8.19,0,0,0,0.0888,0,0,1.2,1.2,0,18.9,0.9,0,145.5,2.1,0.18,0.18,0,0.15,16.23,0,0.03,0,0.09,0,0,0,0.0192,0.009,3.00E-04,0.0099,0.0099,0.0018,0.0081,0,0,0,0,0,6.00E-04,0,0,0,0,0.0057,0,0,0,0.0021,3.00E-04,0,0.0081,0.0018,0,0,3.00E-04,0,0,0,0,0,0,0,0,0,0,0,0,0,0,0,6.00E-04,0,0,0,0,0,531.372,212.10901,319.263,23.031,31.857,29.889,7.521,24.624,19.614,0,34.497,7.731,33.345,19.548,9.39,22.716,123.309,100.233,13.47,15.633,14.964,0,16.911,44.172,89.385
2,4,246023,카레라이스_HS,0611630600a,호박: 애호박: 생것,30,6.6,1.542,0.027,0.027,0,0.321,0.321,0,0.66,0.21,0.45,0.72900003,0,0.285,0.444,0,0,0,27.93,0.18,6.75,13.5,0,81,0,0,0,0.033,0.033,0.033,0,0,0,0,0,0,0,0,0,0,0.933,0.0114,0.024,0.1044,0.195,0.0078000003,0.096599996,0,9.9,9.9,0,0,0.1572,0,0.0026999998,4.5,4.5,0,11.4,0,0,67.2,3.9,0.069,0.069,0,0.036,9.6,0,0.0159,0.267,0.09,0,2.802,0,0.0387,0.0081,6.00E-04,0.03,0.0177,0.0132,0.0168,0,0,0,0,0,0,0,0,0,0,0.0072,0,0,0,6.00E-04,6.00E-04,0,0.0048,0.0132,0.0123,0,0,0,0,0,0,0,0,0,0,3.00E-04,0,0,0,0,0,0,0,0,0,0,0,0,234,93.9,140.1,8.7,13.8,10.8,3,11.4,11.7,5.4,11.4,6.3,11.4,9,1.5,12.9,41.4,48.3,7.5,8.7,10.8,0,4.5,25.8,33.9
2,4,246023,카레라이스_HS,0120010100a,멥쌀: 논벼: 백미 (국내산): 일반형,70,260.4,57.33,0.35,0.35,0,4.48,4.48,0,0.672,0,0,0,0,0,0,0,0,0,7.56,0.28,0,0,0,0,0,0,0,0,0,0,0,0,0,0,0,0,0,0,0,0,0,0.077,0.028,1.05,0,0,0,0.084,17.15,0,0,0,0,0,0,2.8,2.8,0,98,46.2,0,114.1,0,0.28,0.28,0,1.05,0,0,0.5215,0,10.57,0,0,0,0,0,0,0,0,0,0,0,0,0,0,0,0,0,0,0,0,0,0,0,0,0,0,0,0,0,0,0,0,0,0,0,0,0,0,0,0,0,0,0,0,0,0,0,0,0,0,0,0,0,4124.4,2097.2,2027.2,286.3,459.9,51.8,63,255.5,58.8,24.5,452.2,92.4,352.8,79.1,38.5,468.3,374.5,387.8,17.5,564.2,97.3,0,101.5,359.1,1198.4
3,2,246062,콩가루두부아욱국_HS,0611050000a,아욱: 생것,45,16.65,3.438,0.1395,0.1395,0,1.386,1.386,0,2.025,0.315,1.71,0,0,0,0,0,0,0,39.33,0.7065,146.25,292.5,0,1755,0,0,0,0.234,0.1449,0.135,0,0.099,0,0,0,0,0,204.153,204.15285,0,18.5445,0.07695,0.2196,0.2844,0.51795,0.03915,0.24525,0,52.2,52.199997,0,0,0,0,0.0058500003,120.15,120.15,0,34.2,16.65,0,191.7,30.6,0.2565,0.2565,0,0.4635,45,0,0.66285,3.645,1.1475,0,0.8235,0,0.31365,0.0315,0.0081,0.27405,0.09225,0.0765,0.19755,0,0,0,0,0,0,0,4.50E-04,0,0,0.02565,4.50E-04,0,0,0.0018,0.0027,0.00315,0.0153,0.0765,0.18225,0,9.00E-04,0.00135,0,0,0,0,0,0,4.50E-04,0.0018,0,0,0,0,0,0,9.00E-04,0,0,0,0,0,1244.7,574.65,670.05,50.85,99.45,92.7,22.05,61.2,60.3,13.95,68.4,29.7,76.05,25.65,16.2,66.6,213.3,156.6,58.5,69.3,63.9,0,38.25,100.8,218.7
3,2,246062,콩가루두부아욱국_HS,1610100003a,된장: 재래된장,12,17.04,0.8712,0.8268,0.8268,0,1.632,1.632,0,0.576,0.06,0.516,0.0492,0,0.0264,0.0228,0,0,0,6.984,1.6884,0.06996,0.14004,0,0.84,0,0,0,0.8952,0.0972,0.036000002,0,0.5052,0.354,0,0,0,0,1.1016,1.1016,0,0,0.05328,0.02208,0.0816,0.33876,0.06708,0.01464,0.01212,3.6,3.6,0,0.0204,0.1746,0.882,0.00396,13.68,13.68,0,24.96,618.24,0,56.76,23.04,0.39,0.39,0,0.2292,55.8,0,0.15192,0.3204,5.1456,0,25.1592,0,0.7512,0.12096,0.15636,0.4716,0.47076002,0.06864,0.40296,0,0,0,0,0,0,0,7.20E-04,0,0,0.08544,7.20E-04,9.60E-04,0,0.02652,0.14304,0.01116,0.40212,0.06864,0,0,0.0024,0.00132,4.80E-04,0,0,0,3.60E-04,0,2.40E-04,0.00348,0,0,0,0,0,0,0.0012,0,0.00228,4.80E-04,8.40E-04,9.60E-04,1303.32,562.32,741,56.16,112.08,85.08,20.16,71.52,55.08,15.48,65.64,30.24,50.88,46.2,21,83.52,151.8,228.12,65.04,70.2,75.12,0,41.16,133.2,233.88
3,2,246062,콩가루두부아욱국_HS,0611570200a,파: 대파,5,1.15,0.24,0.0075,0.0075,0,0.089,0.089,0,0.08,0.01,0.07,0.1315,0.0019999999,0.0615,0.0625,0,0,0.0055,4.64,0.0235,1.15415,2.30835,0,13.85,0,0,0,0,0,0,0,0,0,0,0,0,0,4.377,4.377,0,0.1775,0.0033,0.0047,0.00715,0.0116,0.0037500001,0.0034000003,0,1,1,0,0,0.04185,0,7.00E-04,1.2,1.2,0,1.5,0,0,9.05,0.5,0.041,0.041,0,0.0395,1,0,0.03765,0.469,0,0,0.0955,0,0.00725,0.00325,4.00E-04,0.0036,0.0036,0.00125,0.00235,0,0,0,0,0,1.00E-04,0,5.00E-05,0,0,0.00185,0,0,0,0.00105,4.00E-04,0,0.00235,0.00125,0,0,5.00E-05,0,0,0,0,0,0,0,5.00E-05,1.00E-04,0,0,0,0,0,0,0,0,0,0,0,0,54.1,20.4,33.7,1.75,3.55,2.5,0.6,2.25,3.1,0.25,2.35,1.2,2.85,1.65,0.55,2.4,7.15,14.7,1.95,1.25,4.05,0,1.15,4.15,7.65
3,2,246062,콩가루두부아욱국_HS,1110630101b,멸치: 대멸치: 자건,5,15.1,0,0.2725,0,0.2725,2.9655,0,2.9655,0,0,0,0,0,0,0,0,0,0,0.96,0.8355,0,0,0,0,0.064,0,0.054,0.005,0.00405,0.0039999997,0,5.00E-04,0,0,0,5.00E-04,0,0,0,0,0,0.006,0.0055,0,0,0,0,0,4.9,4.9,0,1.272,0.02225,3.998,0.01435,104.4,0,104.4,86.3,109,0,52.25,11.3,0.613,0,0.613,0.313,11,0,0.0665,0,0.034,0,0,33.399,0.1985,0.08905,0.03355,0.07365,0.0033,0.06955,0.0036,0,0,0,0,0,2.50E-04,1.50E-04,0.01415,0,0.0015499999,0.04565,0.0115,0.00245,0,0.0148,0.0141,0.0045000003,0.0023,0.001,0.001,0,0.00475,9.50E-04,0,1.50E-04,2.00E-04,0,1.50E-04,0.01505,2.00E-04,7.00E-04,2.00E-04,5.00E-04,0.00135,0,0.052,0.0026,0.0018,0.0023,0.0022500001,5.50E-04,5.00E-04,0.0012,1888.55,906.05,982.5,94.4,135.95,101.1,73.3,106.4,87.45,30.8,83.05,66.9,126.7,78.45,35.2,116.25,168,217.5,102.7,122.85,76.4,65.15,108.5,215.65,313.4
3,2,246062,콩가루두부아욱국_HS,1610050001i,고추장,3,6.51,1.29,0.072,0.072,0,0.177,0.177,0,0.126,0,0,0,0,0,0,0,0,0,1.155,0.246,6.32001,12.64,0,75.84,0,0,0,0,0,0,0,0,0,0,0,0,0,0.222,0,0,0,0.0063,0.0075,0.081,0,0,0,0.0081,0.648,0,0,0,0.00297,0,0,1.65,1.65,0,4.35,75.3,0,12.18,0,0.057,0.057,0,0.0057,4.5,0,0.024,0,0,0,0,0,0,0,0,0,0,0,0,0,0,0,0,0,0,0,0,0,0,0,0,0,0,0,0,0,0,0,0,0,0,0,0,0,0,0,0,0,0,0,0,0,0,0,0,0,0,0,0,0,0,0,0,0,0,0,0,0,0,0,0,0,0,0,0,0,0,0,0,0,0,0,0,0,0,0,0
3,2,246062,콩가루두부아욱국_HS,0610500100a,마늘: 국내산: 생것,1,1.28,0.2642,0.0016,0.0016,0,0.0745,0.0745,0,0.038,0.016,0.023,0.0023,0,0.0023,0,0,0,0,0.648,0.0121,0,0,0,0,0,0,0,0.002,0.002,0.002,0,0,0,0,0,0,0,0,0,0,0.0845,0.00145,0.00161,0.00498,0.00795,0.00468,3.00E-04,0,0.92,0.92,0,0,0.01084,0.0384,0.0010800001,0.12,0.12,0,1.56,0.03,0,5.31,0.24,0.0078,0.0078,0,0.0066,0.35,0,0.00251,0.0111,0.0346,0,0.1079,0,0.00148,5.50E-04,1.80E-04,7.60E-04,7.60E-04,0,7.60E-04,0,0,0,0,0,0,0,2.00E-05,0,0,4.90E-04,0,0,0,2.00E-05,1.70E-04,0,7.60E-04,0,0,0,0,0,0,0,0,0,0,0,0,1.00E-05,0,0,0,0,0,0,1.00E-05,0,0,0,0,0,52.74,26.55,26.19,1,1.96,2.07,0.46,1.68,1.39,0.18,1.71,0.93,15.17,1.18,1.08,1.46,7.43,10.67,1.5,1.12,1.75,0,1.54,3.04,4.67
3,2,246047,콩나물국_HS,1610180001a,소금: 식염,1.5,0,0,0,0,0,0,0,0,0,0,0,0,0,0,0,0,0,0,0.0045,1.4955,0,0,0,0,0,0,0,0,0,0,0,0,0,0,0,0,0,0,0,0,0,0,0,0,0,0,0,0,0,0,0,0,0,0,0,0.6,0.6,0,0,503.955,0,2.025,0.36,0.003,0.003,0,0,0,0,0,0,0,0,0,0,0,0,0,0,0,0,0,0,0,0,0,0,0,0,0,0,0,0,0,0,0,0,0,0,0,0,0,0,0,0,0,0,0,0,0,0,0,0,0,0,0,0,0,0,0,0,0,0,0,0,0,0,0,0,0,0,0,0,0,0,0,0,0,0,0,0,0,0,0,0,0,0,0,0,0
3,2,246047,콩나물국_HS,0610500100a,마늘: 국내산: 생것,1,1.28,0.2642,0.0016,0.0016,0,0.0745,0.0745,0,0.038,0.016,0.023,0.0023,0,0.0023,0,0,0,0,0.648,0.0121,0,0,0,0,0,0,0,0.002,0.002,0.002,0,0,0,0,0,0,0,0,0,0,0.0845,0.00145,0.00161,0.00498,0.00795,0.00468,3.00E-04,0,0.92,0.92,0,0,0.01084,0.0384,0.0010800001,0.12,0.12,0,1.56,0.03,0,5.31,0.24,0.0078,0.0078,0,0.0066,0.35,0,0.00251,0.0111,0.0346,0,0.1079,0,0.00148,5.50E-04,1.80E-04,7.60E-04,7.60E-04,0,7.60E-04,0,0,0,0,0,0,0,2.00E-05,0,0,4.90E-04,0,0,0,2.00E-05,1.70E-04,0,7.60E-04,0,0,0,0,0,0,0,0,0,0,0,0,1.00E-05,0,0,0,0,0,0,1.00E-05,0,0,0,0,0,52.74,26.55,26.19,1,1.96,2.07,0.46,1.68,1.39,0.18,1.71,0.93,15.17,1.18,1.08,1.46,7.43,10.67,1.5,1.12,1.75,0,1.54,3.04,4.67
3,2,246047,콩나물국_HS,0611520000a,콩나물: 생것,45,16.2,1.71,0.612,0.612,0,2.088,2.088,0,0.72,0,0.72,0.15749998,0,0.031499997,0.10349999,0,0.022499999,0,40.275,0.315,0.225,0.45,0,2.7,0,0,0,0.0855,0.01935,0.013499999,0,0.036,0.026999999,0.0045,0,0.0045,0,37.611,37.611,0,0.81,0.0513,0.03825,0.30465,0.35999998,0.03645,0.26819998,0,23.4,23.4,0,0,0.15615,0,0.0013499999,21.6,21.6,0,38.25,0.45,0,98.1,14.4,0.3015,0.3015,0,0.3195,51.3,0,0.1494,0,0.0945,0,9.243,0,0.666,0.117,0.1134,0.43425,0.35189998,0.05175,0.3825,0,0,0,0,0,0,0,9.00E-04,0,0,0.08325,4.50E-04,0.0013499999,0,0.0243,0.10305,0.009,0.30015,0.05175,0.0819,0,0.00225,9.00E-04,0,0,0,0,4.50E-04,0,4.50E-04,0.00315,0,0,0,0,0,0,0.00135,0,0.0013499999,4.50E-04,9.00E-04,0,2075.4,794.69995,1280.7,71.1,99,109.8,17.55,108.45,77.85,3.15,95.4,52.65,159.75,57.6,28.35,108.9,531.45,321.3,59.4,79.65,94.05,0,45.9,169.2,265.5
3,2,246047,콩나물국_HS,0611570400a,파: 중파,5,1.05,0.212,0.007,0.007,0,0.0865,0.0865,0,0.055,0,0.055,0.0585,0,0.022499999,0.029499998,0,1.00E-03,0.0055,4.65,0.0445,3.6625,7.325,0,43.95,0,0,0,0.026,0.0189,0.018000001,0,0.0055,1.00E-03,1.00E-03,0,5.00E-04,0,6.5975,6.5975,0,0.6845,0.0015,0.00735,0.0058,0.010050001,0.00165,0.00415,0,2.9,2.9,0,0,0.03685,0,1.00E-03,3.6,3.6,0,2.15,0,0,16.2,0.8,0.1325,0.1325,0,0.0365,1.4,0,0.06505,0,0.0345,0,0.1635,0,0.00815,0.0021,2.00E-04,0.0058,0.0044,0.00215,0.00365,0,0,0,0,0,0,0,5.00E-05,0,0,0.00155,0,0,0,1.50E-04,2.00E-04,0,0.00225,0.00215,0.0014,0,5.00E-05,0,0,0,0,0,0,0,5.00E-05,1.00E-04,0,0,0,0,0,0,1.50E-04,0,0,0,0,0,55.4,21.75,33.65,2.85,3.6,2.9,0.5,2.1,3.25,0.25,2.4,1.3,2.6,2,0.5,2.25,6.8,13.8,2.55,1.9,3.85,0,1,4.35,8.85
3,2,246047,콩나물국_HS,1110630201b,멸치: 중멸치: 자건,3,7.35,0.0321,0.099,0,0.099,1.4907,0,1.4907,0,0,0,0,0,0,0,0,0,0,0.954,0.4242,0.0075,0.015,0,0.09,0.1239,0,0.123900004,0.0156,0.00924,0.0087,0,0.0051,0,0,9.00E-04,9.00E-04,0,0,0,0,0,0.00414,0.00459,0.07458,0.3639,0.00387,0.07071,0,0.3,0.3,0,0.7251,0.0171,0,0.00138,74.58,0,74.58,56.01,71.31,0,23.1,9.12,0.36,0,0.36,0.1392,7.56,0,0.09117,2.6625,3.0795,0,0.3294,14.9187,0.09522,0.03933,0.01821,0.03699,7.20E-04,0.03552,0.00129,0,0,0,0,0,9.00E-05,0,0.00642,0,6.60E-04,0.02109,0.0084,9.00E-04,0,0.00636,0.00558,0.00294,6.00E-04,1.50E-04,4.80E-04,0,6.90E-04,3.00E-04,0,1.80E-04,1.50E-04,0,9.00E-05,0.00978,0,2.70E-04,6.00E-05,1.80E-04,8.70E-04,0,0.02457,0.00201,8.40E-04,9.60E-04,6.60E-04,1.50E-04,1.50E-04,3.60E-04,1274.46,643.74,630.72,62.73,96.81,117.75,33.87,56.76,56.73,17.37,74.94,38.37,88.41,39.51,11.91,76.92,130.89,197.64,66.39,47.7,45.6,14.16,45.78,113.64,234.48
3,2,246047,콩나물국_HS,1420140000a,참기름,2,18.34,0.0028,1.9918,1.9918,0,0,0,0,0,0,0,0,0,0,0,0,0,0,0.004,0.0014,0.018339999,0.03666,0,0.22,0,0,0,0.8504,0.11554,0.0348,0,0.8038,0.0117999995,0,0,0,0,0.1824,0.1824,0,0,0,0.0014,0,0,0,0,0,0,0,0,0,0,0.0766,3.00E-04,0.86,0.86,0,1.98,0.32,0,1.12,0.7,0.035,0.035,0,0.0098,1.68,0,0.00312,0,0,0,0,0,1.9114,0.29294,0.76338,0.84926,0.84309995,0.01068,0.83858,0,0,0,0,0,0,0,0,0,0,0.17386,0.00262,0.0013600001,0,0.10276,0.74004,0.01766,0.83242,0.01068,0.00616,0,0.01156,0.00306,0,0,0,0,0,0,0,0.0018,0,0,0,0,0,0,0.0016,0,0.00582,0,0.00582,0,0.82,0.28,0.54,0.04,0.14,0,0.02,0,0.02,0,0.06,0,0,0,0.04,0.06,0.02,0.1,0.04,0.24,0.04,0,0.06,0,0.24
1,4,246050,콩나물무침_HS,0611520000a,콩나물: 생것,45,16.2,1.71,0.612,0.612,0,2.088,2.088,0,0.72,0,0.72,0.1575,0,0.0315,0.1035,0,0.0225,0,40.275,0.315,0.225,0.45,0,2.7,0,0,0,0.0855,0.01935,0.013499999,0,0.036,0.026999999,0.0045,0,0.0045,0,37.611,37.611,0,0.81,0.0513,0.03825,0.30465,0.36,0.03645,0.2682,0,23.4,23.4,0,0,0.15615,0,0.00135,21.6,21.6,0,38.25,0.45,0,98.1,14.4,0.3015,0.3015,0,0.3195,51.3,0,0.1494,0,0.0945,0,9.243,0,0.666,0.117,0.1134,0.43425,0.3519,0.05175,0.3825,0,0,0,0,0,0,0,9.00E-04,0,0,0.08325,4.50E-04,0.00135,0,0.0243,0.10305,0.009,0.30015,0.05175,0.0819,0,0.00225,9.00E-04,0,0,0,0,4.50E-04,0,4.50E-04,0.00315,0,0,0,0,0,0,0.00135,0,0.00135,4.50E-04,9.00E-04,0,2075.4,794.7,1280.7,71.1,99,109.8,17.55,108.45,77.85,3.15,95.4,52.65,159.75,57.6,28.35,108.9,531.45,321.3,59.4,79.65,94.05,0,45.9,169.2,265.5
1,4,246050,콩나물무침_HS,0611570300a,파: 소파(실파),2,0.32,0.064,0.002,0.002,0,0.03,0.03,0,0.0356,0,0,0,0,0,0,0,0,0,1.886,0.018,1.2,2.4,0,14.4,0,0,0,0,0,0,0,0,0,0,0,0,0,0,0,0,0.48,0.001,0.0016,0.008,0,0,0,0,0,0,0,0,0,0,0,1.5,1.5,0,0.78,0.04,0,5.42,0.26058,0.016,0.016,0,0.01188,0,0,0,0,0,0,0,0,0.00188,5.20E-04,8.00E-05,0.00128,6.60E-04,0,0.00128,0,0,0,0,0,0,0,2.00E-05,0,0,4.40E-04,0,0,0,6.00E-05,8.00E-05,0,6.60E-04,0,6.20E-04,0,0,0,0,0,0,0,0,0,0,0,0,0,0,0,0,0,0,0,0,0,0,0,0,0,0,0,0,0,0,0,0,0,0,0,0,0,0,0,0,0,0,0,0,0,0,0,0
1,4,246050,콩나물무침_HS,0610500100a,마늘: 국내산: 생것,2,2.56,0.5284,0.0032,0.0032,0,0.149,0.149,0,0.076,0.032,0.046,0.0046,0,0.0046,0,0,0,0,1.296,0.0242,0,0,0,0,0,0,0,0.004,0.004,0.004,0,0,0,0,0,0,0,0,0,0,0.169,0.0029,0.00322,0.00996,0.0159,0.00936,6.00E-04,0,1.84,1.84,0,0,0.02168,0.0768,0.0021600001,0.24,0.24,0,3.12,0.06,0,10.62,0.48,0.0156,0.0156,0,0.0132,0.7,0,0.00502,0.0222,0.0692,0,0.2158,0,0.00296,0.0011,3.60E-04,0.00152,0.0015199999,0,0.00152,0,0,0,0,0,0,0,4.00E-05,0,0,9.80E-04,0,0,0,4.00E-05,3.40E-04,0,0.00152,0,0,0,0,0,0,0,0,0,0,0,0,2.00E-05,0,0,0,0,0,0,2.00E-05,0,0,0,0,0,105.48,53.1,52.38,2,3.92,4.14,0.92,3.36,2.78,0.36,3.42,1.86,30.34,2.36,2.16,2.92,14.86,21.34,3,2.24,3.5,0,3.08,6.08,9.34
1,4,246050,콩나물무침_HS,1610180001a,소금: 식염,1,0,0,0,0,0,0,0,0,0,0,0,0,0,0,0,0,0,0,0.003,0.997,0,0,0,0,0,0,0,0,0,0,0,0,0,0,0,0,0,0,0,0,0,0,0,0,0,0,0,0,0,0,0,0,0,0,0,0.4,0.4,0,0,335.97,0,1.35,0.24,0.002,0.002,0,0,0,0,0,0,0,0,0,0,0,0,0,0,0,0,0,0,0,0,0,0,0,0,0,0,0,0,0,0,0,0,0,0,0,0,0,0,0,0,0,0,0,0,0,0,0,0,0,0,0,0,0,0,0,0,0,0,0,0,0,0,0,0,0,0,0,0,0,0,0,0,0,0,0,0,0,0,0,0,0,0,0,0,0
1,4,246050,콩나물무침_HS,1610040001b,고추가루,1,3.19,0.6062,0.084,0.084,0,0.1329,0.1329,0,0.377,0.063,0.314,0.1745,0,0.0644,0.1101,0,0,0,0.125,0.0519,6.13583,12.2717,0,73.63,0,0,0,0.3666,0.27575,0.2641,0.0070999996,0.0749,0.020499999,0,0,0,0,0.69052,0.69052005,0,0,0.00427,0.02159,0.08433,0.095649995,0.00837,0.07596,0,0.95,0.95,0,0,0.00244,0.7522,5.70E-04,0.79,0.79,0,3.42,0.13,0,25.41,1.55,0.0489,0.0489,0,0.027,6.94,0,0.01465,0.1042,0.0392,0,0.186,0,0.08038,0.01478,0.00919,0.05593,0.05579,0.0036,0.05233,0,0,0,0,0,2.50E-04,0,8.90E-04,0,3.00E-05,0.01101,5.60E-04,1.20E-04,0,0.00186,0.00734,0.0011999999,0.05219,0.0036,1.00E-04,0,2.50E-04,8.00E-05,5.00E-05,0,0,0,0,0,1.00E-05,1.90E-04,0,0,0,0,0,0,1.70E-04,0,4.90E-04,2.00E-05,4.20E-04,5.00E-05,106.23,39.45,66.78,3.55,7.06,4.74,1.29,4.1,4.33,0.68,4.88,1.88,6.94,3.13,2.5,5.39,22.63,16.98,5.46,7.46,3.23,0,3.79,7.91,15.49
1,4,246050,콩나물무침_HS,1420140000a,참기름,1,9.17,0.0014,0.9959,0.9959,0,0,0,0,0,0,0,0,0,0,0,0,0,0,0.002,7.00E-04,0.0091699995,0.01833,0,0.11,0,0,0,0.4252,0.05777,0.0174,0,0.4019,0.0058999998,0,0,0,0,0.0912,0.0912,0,0,0,7.00E-04,0,0,0,0,0,0,0,0,0,0,0.0383,1.50E-04,0.43,0.43,0,0.99,0.16,0,0.56,0.35,0.0175,0.0175,0,0.0049,0.84,0,0.00156,0,0,0,0,0,0.9557,0.14647,0.38169,0.42463,0.42154998,0.00534,0.41929,0,0,0,0,0,0,0,0,0,0,0.08693,0.00131,6.80E-04,0,0.05138,0.37002,0.00883,0.41621,0.00534,0.00308,0,0.00578,0.00153,0,0,0,0,0,0,0,9.00E-04,0,0,0,0,0,0,8.00E-04,0,0.00291,0,0.00291,0,0.41,0.14,0.27,0.02,0.07,0,0.01,0,0.01,0,0.03,0,0,0,0.02,0.03,0.01,0.05,0.02,0.12,0.02,0,0.03,0,0.12
1,4,246050,콩나물무침_HS,1610060001i,깨소금 가루: 볶은것 ,0.7,4.466,0.0959,0.3969,0.3969,0,0.1267,0.1267,0,0.12551,0,0,0,0,0,0,0,0,0,0.0483,0.0322,0,0,0,0,0,0,0,0,0,0,0,0,0,0,0,0,0,0,0,0,0,0.00357,9.80E-04,0,0,0,0,0,0,0,0,0,0,0,0,8.561,8.561,0,4.48,0,0,0,2.471,0.133,0.133,0,0.03577,0,0,0,0,0,0,0,0,0.393988,0.051947,0.160034,0.182,0.180194,0,0.182,0,0,0,0,0,0,0,0,0,0,0.033628,0,0,0,0.018319,0.160034,0,0.180194,0,0.001806,0,0,0,0,0,0,0,0,0,0,0,0,0,0,0,0,0,0,0,0,0,0,0,0,0,0,0,0,0,0,0,0,0,0,0,0,0,0,0,0,0,0,0,0,0,0,0,0
2,10,246072,콩나물죽_HS,0611520000a,콩나물: 생것,40,14.4,1.52,0.544,0.544,0,1.856,1.856,0,0.64,0,0.64,0.14,0,0.028,0.092,0,0.02,0,35.8,0.28,0.2,0.4,0,2.4,0,0,0,0.076,0.0172,0.012,0,0.031999998,0.024,0.0039999997,0,0.0039999997,0,33.432,33.432,0,0.72,0.0456,0.034,0.2708,0.32,0.0324,0.23840001,0,20.8,20.800001,0,0,0.1388,0,0.0012,19.2,19.2,0,34,0.4,0,87.2,12.8,0.268,0.268,0,0.284,45.6,0,0.1328,0,0.084,0,8.216,0,0.592,0.104,0.1008,0.386,0.3128,0.046,0.34,0,0,0,0,0,0,0,8.00E-04,0,0,0.074,4.00E-04,0.0012,0,0.0216,0.0916,0.007999999,0.2668,0.046,0.0728,0,0.002,8.00E-04,0,0,0,0,4.00E-04,0,4.00E-04,0.0028,0,0,0,0,0,0,0.0012,0,0.0012,4.00E-04,8.00E-04,0,1844.8,706.4,1138.4,63.2,88,97.6,15.6,96.4,69.2,2.8,84.8,46.8,142,51.2,25.2,96.8,472.4,285.6,52.8,70.8,83.6,0,40.8,150.4,236
2,10,246072,콩나물죽_HS,0120010500a,멥쌀: 논벼: 백미 (국내산): 일반형: 일품,45,158.85,35.325,0.045,0.045,0,2.565,2.565,0,0.432,0,0,0,0,0,0,0,0,0,6.93,0.135,0.14985,0.30015,0,1.8,0,0,0,0,0,0,0,0,0,0,0,0,0,0,0,0,0,0.063,0.009,0.405,0,0,0,0,0,0,0,0,0,0,0,2.7,2.7,0,34.65,2.25,0,41.4,0,0.63,0.63,0,0,0,0,0,0,0,0,0,0,0,0,0,0,0,0,0,0,0,0,0,0,0,0,0,0,0,0,0,0,0,0,0,0,0,0,0,0,0,0,0,0,0,0,0,0,0,0,0,0,0,0,0,0,0,0,0,0,0,0,0,0,0,0,0,0,0,0,0,0,0,0,0,0,0,0,0,0,0,0,0,0,0,0,0
2,10,246072,콩나물죽_HS,1610180001a,소금: 식염,1,0,0,0,0,0,0,0,0,0,0,0,0,0,0,0,0,0,0,0.003,0.997,0,0,0,0,0,0,0,0,0,0,0,0,0,0,0,0,0,0,0,0,0,0,0,0,0,0,0,0,0,0,0,0,0,0,0,0.4,0.4,0,0,335.97,0,1.35,0.24,0.002,0.002,0,0,0,0,0,0,0,0,0,0,0,0,0,0,0,0,0,0,0,0,0,0,0,0,0,0,0,0,0,0,0,0,0,0,0,0,0,0,0,0,0,0,0,0,0,0,0,0,0,0,0,0,0,0,0,0,0,0,0,0,0,0,0,0,0,0,0,0,0,0,0,0,0,0,0,0,0,0,0,0,0,0,0,0,0
1,2,246058,토란국_HS,0611100100a,양파: 국내산: 생것,10,2.9,0.667,0.004,0.004,0,0.095,0.095,0,0.17,0,0.17,0.574,0.065,0.27899998,0.22999999,0,0,0,9.2,0.033,0.0167,0.0333,0,0.2,0,0,0,0,0,0,0,0,0,0,0,0,0,0,0,0,0.588,0.0035,0.0011,0.0099,0.028600002,0.0095,4.00E-04,0,1.1,1.1,0,0,0.0106,0.057,0.0011,1.5,1.5,0,2.7,0.3,0,14.5,0.8,0.02,0.02,0,0.015,0.7,0,0.0176,0,0.117,0,0.053,0,0.0038,0.0011,6.00E-04,0.0021,0.0018,1.00E-04,0.002,0,0,0,0,0,0,0,0,0,0,9.00E-04,0,0,0,1.00E-04,6.00E-04,0,0.0017,1.00E-04,2.00E-04,0,0,0,0,0,0,0,0,0,0,0,0,0,0,0,0,0,2.00E-04,0,0,0,0,0,74,36.8,37.2,1.9,3.7,4.5,0.6,3,2.1,1.1,2.4,1.3,16.2,1.5,0.9,1.8,7.5,20.2,2,1.4,1.9,0,1.5,5.6,8
1,2,246058,토란국_HS,0230070000a,감자이외의 서류: 토란: 생것,45,31.95,7.0965,0.063,0.063,0,0.936,0.936,0,1.26,0.765,0.495,0,0,0,0,0,0,0,36.36,0.5445,0.37485,0.75015,0,4.5,0,0,0,0.2205,0.2205,0.2205,0,0,0,0,0,0,0,0,0,0,0.5445,0.03645,0.0099,0.2835,0.5049,0,0,0,16.65,16.65,0,0,0,0,0.0067499997,4.95,4.95,0,24.75,0.9,0,234,8.1,0.2655,0.2655,0,0.144,63.45,0,0.2691,0,0.3645,0,1.08,0,0.06165,0.02025,0.00765,0.03375,0.03375,0.0036,0.0306,0,0,0,0,0,0,0,0,0,0,0.018,0,0,0,0.00135,0.0072,4.50E-04,0.0306,0.0036,0,0,0,0,0,0,0,0,0,0,0,4.50E-04,0,0,0,0,0,0,4.50E-04,0,0,0,0,0,828,369,459,27,67.95,42.3,9,49.05,39.15,13.5,41.85,17.1,62.1,46.35,29.7,38.25,126.45,88.2,44.1,28.8,57.15,0,38.7,108.9,136.8
1,2,246058,토란국_HS,0610571500a,무: 조선무: 뿌리,30,6,1.302,0.036,0.036,0,0.201,0.201,0,0.33,0.15,0.21,0.537,0.015000001,0.21900001,0.297,0,0,0.006,28.29,0.165,0.0501,0.0999,0,0.6,0,0,0,0,0,0,0,0,0,0,0,0,0,0,0,0,2.595,0.0177,0.0063,0.0633,0.101100005,0,0.0633,0.0213,9.9,9.9,0,0,0.0492,0,0.0063,6.9,6.9,0,10.2,2.7,0,78.3,2.4,0.048,0.048,0,0.123,36.3,0,0.0633,0,0.105,0,1.104,0,0.0243,0.0063,0.0048,0.0132,0.0081,0.0033,0.0099,0,0,0,0,0,0,0,0,0,0,0.0048,3.00E-04,0,0,0.0015,0.0039,6.00E-04,0.0048,0.0033,0.0051,0,0,0,0,0,0,0,0,0,0,0,0,0,0,0,0,0,0,0,0,0,0,0,149.7,57.6,92.1,5.7,8.4,9.3,2.1,5.4,5.7,2.4,9,3,6.6,1.8,1.5,8.7,14.4,41.1,6,11.1,7.5,0,3.6,9.6,23.1
1,2,246058,토란국_HS,0910020028a,쇠고기: 한우: 양지  생것 ,20,50.6,0,3.718,0,3.718,3.716,0,3.716,0,0,0,0,0,0,0,0,0,0,12.2,0.166,2.4,2.4,2.4,0,0,0,0,0.032,0.031999998,0.031999998,0,0,0,0,0,0,0,0,0,0,0.186,0.0018,0.049,0.4602,1.0628,0,0.4602,0,0,0,0,0.274,0.021,0.52,0.0028000001,1,0,1,32.6,11,0,53,3.6,0.384,0,0.384,0.964,7,0,0,0.122,4.758,0,0.124,13.098,2.8104,1.1518,1.4908,0.0792,0.0588,0.0042,0.0748,0,0,0,0.0018,0,0.0042,4.00E-04,0.1148,0.0406,0.0088,0.758,0.1794,0.0168,0,0.2448,1.1882,0.073400006,0.0558,0.003,0.0026,0,0.0014,0.0088,0.0012,0,0.0054,0,0.0098,0,4.00E-04,4.00E-04,6.00E-04,0,0.0012,0,0,2.00E-04,2.00E-04,0,0.088599995,0.063200004,0.0196,0.0058,3344.8,1653,1691.8,140.8,291.2,310,83,145.8,155,36.2,155.6,126.8,208.6,128,38.8,210.2,315.6,527.6,180.6,152.6,138.4,0,121.8,310,587.6
1,2,246058,토란국_HS,0611570300a,파: 소파(실파),2,0.32,0.064,0.002,0.002,0,0.03,0.03,0,0.0356,0,0,0,0,0,0,0,0,0,1.886,0.018,1.2,2.4,0,14.4,0,0,0,0,0,0,0,0,0,0,0,0,0,0,0,0,0.48,0.001,0.0016,0.008,0,0,0,0,0,0,0,0,0,0,0,1.5,1.5,0,0.78,0.04,0,5.42,0.26058,0.016,0.016,0,0.01188,0,0,0,0,0,0,0,0,0.00188,5.20E-04,8.00E-05,0.00128,6.60E-04,0,0.00128,0,0,0,0,0,0,0,2.00E-05,0,0,4.40E-04,0,0,0,6.00E-05,8.00E-05,0,6.60E-04,0,6.20E-04,0,0,0,0,0,0,0,0,0,0,0,0,0,0,0,0,0,0,0,0,0,0,0,0,0,0,0,0,0,0,0,0,0,0,0,0,0,0,0,0,0,0,0,0,0,0,0,0
1,2,246058,토란국_HS,1610010004i,간장: 재래간장,2,0.68,0.0494,6.00E-04,6.00E-04,0,0.1184,0.1184,0,0.008,0.008,0,0.0058,0,0.0023999999,0.0034,0,0,0,1.412,0.4202,0,0,0,0,0,0,0,0,0,0,0,0,0,0,0,0,0,0,0,0,0,0.00282,0.00218,0.01732,0.042140003,0.01272,0.0046,5.20E-04,0.64,0.64,0,0.0058,0.0123,0.109,1.20E-04,0.78,0.78,0,2.42,159.98,0,13.14,4.16,0.0132,0.0132,0,0.0078,0,0,0.00746,0.0422,0.9812,0,0.712,0,2.20E-04,6.00E-05,4.00E-05,8.00E-05,8.00E-05,0,8.00E-05,0,0,0,0,0,0,0,0,0,0,4.00E-05,0,0,0,2.00E-05,4.00E-05,0,8.00E-05,0,0,0,0,0,0,0,0,0,0,0,0,0,0,0,0,0,0,0,0,0,2.00E-05,0,0,2.00E-05,81.04,28.64,52.4,2.9,4.24,6.04,1.46,2.88,2.86,1.48,3.6,1.68,1.5,1.32,0.52,7.62,13.1,18,3.78,4.62,3.44,0,1.98,5.68,10.74
1,2,246058,토란국_HS,1210050002b,다시마: 말린것,2,2.2,0.904,0.022,0.022,0,0.148,0.148,0,0.642,0,0,0,0,0,0,0,0,0,0.246,0.68,0.96,1.92,0,11.52,0,0,0,0,0,0,0,0,0,0,0,0,0,0,0,0,0.36,0.0044,0.009,0.09,0,0,0,0,0,0,0,0,0,0,0,14.16,14.16,0,3.72,62,0,150,14.4,0.126,0.126,0,0.022,0,0,0,0,0,0,0,0,0.01848,0.01006,0.00466,0.00376,0.00302,8.00E-04,0.00296,0,0,0,0,0,0,0,0.00228,0,0,0.00636,0,0,0,0.00142,0.00466,0,0.00222,8.00E-04,7.40E-04,0,0,0,0,0,0,0,0,0,0,0,0,0,0,0,0,0,0,0,0,0,0,0,0,0,0,0,0,0,0,0,0,0,0,0,0,0,0,0,0,0,0,0,0,0,0,0,0
1,2,246058,토란국_HS,0610500100a,마늘: 국내산: 생것,1,1.28,0.2642,0.0016,0.0016,0,0.0745,0.0745,0,0.038,0.016,0.023,0.0023,0,0.0023,0,0,0,0,0.648,0.0121,0,0,0,0,0,0,0,0.002,0.002,0.002,0,0,0,0,0,0,0,0,0,0,0.0845,0.00145,0.00161,0.00498,0.00795,0.00468,3.00E-04,0,0.92,0.92,0,0,0.01084,0.0384,0.0010800001,0.12,0.12,0,1.56,0.03,0,5.31,0.24,0.0078,0.0078,0,0.0066,0.35,0,0.00251,0.0111,0.0346,0,0.1079,0,0.00148,5.50E-04,1.80E-04,7.60E-04,7.60E-04,0,7.60E-04,0,0,0,0,0,0,0,2.00E-05,0,0,4.90E-04,0,0,0,2.00E-05,1.70E-04,0,7.60E-04,0,0,0,0,0,0,0,0,0,0,0,0,1.00E-05,0,0,0,0,0,0,1.00E-05,0,0,0,0,0,52.74,26.55,26.19,1,1.96,2.07,0.46,1.68,1.39,0.18,1.71,0.93,15.17,1.18,1.08,1.46,7.43,10.67,1.5,1.12,1.75,0,1.54,3.04,4.67
1,2,246058,토란국_HS,1610180001a,소금: 식염,1,0,0,0,0,0,0,0,0,0,0,0,0,0,0,0,0,0,0,0.003,0.997,0,0,0,0,0,0,0,0,0,0,0,0,0,0,0,0,0,0,0,0,0,0,0,0,0,0,0,0,0,0,0,0,0,0,0,0.4,0.4,0,0,335.97,0,1.35,0.24,0.002,0.002,0,0,0,0,0,0,0,0,0,0,0,0,0,0,0,0,0,0,0,0,0,0,0,0,0,0,0,0,0,0,0,0,0,0,0,0,0,0,0,0,0,0,0,0,0,0,0,0,0,0,0,0,0,0,0,0,0,0,0,0,0,0,0,0,0,0,0,0,0,0,0,0,0,0,0,0,0,0,0,0,0,0,0,0,0
1,2,246058,토란국_HS,1610400001b,후추: 분말,0.1,0.306,0.056,0.0041,0.0041,0,0.0113,0.0113,0,0.02458,0,0,0,0,0,0,0,0,0,0.0151,0.0038,0.011,0.022,0,0.132,0,0,0,0,0,0,0,0,0,0,0,0,0,0.1637,0,0,0,1.10E-04,2.20E-04,0.0011,0,0,0,3.40E-04,0.01,0,0,0,0,0,0,0.281,0.281,0,0.167,0.046,0,1.103,0,0.0195,0.0195,0,0.00142,1.1,0,0.00563,0.0082,0.0031,0,0,0,0,0,0,0,0,0,0,0,0,0,0,0,0,0,0,0,0,0,0,0,0,0,0,0,0,0,0,0,0,0,0,0,0,0,0,0,0,0,0,0,0,0,0,0,0,0,0,0,0,0,0,0,0,0,0,0,0,0,0,0,0,0,0,0,0,0,0,0,0,0,0,0,0,0,0
1,8,246061,통들깨무나물_HS,0520020003b,들깨: 가루,1.5,8.1,0.5655,0.5925,0.5925,0,0.24,0.24,0,0.08325,0,0,0,0,0,0,0,0,0,0.0585,0.0435,0.019994998,0.040005,0,0.24,0,0,0,0,0,0,0,0,0,0,0,0,0,0,0,0,0,0.003,0.0075,0.09,0,0,0,0,0,0,0,0,0,0,0,4.14,4.14,0,7.905,0.075,0,8.7,3.612,0.1125,0.1125,0,0.0795,36.3165,0,0.0735,0,0,0.186,0.354,0,0,0,0,0,0,0,0,0,0,0,0,0,0,0,0,0,0,0,0,0,0,0,0,0,0,0,0,0,0,0,0,0,0,0,0,0,0,0,0,0,0,0,0,0,0,0,0,0,0,0,0,0,0,0,0,0,0,0,0,0,0,0,0,0,0,0,0,0,0,0,0,0,0,0,0
1,8,246061,통들깨무나물_HS,1420140000a,참기름,1,9.17,0.0014,0.9959,0.9959,0,0,0,0,0,0,0,0,0,0,0,0,0,0,0.002,7.00E-04,0.0091699995,0.01833,0,0.11,0,0,0,0.4252,0.05777,0.0174,0,0.4019,0.0058999998,0,0,0,0,0.0912,0.0912,0,0,0,7.00E-04,0,0,0,0,0,0,0,0,0,0,0.0383,1.50E-04,0.43,0.43,0,0.99,0.16,0,0.56,0.35,0.0175,0.0175,0,0.0049,0.84,0,0.00156,0,0,0,0,0,0.9557,0.14647,0.38169,0.42463,0.42154998,0.00534,0.41929,0,0,0,0,0,0,0,0,0,0,0.08693,0.00131,6.80E-04,0,0.05138,0.37002,0.00883,0.41621,0.00534,0.00308,0,0.00578,0.00153,0,0,0,0,0,0,0,9.00E-04,0,0,0,0,0,0,8.00E-04,0,0.00291,0,0.00291,0,0.41,0.14,0.27,0.02,0.07,0,0.01,0,0.01,0,0.03,0,0,0,0.02,0.03,0.01,0.05,0.02,0.12,0.02,0,0.03,0,0.12
1,8,246061,통들깨무나물_HS,1420150000a,콩기름,2.5,22.875,0.0165,2.48275,2.48275,0,0,0,0,0,0,0,0,0,0,0,0,0,0,0,7.50E-04,0,0,0,0,0,0,0,1.23175,0.239875,0.15025,0.02025,0.681,0.38025,0,0,0,0,2.629,2.6290002,0,0,0,0,0,0,0,0,0,0,0,0,0,0,0,0,0,0,0,0,0,0,0,0,0,0,0,0,0,0,0,0.066,0.14725,0,0,0,2.37468,0.365425,0.54275,1.4321,1.4321,0.16395,1.26818,0,0,0,0,0,0,0,0.00195,0,0,0.25535,0.001975,0.002025,0,0.086875,0.4874,0.03515,1.26818,0.16395,0,0,0.0075,0.018225,0,0,0,0,0,0,0,0.008625,0,0,0,0,0,0,0.0031,0,0.0344,7.50E-04,0.016925,0.016725,0,0,0,0,0,0,0,0,0,0,0,0,0,0,0,0,0,0,0,0,0,0,0,0,0
1,8,246061,통들깨무나물_HS,0610500100a,마늘: 국내산: 생것,2,2.56,0.5284,0.0032,0.0032,0,0.149,0.149,0,0.076,0.032,0.046,0.0046,0,0.0046,0,0,0,0,1.296,0.0242,0,0,0,0,0,0,0,0.004,0.004,0.004,0,0,0,0,0,0,0,0,0,0,0.169,0.0029,0.00322,0.00996,0.0159,0.00936,6.00E-04,0,1.84,1.84,0,0,0.02168,0.0768,0.0021600001,0.24,0.24,0,3.12,0.06,0,10.62,0.48,0.0156,0.0156,0,0.0132,0.7,0,0.00502,0.0222,0.0692,0,0.2158,0,0.00296,0.0011,3.60E-04,0.00152,0.0015199999,0,0.00152,0,0,0,0,0,0,0,4.00E-05,0,0,9.80E-04,0,0,0,4.00E-05,3.40E-04,0,0.00152,0,0,0,0,0,0,0,0,0,0,0,0,2.00E-05,0,0,0,0,0,0,2.00E-05,0,0,0,0,0,105.48,53.1,52.38,2,3.92,4.14,0.92,3.36,2.78,0.36,3.42,1.86,30.34,2.36,2.16,2.92,14.86,21.34,3,2.24,3.5,0,3.08,6.08,9.34
1,8,246061,통들깨무나물_HS,0611570200a,파: 대파,2,0.46,0.096,0.003,0.003,0,0.0356,0.0356,0,0.032,0.004,0.028,0.052600004,8.00E-04,0.024600001,0.025,0,0,0.0022,1.856,0.0094,0.46166,0.92334,0,5.54,0,0,0,0,0,0,0,0,0,0,0,0,0,1.7508,1.7508,0,0.071,0.00132,0.00188,0.00286,0.00464,0.0015,0.0013600001,0,0.4,0.4,0,0,0.01674,0,2.80E-04,0.48,0.48,0,0.6,0,0,3.62,0.2,0.0164,0.0164,0,0.0158,0.4,0,0.01506,0.1876,0,0,0.0382,0,0.0029,0.0013,1.60E-04,0.00144,0.0014399999,5.00E-04,9.40E-04,0,0,0,0,0,4.00E-05,0,2.00E-05,0,0,7.40E-04,0,0,0,4.20E-04,1.60E-04,0,9.40E-04,5.00E-04,0,0,2.00E-05,0,0,0,0,0,0,0,2.00E-05,4.00E-05,0,0,0,0,0,0,0,0,0,0,0,0,21.64,8.16,13.48,0.7,1.42,1,0.24,0.9,1.24,0.1,0.94,0.48,1.14,0.66,0.22,0.96,2.86,5.88,0.78,0.5,1.62,0,0.46,1.66,3.06
1,8,246061,통들깨무나물_HS,0610570100a,무: 게걸무: 뿌리,60,35.4,8.16,0.06,0.06,0,1.38,1.38,0,1.524,0,0,0,0,0,0,0,0,0,49.62,0.78,0,0,0,0,0,0,0,0,0,0,0,0,0,0,0,0,0,0,0,0,9.6,0.078,0.006,1.2,0,0,0,0.036,24.06,0,0,0,0.084,0,0,25.2,25.2,0,20.4,10.8,0,255.6,0,0.78,0.78,0,0.072,0,0,0,0,0,0,0,0,0,0,0,0,0,0,0,0,0,0,0,0,0,0,0,0,0,0,0,0,0,0,0,0,0,0,0,0,0,0,0,0,0,0,0,0,0,0,0,0,0,0,0,0,0,0,0,0,0,0,0,0,0,0,0,0,0,0,0,0,0,0,0,0,0,0,0,0,0,0,0,0,0,0,0
2,7,246061,통들깨무나물_HS,0520020003b,들깨: 가루,1.5,8.1,0.5655,0.5925,0.5925,0,0.24,0.24,0,0.08325,0,0,0,0,0,0,0,0,0,0.0585,0.0435,0.019994998,0.040005,0,0.24,0,0,0,0,0,0,0,0,0,0,0,0,0,0,0,0,0,0.003,0.0075,0.09,0,0,0,0,0,0,0,0,0,0,0,4.14,4.14,0,7.905,0.075,0,8.7,3.612,0.1125,0.1125,0,0.0795,36.3165,0,0.0735,0,0,0.186,0.354,0,0,0,0,0,0,0,0,0,0,0,0,0,0,0,0,0,0,0,0,0,0,0,0,0,0,0,0,0,0,0,0,0,0,0,0,0,0,0,0,0,0,0,0,0,0,0,0,0,0,0,0,0,0,0,0,0,0,0,0,0,0,0,0,0,0,0,0,0,0,0,0,0,0,0,0
2,7,246061,통들깨무나물_HS,1420140000a,참기름,1,9.17,0.0014,0.9959,0.9959,0,0,0,0,0,0,0,0,0,0,0,0,0,0,0.002,7.00E-04,0.0091699995,0.01833,0,0.11,0,0,0,0.4252,0.05777,0.0174,0,0.4019,0.0058999998,0,0,0,0,0.0912,0.0912,0,0,0,7.00E-04,0,0,0,0,0,0,0,0,0,0,0.0383,1.50E-04,0.43,0.43,0,0.99,0.16,0,0.56,0.35,0.0175,0.0175,0,0.0049,0.84,0,0.00156,0,0,0,0,0,0.9557,0.14647,0.38169,0.42463,0.42154998,0.00534,0.41929,0,0,0,0,0,0,0,0,0,0,0.08693,0.00131,6.80E-04,0,0.05138,0.37002,0.00883,0.41621,0.00534,0.00308,0,0.00578,0.00153,0,0,0,0,0,0,0,9.00E-04,0,0,0,0,0,0,8.00E-04,0,0.00291,0,0.00291,0,0.41,0.14,0.27,0.02,0.07,0,0.01,0,0.01,0,0.03,0,0,0,0.02,0.03,0.01,0.05,0.02,0.12,0.02,0,0.03,0,0.12
2,7,246061,통들깨무나물_HS,1420150000a,콩기름,2.5,22.875,0.0165,2.48275,2.48275,0,0,0,0,0,0,0,0,0,0,0,0,0,0,0,7.50E-04,0,0,0,0,0,0,0,1.23175,0.239875,0.15025,0.02025,0.681,0.38025,0,0,0,0,2.629,2.6290002,0,0,0,0,0,0,0,0,0,0,0,0,0,0,0,0,0,0,0,0,0,0,0,0,0,0,0,0,0,0,0,0.066,0.14725,0,0,0,2.37468,0.365425,0.54275,1.4321,1.4321,0.16395,1.26818,0,0,0,0,0,0,0,0.00195,0,0,0.25535,0.001975,0.002025,0,0.086875,0.4874,0.03515,1.26818,0.16395,0,0,0.0075,0.018225,0,0,0,0,0,0,0,0.008625,0,0,0,0,0,0,0.0031,0,0.0344,7.50E-04,0.016925,0.016725,0,0,0,0,0,0,0,0,0,0,0,0,0,0,0,0,0,0,0,0,0,0,0,0,0
2,7,246061,통들깨무나물_HS,0610500100a,마늘: 국내산: 생것,2,2.56,0.5284,0.0032,0.0032,0,0.149,0.149,0,0.076,0.032,0.046,0.0046,0,0.0046,0,0,0,0,1.296,0.0242,0,0,0,0,0,0,0,0.004,0.004,0.004,0,0,0,0,0,0,0,0,0,0,0.169,0.0029,0.00322,0.00996,0.0159,0.00936,6.00E-04,0,1.84,1.84,0,0,0.02168,0.0768,0.0021600001,0.24,0.24,0,3.12,0.06,0,10.62,0.48,0.0156,0.0156,0,0.0132,0.7,0,0.00502,0.0222,0.0692,0,0.2158,0,0.00296,0.0011,3.60E-04,0.00152,0.0015199999,0,0.00152,0,0,0,0,0,0,0,4.00E-05,0,0,9.80E-04,0,0,0,4.00E-05,3.40E-04,0,0.00152,0,0,0,0,0,0,0,0,0,0,0,0,2.00E-05,0,0,0,0,0,0,2.00E-05,0,0,0,0,0,105.48,53.1,52.38,2,3.92,4.14,0.92,3.36,2.78,0.36,3.42,1.86,30.34,2.36,2.16,2.92,14.86,21.34,3,2.24,3.5,0,3.08,6.08,9.34
2,7,246061,통들깨무나물_HS,0611570200a,파: 대파,2,0.46,0.096,0.003,0.003,0,0.0356,0.0356,0,0.032,0.004,0.028,0.052600004,8.00E-04,0.024600001,0.025,0,0,0.0022,1.856,0.0094,0.46166,0.92334,0,5.54,0,0,0,0,0,0,0,0,0,0,0,0,0,1.7508,1.7508,0,0.071,0.00132,0.00188,0.00286,0.00464,0.0015,0.0013600001,0,0.4,0.4,0,0,0.01674,0,2.80E-04,0.48,0.48,0,0.6,0,0,3.62,0.2,0.0164,0.0164,0,0.0158,0.4,0,0.01506,0.1876,0,0,0.0382,0,0.0029,0.0013,1.60E-04,0.00144,0.0014399999,5.00E-04,9.40E-04,0,0,0,0,0,4.00E-05,0,2.00E-05,0,0,7.40E-04,0,0,0,4.20E-04,1.60E-04,0,9.40E-04,5.00E-04,0,0,2.00E-05,0,0,0,0,0,0,0,2.00E-05,4.00E-05,0,0,0,0,0,0,0,0,0,0,0,0,21.64,8.16,13.48,0.7,1.42,1,0.24,0.9,1.24,0.1,0.94,0.48,1.14,0.66,0.22,0.96,2.86,5.88,0.78,0.5,1.62,0,0.46,1.66,3.06
2,7,246061,통들깨무나물_HS,0610570100a,무: 게걸무: 뿌리,60,35.4,8.16,0.06,0.06,0,1.38,1.38,0,1.524,0,0,0,0,0,0,0,0,0,49.62,0.78,0,0,0,0,0,0,0,0,0,0,0,0,0,0,0,0,0,0,0,0,9.6,0.078,0.006,1.2,0,0,0,0.036,24.06,0,0,0,0.084,0,0,25.2,25.2,0,20.4,10.8,0,255.6,0,0.78,0.78,0,0.072,0,0,0,0,0,0,0,0,0,0,0,0,0,0,0,0,0,0,0,0,0,0,0,0,0,0,0,0,0,0,0,0,0,0,0,0,0,0,0,0,0,0,0,0,0,0,0,0,0,0,0,0,0,0,0,0,0,0,0,0,0,0,0,0,0,0,0,0,0,0,0,0,0,0,0,0,0,0,0,0,0,0,0
2,5,246046,표고버섯볶음_HS,0710260001a,표고버섯: 참나무: 생것: 생것,45,8.1,2.745,0.135,0.135,0,0.9,0.9,0,1.773,0,0,0,0,0,0,0,0,0,40.86,0.36,0,0,0,0,0,0,0,0,0,0,0,0,0,0,0,0,0,0,0,0,0,0.036,0.1035,1.8,0,0,0,0,0,0,0,0,0,0,0,2.7,2.7,0,12.6,2.25,0,81,5.175,0.27,0.27,0,0.3051,0,0,0,0,0,0,0,0,0.0765,0.018,9.00E-04,0.0576,0.057600003,9.00E-04,0.0567,0,0,0,0,0,0,0,0,0,0,0.01485,0,0,0,0.00315,9.00E-04,0,0.0567,9.00E-04,0,0,0,0,0,0,0,0,0,0,0,0,0,0,0,0,0,0,0,0,0,0,0,0,0,0,0,0,0,0,0,0,0,0,0,0,0,0,0,0,0,0,0,0,0,0,0,0,0
2,5,246046,표고버섯볶음_HS,0611100100a,양파: 국내산: 생것,20,5.8,1.334,0.008,0.008,0,0.19,0.19,0,0.34,0,0.34,1.148,0.13,0.55799997,0.45999998,0,0,0,18.4,0.066,0.0334,0.0666,0,0.4,0,0,0,0,0,0,0,0,0,0,0,0,0,0,0,0,1.176,0.007,0.0022,0.0198,0.057200003,0.019,8.00E-04,0,2.2,2.2,0,0,0.0212,0.114,0.0022,3,3,0,5.4,0.6,0,29,1.6,0.04,0.04,0,0.03,1.4,0,0.0352,0,0.234,0,0.106,0,0.0076,0.0022,0.0012,0.0042,0.0036,2.00E-04,0.004,0,0,0,0,0,0,0,0,0,0,0.0018,0,0,0,2.00E-04,0.0012,0,0.0034,2.00E-04,4.00E-04,0,0,0,0,0,0,0,0,0,0,0,0,0,0,0,0,0,4.00E-04,0,0,0,0,0,148,73.6,74.4,3.8,7.4,9,1.2,6,4.2,2.2,4.8,2.6,32.4,3,1.8,3.6,15,40.4,4,2.8,3.8,0,3,11.2,16
2,5,246046,표고버섯볶음_HS,0610400000a,당근: 생것,10,3.1,0.703,0.013,0.013,0,0.102,0.102,0,0.31,0.07,0.24,0.623,0.272,0.188,0.163,0,0,0,9.11,0.072,45.966698,91.9333,0,551.6,0,0,0,0.073,0.0681,0.066,0,0,0,0.007,0,0,0,1.446,1.446,0,0.302,0.0037,0.0062,0.0882,0.0999,0.0882,0,0,2.2,2.2,0,0,0.0186,0.089,0.0012,2.4,2.4,0,4.2,2.3,0,29.9,1.4,0.028,0.028,0,0.011,1.8,0,0.005,0,0.274,0,0.229,0,0.0128,0.0032,5.00E-04,0.0091,0.009099999,8.00E-04,0.0083,0,0,0,0,0,0,0,0,0,0,0.0028,0,0,0,2.00E-04,3.00E-04,2.00E-04,0.0083,8.00E-04,0,0,1.00E-04,0,0,0,0,0,0,0,0,1.00E-04,0,0,0,0,0,0,1.00E-04,0,0,0,0,0,80.1,24.7,55.4,2.6,3.6,3.1,0.8,2.7,3,0.7,3.5,1.3,3.4,2.1,0.7,9.5,13.3,20.9,2.3,2.4,4.2,0,1.5,5.5,9.7
2,5,246046,표고버섯볶음_HS,0611570300a,파: 소파(실파),5,0.8,0.16,0.005,0.005,0,0.075,0.075,0,0.089,0,0,0,0,0,0,0,0,0,4.715,0.045,3,6,0,36,0,0,0,0,0,0,0,0,0,0,0,0,0,0,0,0,1.2,0.0025,0.004,0.02,0,0,0,0,0,0,0,0,0,0,0,3.75,3.75,0,1.95,0.1,0,13.55,0.65145,0.04,0.04,0,0.0297,0,0,0,0,0,0,0,0,0.0047,0.0013,2.00E-04,0.0032,0.00165,0,0.0032,0,0,0,0,0,0,0,5.00E-05,0,0,0.0011,0,0,0,1.50E-04,2.00E-04,0,0.00165,0,0.00155,0,0,0,0,0,0,0,0,0,0,0,0,0,0,0,0,0,0,0,0,0,0,0,0,0,0,0,0,0,0,0,0,0,0,0,0,0,0,0,0,0,0,0,0,0,0,0,0
2,5,246046,표고버섯볶음_HS,1610010001i,간장: 왜간장(개량간장),4,2.16,0.2236,0.0076,0.0076,0,0.2964,0.2964,0,0.036,0.028,0.004,0.1112,0.027999999,0.0392,0.0436,0,0,0,2.88,0.5944,0,0,0,0,0,0,0,0,0,0,0,0,0,0,0,0,0,0,0,0,0,0.00772,0.02144,0.12504,0.14296,0.06996,0.05508,0,1.2,1.2,0,0,0.02368,0.1048,0,1,1,0,5.08,219.04,0,16.88,1.88,0.0436,0.0436,0,0.0152,0,0,0.02552,0.0472,1.2268,0,0.8108,0,2.40E-04,1.20E-04,4.00E-05,4.00E-05,4.00E-05,0,4.00E-05,0,0,0,0,0,0,0,0,0,0,4.00E-05,0,0,0,4.00E-05,4.00E-05,0,4.00E-05,0,0,0,0,0,0,0,0,0,0,0,0,0,0,0,0,0,0,0,0,0,4.00E-05,0,0,4.00E-05,206.96,90.4,116.56,9.72,16.92,6.08,2.2,8.92,8.12,1.08,9.24,4.36,23.76,3.76,2.48,13.6,16.76,49.2,18.6,0,12.16,0,4.68,13.76,35.88
2,5,246046,표고버섯볶음_HS,1420150000a,콩기름,3,27.45,0.0198,2.9793,2.9793,0,0,0,0,0,0,0,0,0,0,0,0,0,0,0,9.00E-04,0,0,0,0,0,0,0,1.4781,0.28785002,0.18030001,0.0243,0.8172,0.4563,0,0,0,0,3.1548,3.1548002,0,0,0,0,0,0,0,0,0,0,0,0,0,0,0,0,0,0,0,0,0,0,0,0,0,0,0,0,0,0,0,0.0792,0.1767,0,0,0,2.84961,0.43851,0.6513,1.71852,1.71852,0.19674,1.52181,0,0,0,0,0,0,0,0.00234,0,0,0.30642,0.00237,0.00243,0,0.10425,0.58488,0.04218,1.52181,0.19674,0,0,0.009,0.02187,0,0,0,0,0,0,0,0.01035,0,0,0,0,0,0,0.00372,0,0.04128,9.00E-04,0.02031,0.020070001,0,0,0,0,0,0,0,0,0,0,0,0,0,0,0,0,0,0,0,0,0,0,0,0,0
2,5,246046,표고버섯볶음_HS,0610500100a,마늘: 국내산: 생것,2,2.56,0.5284,0.0032,0.0032,0,0.149,0.149,0,0.076,0.032,0.046,0.0046,0,0.0046,0,0,0,0,1.296,0.0242,0,0,0,0,0,0,0,0.004,0.004,0.004,0,0,0,0,0,0,0,0,0,0,0.169,0.0029,0.00322,0.00996,0.0159,0.00936,6.00E-04,0,1.84,1.84,0,0,0.02168,0.0768,0.0021600001,0.24,0.24,0,3.12,0.06,0,10.62,0.48,0.0156,0.0156,0,0.0132,0.7,0,0.00502,0.0222,0.0692,0,0.2158,0,0.00296,0.0011,3.60E-04,0.00152,0.0015199999,0,0.00152,0,0,0,0,0,0,0,4.00E-05,0,0,9.80E-04,0,0,0,4.00E-05,3.40E-04,0,0.00152,0,0,0,0,0,0,0,0,0,0,0,0,2.00E-05,0,0,0,0,0,0,2.00E-05,0,0,0,0,0,105.48,53.1,52.38,2,3.92,4.14,0.92,3.36,2.78,0.36,3.42,1.86,30.34,2.36,2.16,2.92,14.86,21.34,3,2.24,3.5,0,3.08,6.08,9.34
2,5,246046,표고버섯볶음_HS,0520010004e,참깨: 흰깨: 볶은것,1,5.57,0.2183,0.4511,0.4511,0,0.2596,0.2596,0,0.141,0.017,0.124,0,0,0,0,0,0,0,0.026,0.045,0.010829999,0.02167,0,0.13,0,0,0,0.2298,0.02386,0.0011999999,0,0.2258,0.0028,0,0,0,0,0,0,0,0,0.00345,0.02932,0.03747,0.094840005,0.034679998,0.00279,0,1.5,1.5,0,0,0.00628,0,0,8.54,8.54,0,7.02,0.02,0,4.59,3.53,0.0639,0.0639,0,0.0511,11.03,0,0.01304,0,0.0331,0,0.3858,0,0.43299,0.07098,0.1767,0.18476,0.18303,0.00172,0.18304,0,0,0,0,0,0,0,9.00E-05,0,0,0.04171,6.10E-04,3.30E-04,0,0.0251,0.17122,0.00404,0.18131,0.00172,0.00149,0,0.00276,7.80E-04,2.40E-04,0,0,0,0,0,0,5.60E-04,0,0,0,0,0,9.00E-05,3.50E-04,5.00E-05,5.50E-04,2.00E-04,2.60E-04,9.00E-05,215.97,101.21,114.76,7.77,15.48,6.14,5.72,10.13,8.05,3.45,9.86,5.64,28.97,7.59,4.48,10.77,18.62,43.55,11.64,7.65,10.46,0,10.2,21.17,33.11
2,5,246046,표고버섯볶음_HS,1610180001a,소금: 식염,0.5,0,0,0,0,0,0,0,0,0,0,0,0,0,0,0,0,0,0,0.0015,0.4985,0,0,0,0,0,0,0,0,0,0,0,0,0,0,0,0,0,0,0,0,0,0,0,0,0,0,0,0,0,0,0,0,0,0,0,0.2,0.2,0,0,167.985,0,0.675,0.12,0.001,0.001,0,0,0,0,0,0,0,0,0,0,0,0,0,0,0,0,0,0,0,0,0,0,0,0,0,0,0,0,0,0,0,0,0,0,0,0,0,0,0,0,0,0,0,0,0,0,0,0,0,0,0,0,0,0,0,0,0,0,0,0,0,0,0,0,0,0,0,0,0,0,0,0,0,0,0,0,0,0,0,0,0,0,0,0,0
3,6,246069,표고죽_HS,0710260001a,표고버섯: 참나무: 생것: 생것,40,7.2,2.44,0.12,0.12,0,0.8,0.8,0,1.576,0,0,0,0,0,0,0,0,0,36.32,0.32,0,0,0,0,0,0,0,0,0,0,0,0,0,0,0,0,0,0,0,0,0,0.032,0.092,1.6,0,0,0,0,0,0,0,0,0,0,0,2.4,2.4,0,11.2,2,0,72,4.6,0.24,0.24,0,0.2712,0,0,0,0,0,0,0,0,0.068,0.016,8.00E-04,0.0512,0.051200002,8.00E-04,0.0504,0,0,0,0,0,0,0,0,0,0,0.0132,0,0,0,0.0028,8.00E-04,0,0.0504,8.00E-04,0,0,0,0,0,0,0,0,0,0,0,0,0,0,0,0,0,0,0,0,0,0,0,0,0,0,0,0,0,0,0,0,0,0,0,0,0,0,0,0,0,0,0,0,0,0,0,0,0
3,6,246069,표고죽_HS,0120010500a,멥쌀: 논벼: 백미 (국내산): 일반형: 일품,50,176.5,39.25,0.05,0.05,0,2.85,2.85,0,0.48,0,0,0,0,0,0,0,0,0,7.7,0.15,0.1665,0.3335,0,2,0,0,0,0,0,0,0,0,0,0,0,0,0,0,0,0,0,0.07,0.01,0.45,0,0,0,0,0,0,0,0,0,0,0,3,3,0,38.5,2.5,0,46,0,0.7,0.7,0,0,0,0,0,0,0,0,0,0,0,0,0,0,0,0,0,0,0,0,0,0,0,0,0,0,0,0,0,0,0,0,0,0,0,0,0,0,0,0,0,0,0,0,0,0,0,0,0,0,0,0,0,0,0,0,0,0,0,0,0,0,0,0,0,0,0,0,0,0,0,0,0,0,0,0,0,0,0,0,0,0,0,0,0
3,6,246069,표고죽_HS,1420140000a,참기름,3,27.51,0.0042,2.9877,2.9877,0,0,0,0,0,0,0,0,0,0,0,0,0,0,0.006,0.0021,0.02751,0.05499,0,0.33,0,0,0,1.2756,0.17331,0.0522,0,1.2056999,0.0177,0,0,0,0,0.2736,0.27359998,0,0,0,0.0021,0,0,0,0,0,0,0,0,0,0,0.1149,4.50E-04,1.29,1.29,0,2.97,0.48,0,1.68,1.05,0.0525,0.0525,0,0.0147,2.52,0,0.00468,0,0,0,0,0,2.8671,0.43941,1.14507,1.27389,1.26465,0.01602,1.25787,0,0,0,0,0,0,0,0,0,0,0.26079,0.00393,0.0020400002,0,0.15414,1.11006,0.026490001,1.24863,0.01602,0.00924,0,0.01734,0.00459,0,0,0,0,0,0,0,0.0027,0,0,0,0,0,0,0.0024,0,0.00873,0,0.00873,0,1.23,0.42,0.81,0.06,0.21,0,0.03,0,0.03,0,0.09,0,0,0,0.06,0.09,0.03,0.15,0.06,0.36,0.06,0,0.09,0,0.36
3,6,246069,표고죽_HS,1610180001a,소금: 식염,1,0,0,0,0,0,0,0,0,0,0,0,0,0,0,0,0,0,0,0.003,0.997,0,0,0,0,0,0,0,0,0,0,0,0,0,0,0,0,0,0,0,0,0,0,0,0,0,0,0,0,0,0,0,0,0,0,0,0.4,0.4,0,0,335.97,0,1.35,0.24,0.002,0.002,0,0,0,0,0,0,0,0,0,0,0,0,0,0,0,0,0,0,0,0,0,0,0,0,0,0,0,0,0,0,0,0,0,0,0,0,0,0,0,0,0,0,0,0,0,0,0,0,0,0,0,0,0,0,0,0,0,0,0,0,0,0,0,0,0,0,0,0,0,0,0,0,0,0,0,0,0,0,0,0,0,0,0,0,0
2,3,246045,후랑크마늘쫑볶음_HS,0611100100a,양파: 국내산: 생것,20,5.8,1.334,0.008,0.008,0,0.19,0.19,0,0.34,0,0.34,1.148,0.13,0.55799997,0.45999998,0,0,0,18.4,0.066,0.0334,0.0666,0,0.4,0,0,0,0,0,0,0,0,0,0,0,0,0,0,0,0,1.176,0.007,0.0022,0.0198,0.057200003,0.019,8.00E-04,0,2.2,2.2,0,0,0.0212,0.114,0.0022,3,3,0,5.4,0.6,0,29,1.6,0.04,0.04,0,0.03,1.4,0,0.0352,0,0.234,0,0.106,0,0.0076,0.0022,0.0012,0.0042,0.0036,2.00E-04,0.004,0,0,0,0,0,0,0,0,0,0,0.0018,0,0,0,2.00E-04,0.0012,0,0.0034,2.00E-04,4.00E-04,0,0,0,0,0,0,0,0,0,0,0,0,0,0,0,0,0,4.00E-04,0,0,0,0,0,148,73.6,74.4,3.8,7.4,9,1.2,6,4.2,2.2,4.8,2.6,32.4,3,1.8,3.6,15,40.4,4,2.8,3.8,0,3,11.2,16
2,3,246045,후랑크마늘쫑볶음_HS,1610010001i,간장: 왜간장(개량간장),6,3.24,0.3354,0.0114,0.0114,0,0.4446,0.4446,0,0.054,0.042,0.006,0.16679999,0.042,0.0588,0.065400004,0,0,0,4.32,0.8916,0,0,0,0,0,0,0,0,0,0,0,0,0,0,0,0,0,0,0,0,0,0.01158,0.03216,0.18756,0.21443999,0.10494,0.082619995,0,1.8,1.8,0,0,0.03552,0.1572,0,1.5,1.5,0,7.62,328.56,0,25.32,2.82,0.0654,0.0654,0,0.0228,0,0,0.03828,0.0708,1.8402,0,1.2162,0,3.60E-04,1.80E-04,6.00E-05,6.00E-05,6.00E-05,0,6.00E-05,0,0,0,0,0,0,0,0,0,0,6.00E-05,0,0,0,6.00E-05,6.00E-05,0,6.00E-05,0,0,0,0,0,0,0,0,0,0,0,0,0,0,0,0,0,0,0,0,0,6.00E-05,0,0,6.00E-05,310.44,135.6,174.84,14.58,25.38,9.12,3.3,13.38,12.18,1.62,13.86,6.54,35.64,5.64,3.72,20.4,25.14,73.8,27.9,0,18.24,0,7.02,20.64,53.82
2,3,246045,후랑크마늘쫑볶음_HS,0611570300a,파: 소파(실파),5,0.8,0.16,0.005,0.005,0,0.075,0.075,0,0.089,0,0,0,0,0,0,0,0,0,4.715,0.045,3,6,0,36,0,0,0,0,0,0,0,0,0,0,0,0,0,0,0,0,1.2,0.0025,0.004,0.02,0,0,0,0,0,0,0,0,0,0,0,3.75,3.75,0,1.95,0.1,0,13.55,0.65145,0.04,0.04,0,0.0297,0,0,0,0,0,0,0,0,0.0047,0.0013,2.00E-04,0.0032,0.00165,0,0.0032,0,0,0,0,0,0,0,5.00E-05,0,0,0.0011,0,0,0,1.50E-04,2.00E-04,0,0.00165,0,0.00155,0,0,0,0,0,0,0,0,0,0,0,0,0,0,0,0,0,0,0,0,0,0,0,0,0,0,0,0,0,0,0,0,0,0,0,0,0,0,0,0,0,0,0,0,0,0,0,0
2,3,246045,후랑크마늘쫑볶음_HS,1420150000a,콩기름,3,27.45,0.0198,2.9793,2.9793,0,0,0,0,0,0,0,0,0,0,0,0,0,0,0,9.00E-04,0,0,0,0,0,0,0,1.4781,0.28785002,0.18030001,0.0243,0.8172,0.4563,0,0,0,0,3.1548,3.1548002,0,0,0,0,0,0,0,0,0,0,0,0,0,0,0,0,0,0,0,0,0,0,0,0,0,0,0,0,0,0,0,0.0792,0.1767,0,0,0,2.84961,0.43851,0.6513,1.71852,1.71852,0.19674,1.52181,0,0,0,0,0,0,0,0.00234,0,0,0.30642,0.00237,0.00243,0,0.10425,0.58488,0.04218,1.52181,0.19674,0,0,0.009,0.02187,0,0,0,0,0,0,0,0.01035,0,0,0,0,0,0,0.00372,0,0.04128,9.00E-04,0.02031,0.020070001,0,0,0,0,0,0,0,0,0,0,0,0,0,0,0,0,0,0,0,0,0,0,0,0,0
2,3,246045,후랑크마늘쫑볶음_HS,0520010004e,참깨: 흰깨: 볶은것,0.7,3.899,0.15281,0.31577,0.31577,0,0.18172,0.18172,0,0.0987,0.0119,0.0868,0,0,0,0,0,0,0,0.0182,0.0315,0.0075809993,0.015169,0,0.091,0,0,0,0.16086,0.016702,8.40E-04,0,0.15806,0.00196,0,0,0,0,0,0,0,0,0.002415,0.020524,0.026229,0.066388,0.024276,0.0019530001,0,1.05,1.05,0,0,0.004396,0,0,5.978,5.978,0,4.914,0.014,0,3.213,2.471,0.04473,0.04473,0,0.03577,7.721,0,0.009128,0,0.02317,0,0.27006,0,0.303093,0.049686,0.12369,0.129332,0.12812099,0.001204,0.128128,0,0,0,0,0,0,0,6.30E-05,0,0,0.029197,4.27E-04,2.31E-04,0,0.01757,0.119854,0.002828,0.126917,0.001204,0.001043,0,0.001932,5.46E-04,1.68E-04,0,0,0,0,0,0,3.92E-04,0,0,0,0,0,6.30E-05,2.45E-04,3.50E-05,3.85E-04,1.40E-04,1.82E-04,6.30E-05,151.179,70.847,80.332,5.439,10.836,4.298,4.004,7.091,5.635,2.415,6.902,3.948,20.279,5.313,3.136,7.539,13.034,30.485,8.148,5.355,7.322,0,7.14,14.819,23.177
2,3,246045,후랑크마늘쫑볶음_HS,0610500100a,마늘: 국내산: 생것,0.5,0.64,0.1321,8.00E-04,8.00E-04,0,0.03725,0.03725,0,0.019,0.008,0.0115,0.00115,0,0.00115,0,0,0,0,0.324,0.00605,0,0,0,0,0,0,0,0.001,0.001,0.001,0,0,0,0,0,0,0,0,0,0,0.04225,7.25E-04,8.05E-04,0.00249,0.003975,0.00234,1.50E-04,0,0.46,0.46,0,0,0.00542,0.0192,5.40E-04,0.06,0.06,0,0.78,0.015,0,2.655,0.12,0.0039,0.0039,0,0.0033,0.175,0,0.001255,0.00555,0.0173,0,0.05395,0,7.40E-04,2.75E-04,9.00E-05,3.80E-04,3.80E-04,0,3.80E-04,0,0,0,0,0,0,0,1.00E-05,0,0,2.45E-04,0,0,0,1.00E-05,8.50E-05,0,3.80E-04,0,0,0,0,0,0,0,0,0,0,0,0,5.00E-06,0,0,0,0,0,0,5.00E-06,0,0,0,0,0,26.37,13.275,13.095,0.5,0.98,1.035,0.23,0.84,0.695,0.09,0.855,0.465,7.585,0.59,0.54,0.73,3.715,5.335,0.75,0.56,0.875,0,0.77,1.52,2.335
2,3,246045,후랑크마늘쫑볶음_HS,1610040001b,고추가루,0.5,1.595,0.3031,0.042,0.042,0,0.06645,0.06645,0,0.1885,0.0315,0.157,0.08725,0,0.0322,0.05505,0,0,0,0.0625,0.02595,3.067915,6.13584,0,36.815,0,0,0,0.1833,0.137875,0.13205,0.0035499998,0.03745,0.010249999,0,0,0,0,0.34526,0.34526002,0,0,0.002135,0.010795,0.042165,0.047824997,0.004185,0.03798,0,0.475,0.475,0,0,0.00122,0.3761,2.85E-04,0.395,0.395,0,1.71,0.065,0,12.705,0.775,0.02445,0.02445,0,0.0135,3.47,0,0.007325,0.0521,0.0196,0,0.093,0,0.04019,0.00739,0.004595,0.027965,0.027895,0.0018,0.026165,0,0,0,0,0,1.25E-04,0,4.45E-04,0,1.50E-05,0.005505,2.80E-04,6.00E-05,0,9.30E-04,0.00367,6.00E-04,0.026095,0.0018,5.00E-05,0,1.25E-04,4.00E-05,2.50E-05,0,0,0,0,0,5.00E-06,9.50E-05,0,0,0,0,0,0,8.50E-05,0,2.45E-04,1.00E-05,2.10E-04,2.50E-05,53.115,19.725,33.39,1.775,3.53,2.37,0.645,2.05,2.165,0.34,2.44,0.94,3.47,1.565,1.25,2.695,11.315,8.49,2.73,3.73,1.615,0,1.895,3.955,7.745
2,3,246045,후랑크마늘쫑볶음_HS,0920070016j,돼지고기 가공: 햄: 덩크후랑크: 진주햄,25,49,2.25,2.475,0,2.475,4.2,0,4.2,0,0,0,0.525,0,0,0,0,0,0,14.55,0.2,12.91675,24.8333,1,143,0,0,0,0,0,0,0,0,0,0,0,0,0,0,0,0,0.5,0.1325,0.0325,1.1,0,0,0,0.065,0,0,0,0.185,0.11675,0,0,3.25,0,3.25,36.25,13.25,0,46.5,0,0.1,0,0.1,0.165,17.5,0,0,0,3.825,0,0,12.5,2.9005,1.0495,1.42925,0.42175,0.37375,0.021,0.40075,0,0,0,0,0,0,0,0.036,0,0,0.67575,0.08675,0,0,0.332,1.3425,0,0.35575,0.018,0.018,0,0.006,0,0.015,0,0.009,0,0.003,2.50E-04,0,0,0,0,0,0,0.00275,0,0,0,0,0,0,0,2491.25,1492.25,999,157,255.5,186.25,94.5,132.5,117.75,34.25,166,153.75,194.75,94.75,14.5,195.75,215.75,166,103.25,130.25,78.75,0,109,261.5,578.5
2,3,246045,후랑크마늘쫑볶음_HS,0610510000a,마늘쫑,10,5.3,1.339,0.006,0.006,0,0.186,0.186,0,0.46,0.08,0.38,0.546,0,0.222,0.324,0,0,0,8.41,0.059,3.55,7.1,0,42.6,0,0,0,0.011,0.011,0.011,0,0,0,0,0,0,0,4.673,4.673,0,4.437,9.00E-04,0.0065,0.0658,0.1026,0.051700003,0.0142,0,8.2,8.2,0,0,0.0177,0.232,0.0053,4.9,4.9,0,4.8,0.1,0,21.4,1.9,0.051,0.051,0,0.04,2.3,0,0.0183,0,0.318,0,1.305,0,0.0054,0.0042,1.00E-04,0.001,1.00E-03,4.00E-04,7.00E-04,0,0,0,0,0,0,0,0,0,0,0.0031,0,0,0,3.00E-04,1.00E-04,0,7.00E-04,4.00E-04,0,0,2.00E-04,0,0,0,0,0,0,0,2.00E-04,2.00E-04,0,0,0,0,0,0,2.00E-04,0,0,0,0,0,129,53.8,75.2,4.2,7.3,8.3,1.6,5.2,5.2,2.2,5.7,2.3,11.8,4.1,1.7,7.4,13.9,31.2,4.6,4.4,7.9,0,3.3,11.5,17.2
3,10,246085,훈제오리*단호박찜_HS,0611570200a,파: 대파,10,2.3,0.48,0.015,0.015,0,0.178,0.178,0,0.16,0.02,0.14,0.263,0.0039999997,0.123,0.125,0,0,0.011,9.28,0.047,2.3083,4.6167,0,27.7,0,0,0,0,0,0,0,0,0,0,0,0,0,8.754,8.754,0,0.355,0.0066,0.0094,0.0143,0.0232,0.0075000003,0.0068000006,0,2,2,0,0,0.0837,0,0.0014000001,2.4,2.4,0,3,0,0,18.1,1,0.082,0.082,0,0.079,2,0,0.0753,0.938,0,0,0.191,0,0.0145,0.0065,8.00E-04,0.0072,0.0072,0.0025,0.0047,0,0,0,0,0,2.00E-04,0,1.00E-04,0,0,0.0037,0,0,0,0.0021,8.00E-04,0,0.0047,0.0025,0,0,1.00E-04,0,0,0,0,0,0,0,1.00E-04,2.00E-04,0,0,0,0,0,0,0,0,0,0,0,0,108.2,40.8,67.4,3.5,7.1,5,1.2,4.5,6.2,0.5,4.7,2.4,5.7,3.3,1.1,4.8,14.3,29.4,3.9,2.5,8.1,0,2.3,8.3,15.3
3,10,246085,훈제오리*단호박찜_HS,0611630300a,호박: 단호박: 생것,100,57,13.63,0.65,0.65,0,1.19,1.19,0,5,1.5,3.5,4.74,0,1.66,3.08,0,0,0,83.6,0.93,305.833,611.667,0,3670,0,0,0,3.94,3.053,2.87,0.19,0.88,0,0,0,0,0,0,0,0,12.13,0.03,0.136,0.5,1.105,0,0.5,0,19,19,0,0,0.721,0,0.02,12,12,0,37,0,0,419,17,0.36,0.36,0,0.59,53,0,0.049,0,0.91,0,4.47,0,0.638,0.121,0.239,0.278,0.259,0.081,0.197,0,0,0,0,0,0,0,0,0,0,0.099,0,0,0,0.022,0.235,0.003,0.178,0.081,0.019,0,0,0,0,0,0,0,0,0,0,0,0,0,0,0,0,0,0,0,0,0,0,0,1072,497,575,44,68,64,34,50,36,36,60,29,76,36,42,63,138,167,47,39,42,1,76,122,172
3,10,246085,훈제오리*단호박찜_HS,1610040001b,고추가루,6,19.14,3.6372,0.504,0.504,0,0.7974,0.7974,0,2.262,0.378,1.884,1.047,0,0.3864,0.6606,0,0,0,0.75,0.3114,36.81498,73.63,0,441.78,0,0,0,2.1996,1.6545,1.5846,0.0426,0.44939998,0.122999996,0,0,0,0,4.14312,4.1431203,0,0,0.02562,0.12954,0.50598,0.5739,0.05022,0.45576,0,5.7,5.7,0,0,0.01464,4.5132,0.00342,4.74,4.74,0,20.52,0.78,0,152.46,9.3,0.2934,0.2934,0,0.162,41.64,0,0.0879,0.6252,0.2352,0,1.116,0,0.48228,0.08868,0.05514,0.33558,0.33474,0.0216,0.31398,0,0,0,0,0,0.0015,0,0.00534,0,1.80E-04,0.06606,0.00336,7.20E-04,0,0.01116,0.04404,0.0072,0.31314,0.0216,6.00E-04,0,0.0015,4.80E-04,3.00E-04,0,0,0,0,0,6.00E-05,0.00114,0,0,0,0,0,0,0.00102,0,0.00294,1.20E-04,0.0025199999,3.00E-04,637.38,236.7,400.68,21.3,42.36,28.44,7.74,24.6,25.98,4.08,29.28,11.28,41.64,18.78,15,32.34,135.78,101.88,32.76,44.76,19.38,0,22.74,47.46,92.94
3,10,246085,훈제오리*단호박찜_HS,1610050001i,고추장,5,10.85,2.15,0.12,0.12,0,0.295,0.295,0,0.21,0,0,0,0,0,0,0,0,0,1.925,0.41,10.53335,21.0667,0,126.4,0,0,0,0,0,0,0,0,0,0,0,0,0,0.37,0,0,0,0.0105,0.0125,0.135,0,0,0,0.0135,1.08,0,0,0,0.00495,0,0,2.75,2.75,0,7.25,125.5,0,20.3,0,0.095,0.095,0,0.0095,7.5,0,0.04,0,0,0,0,0,0,0,0,0,0,0,0,0,0,0,0,0,0,0,0,0,0,0,0,0,0,0,0,0,0,0,0,0,0,0,0,0,0,0,0,0,0,0,0,0,0,0,0,0,0,0,0,0,0,0,0,0,0,0,0,0,0,0,0,0,0,0,0,0,0,0,0,0,0,0,0,0,0,0,0
3,10,246085,훈제오리*단호박찜_HS,1420140000a,참기름,3,27.51,0.0042,2.9877,2.9877,0,0,0,0,0,0,0,0,0,0,0,0,0,0,0.006,0.0021,0.027509999,0.05499,0,0.33,0,0,0,1.2756,0.17331,0.0522,0,1.2056999,0.0177,0,0,0,0,0.2736,0.2736,0,0,0,0.0021,0,0,0,0,0,0,0,0,0,0,0.1149,4.50E-04,1.29,1.29,0,2.97,0.48,0,1.68,1.05,0.0525,0.0525,0,0.0147,2.52,0,0.00468,0,0,0,0,0,2.8671,0.43941,1.14507,1.27389,1.2646499,0.01602,1.25787,0,0,0,0,0,0,0,0,0,0,0.26079,0.00393,0.0020400002,0,0.15414,1.11006,0.02649,1.24863,0.01602,0.00924,0,0.01734,0.00459,0,0,0,0,0,0,0,0.0027,0,0,0,0,0,0,0.0024,0,0.00873,0,0.00873,0,1.23,0.42000002,0.81000006,0.06,0.21,0,0.03,0,0.03,0,0.09,0,0,0,0.06,0.09,0.03,0.15,0.06,0.36,0.06,0,0.09,0,0.35999998
3,10,246085,훈제오리*단호박찜_HS,0610500100a,마늘: 국내산: 생것,3,3.84,0.7926,0.0048,0.0048,0,0.2235,0.2235,0,0.114,0.048,0.069,0.0069000004,0,0.0069000004,0,0,0,0,1.944,0.0363,0,0,0,0,0,0,0,0.006,0.006,0.006,0,0,0,0,0,0,0,0,0,0,0.2535,0.00435,0.00483,0.01494,0.023850001,0.014039999,9.00E-04,0,2.76,2.76,0,0,0.03252,0.1152,0.0032400002,0.36,0.36,0,4.68,0.09,0,15.93,0.72,0.0234,0.0234,0,0.0198,1.05,0,0.00753,0.0333,0.1038,0,0.3237,0,0.00444,0.00165,5.40E-04,0.00228,0.00228,0,0.00228,0,0,0,0,0,0,0,6.00E-05,0,0,0.00147,0,0,0,6.00E-05,5.10E-04,0,0.00228,0,0,0,0,0,0,0,0,0,0,0,0,3.00E-05,0,0,0,0,0,0,3.00E-05,0,0,0,0,0,158.22,79.649994,78.57,3,5.88,6.21,1.38,5.04,4.17,0.54,5.13,2.79,45.51,3.54,3.24,4.38,22.29,32.01,4.5,3.36,5.25,0,4.62,9.12,14.01
3,10,246085,훈제오리*단호박찜_HS,1610010001i,간장: 왜간장(개량간장),5,2.7,0.2795,0.0095,0.0095,0,0.3705,0.3705,0,0.045,0.035,0.005,0.139,0.035,0.049,0.054500002,0,0,0,3.6,0.743,0,0,0,0,0,0,0,0,0,0,0,0,0,0,0,0,0,0,0,0,0,0.00965,0.0268,0.1563,0.17869999,0.08745,0.068849996,0,1.5,1.4999999,0,0,0.0296,0.131,0,1.25,1.25,0,6.35,273.8,0,21.1,2.35,0.0545,0.0545,0,0.019,0,0,0.0319,0.059,1.5335,0,1.0135,0,3.00E-04,1.50E-04,5.00E-05,5.00E-05,5.00E-05,0,5.00E-05,0,0,0,0,0,0,0,0,0,0,5.00E-05,0,0,0,5.00E-05,5.00E-05,0,5.00E-05,0,0,0,0,0,0,0,0,0,0,0,0,0,0,0,0,0,0,0,0,0,5.00E-05,0,0,5.00E-05,258.7,113,145.7,12.15,21.15,7.6,2.75,11.15,10.15,1.35,11.55,5.45,29.7,4.7,3.1,17,20.95,61.5,23.25,0,15.2,0,5.85,17.2,44.85
3,10,246085,훈제오리*단호박찜_HS,0940120006a,오리고기: 껍질 포함: 생것,120,290.4,0,22.788,0,22.788,19.956,0,19.956,0,0,0,0,0,0,0,0,0,0,77.52,0.864,42,42,42,0,2.364,0,2.364,0.612,0.4776,0.456,0,0.096,0,0.036,0.012,0.012,0,0,0,0,0.276,0.0828,0.012,3.9588,6.8388,0.0156000005,3.9432,0,7.2,7.2,0,3.9,2.2116,4.488,0.0264,19.2,0,19.2,186,84,0,258,19.2,1.872,0,1.872,2.616,200.4,0,0.0192,0,33.348,0,2.088,109.74,21.7824,7.4064,10.0656,4.14,4.05,0.2196,3.9216,0,0,0,0,0,0.0084,0,0.1488,0.0264,0.012,4.9056,0.8724,0.0276,0,2.1072,8.754,0.33240002,3.8544,0.1956,0,0,0.018,0.0756,0.036,0,0.03,0,0,0.0036,0.0096,0.0048,0.006,0,0.012,0,0.0084,0.16080001,0.0036,0,0.17040001,0.058799997,0.043199997,0.0696,18962.4,9129.6,9832.8,781.2,1322.4,1552.8,292.8,680.4,1484.4,172.8,868.8,555.6,1418.4,583.2,159.6,1107.6,1674,3055.2,1171.2,1206,772.8,103.2,452.4,1436.4,2972.4
3,10,246085,훈제오리*단호박찜_HS,0611100100a,양파: 국내산: 생것,30,8.7,2.001,0.012,0.012,0,0.285,0.285,0,0.51,0,0.51,1.722,0.195,0.83699995,0.68999994,0,0,0,27.6,0.099,0.0501,0.0999,0,0.6,0,0,0,0,0,0,0,0,0,0,0,0,0,0,0,0,1.764,0.0105,0.0033,0.0297,0.08580001,0.028499998,0.0012,0,3.3,3.3000002,0,0,0.0318,0.171,0.0033,4.5,4.5,0,8.1,0.9,0,43.5,2.4,0.06,0.06,0,0.045,2.1,0,0.0528,0,0.351,0,0.159,0,0.0114,0.0033,0.0018,0.0063,0.0054,3.00E-04,0.006,0,0,0,0,0,0,0,0,0,0,0.0027,0,0,0,3.00E-04,0.0018,0,0.0051,3.00E-04,6.00E-04,0,0,0,0,0,0,0,0,0,0,0,0,0,0,0,0,0,6.00E-04,0,0,0,0,0,222,110.399994,111.600006,5.7,11.1,13.5,1.8,9,6.3,3.3,7.2,3.9,48.6,4.5,2.7,5.4,22.5,60.6,6,4.2,5.7,0,4.5,16.8,24
3,10,246085,훈제오리*단호박찜_HS,0611600200a,파프리카: 적색과: 국산,40,10.4,2.568,0.052,0.052,0,0.364,0.364,0,0.64,0.16,0.48,1.0600001,0,0.408,0.652,0,0,0,36.8,0.216,11.2668,22.5332,0,135.2,0,0,0,0.644,0.6124,0.6,0.02,0.024,0,0,0,0,0,3.964,3.964,0,36.7,0.0056,0.0592,0.3708,0.42080003,0.0264,0.3444,0,18,18,0,0,0,0,0.0032000002,2.4,2.4,0,10.8,0,0,93.6,4,0.148,0.148,0,0.104,21.2,0,0.042,0,0.224,0,1.984,0,0.1088,0.0148,0.0028,0.0912,0.0324,0.0116,0.0792,0,0,0,0,0,4.00E-04,0,0.0016,0,0,0.0088,4.00E-04,0,0,0.0032,0.0016,8.00E-04,0.0208,0.0116,0.058,0,4.00E-04,0,4.00E-04,0,0,0,0,0,0,4.00E-04,0,0,0,0,0,0,0,0,0,0,0,0,294,92.4,201.6,8,13.6,12,2.4,11.2,14.4,3.2,10.4,6,11.2,5.6,5.2,15.2,81.6,52.8,8.8,6.8,25.6,0,7.6,20,32
3,10,246085,훈제오리*단호박찜_HS,0610170500a,고추: 청양고추: 생것,2,0.62,0.1402,0.006,0.006,0,0.0306,0.0306,0,0.094,0.016,0.078,0.0068,0,0.0068,0,0,0,0,1.81,0.0132,0.76,1.52,0,9.12,0,0,0,0.0056,0.00392,0.0032,0.0011999999,0.0011999999,0,0,0,0,0,1.03018,1.03018,0,1.027,8.40E-04,0.0011,0.0106,0.0135,7.60E-04,0.00984,0,0.68,0.68,0,0,0,0,4.40E-04,0.2,0.2,0,0.74,0.02,0,5.8,0.38,0.0102,0.0102,0,0.0056,1.22,0,0.00248,0.0152,0.0164,0,0.0216,0,0.00602,0.00116,3.40E-04,0.00452,0.0042,3.60E-04,0.00416,0,0,0,0,0,0,0,2.00E-05,0,0,9.00E-04,0,0,0,1.80E-04,2.80E-04,8.00E-05,0.00384,3.60E-04,3.20E-04,0,0,0,0,0,0,0,0,0,0,4.00E-05,0,0,0,0,0,0,4.00E-05,0,0,0,0,0,22.82,8.58,14.24,0.78,1.46,1.42,0.3,0.86,1,0.18,0.96,0.46,1.16,0.66,0.44,1.02,3.82,5.16,1.12,0.88,1.14,0,0.74,1.7,3.2
3,10,246085,훈제오리*단호박찜_HS,1610140001i,미림: 알코올 14%,12,17.52,4.26,0.036,0.036,0,0.036,0.036,0,0,0,0,0,0,0,0,0,0,0,7.656,0.012,0,0,0,0,0,0,0,0,0,0,0,0,0,0,0,0,0,0,0,0,0.96,0.0228,0.006,0.12,0,0,0,0,0,0,0,0,0,0,0,0.12,0.12,0,1.56,3.84,0,1.56,0.24,0.036,0.036,0,0,0,0,0,0,0,0,0,0,0.01968,0.00852,0.003,0.00816,2.40E-04,0.0078,3.60E-04,0,0,0,0,0,0,0,8.40E-04,0,0,0.00564,0,0,0,0.00204,0.003,0,2.40E-04,0,1.20E-04,0,0,0,0,0,0,0,0,0.00108,0,0,0,0,0,0,0.00672,0,0,0,0,0,0,0,0,0,0,0,0,0,0,0,0,0,0,0,0,0,0,0,0,0,0,0,0,0,0,0,0
